panel	variant	file	provider	seed	width	height	bytes	created	status	note	stage
001-01	v01	assets/art/panels/001-01/v01-flux2-klein-4b-1001.webp	flux2-klein-4b	1001	1200	800	309538	2026-09-03T16:21:46+00:00	candidate		refined
001-01	v02	assets/art/panels/001-01/v02-flux2-klein-4b-2001.webp	flux2-klein-4b	2001	1200	800	327556	2026-09-03T16:23:12+00:00	candidate		refined
001-01	v03	assets/art/panels/001-01/v03-flux2-klein-4b-4001.webp	flux2-klein-4b	4001	1200	800	325552	2026-09-03T18:57:45+00:00	candidate		refined
001-01	v04	assets/art/panels/001-01/v04-flux2-klein-4b-4001.webp	flux2-klein-4b	4001	1200	800	283090	2026-09-03T20:52:26+00:00	candidate		refined
001-01	v05	assets/art/panels/001-01/v05-storyboard-svg.svg	storyboard-svg		1200	800	17233	2026-09-07T14:11:22+00:00	candidate		storyboard
001-01	v06	assets/art/panels/001-01/v06-storyboard-svg.svg	storyboard-svg		1200	800	12593	2026-09-07T14:13:12+00:00	candidate		storyboard
001-01	v07	assets/art/panels/001-01/v07-builtin-image-pilot.png	builtin-image-pilot		1536	1024	2339396	2026-09-07T18:22:42+00:00	candidate	Pilot: readable aisle and exact handle; task label remains below blocks, not final header design.	refined
001-01	v08	assets/art/panels/001-01/v08-storyboard-svg.svg	storyboard-svg		1200	800	12836	2026-09-07T18:25:46+00:00	candidate		storyboard
001-01	v09	assets/art/panels/001-01/v09-builtin-image-pilot.png	builtin-image-pilot		1536	1024	2371777	2026-09-07T19:00:46+00:00	chosen	Opening follow-up: exact handle moved above task blocks; aisle and caption clearance retained; provisional.	refined
001-01	v10	assets/art/panels/001-01/v10-storyboard-svg.svg	storyboard-svg		1200	800	13358	2026-09-12T21:18:26+00:00	candidate		storyboard
001-01	v11	assets/art/panels/001-01/v11-storyboard-svg.svg	storyboard-svg		1200	800	14021	2026-09-12T22:35:06+00:00	candidate		storyboard
001-01	v12	assets/art/panels/001-01/v12-storyboard-svg.svg	storyboard-svg		1200	800	23053	2026-09-12T23:00:59+00:00	candidate		storyboard
001-01	v13	assets/art/panels/001-01/v13-storyboard-svg.svg	storyboard-svg		1200	800	23093	2026-09-12T23:55:10+00:00	candidate		storyboard
001-01	v14	assets/art/panels/001-01/v14-storyboard-svg.svg	storyboard-svg		1200	800	23250	2026-09-13T01:34:47+00:00	candidate		storyboard
001-02	v01	assets/art/panels/001-02/v01-flux2-klein-4b-4001.webp	flux2-klein-4b	4001	1200	800	361226	2026-09-04T22:43:04+00:00	candidate		refined
001-02	v02	assets/art/panels/001-02/v02-flux2-klein-4b-4001.webp	flux2-klein-4b	4001	1200	800	383228	2026-09-04T22:43:04+00:00	chosen		refined
001-02	v03	assets/art/panels/001-02/v03-flux2-klein-4b-4001.webp	flux2-klein-4b	4001	1200	800	335678	2026-09-04T22:43:04+00:00	candidate		refined
001-02	v04	assets/art/panels/001-02/v04-storyboard-svg.svg	storyboard-svg		1200	800	13571	2026-09-07T14:11:22+00:00	candidate		storyboard
001-02	v05	assets/art/panels/001-02/v05-storyboard-svg.svg	storyboard-svg		1200	800	5798	2026-09-07T14:13:12+00:00	candidate		storyboard
001-02	v06	assets/art/panels/001-02/v06-storyboard-svg.svg	storyboard-svg		1200	800	6954	2026-09-12T21:18:26+00:00	candidate		storyboard
001-02	v07	assets/art/panels/001-02/v07-storyboard-svg.svg	storyboard-svg		1200	800	12713	2026-09-12T23:00:59+00:00	candidate		storyboard
001-02	v08	assets/art/panels/001-02/v08-storyboard-svg.svg	storyboard-svg		1200	800	13326	2026-09-12T23:30:35+00:00	candidate		storyboard
001-02	v09	assets/art/panels/001-02/v09-storyboard-svg.svg	storyboard-svg		1200	800	13366	2026-09-12T23:55:10+00:00	candidate		storyboard
001-02	v10	assets/art/panels/001-02/v10-storyboard-svg.svg	storyboard-svg		1200	800	14365	2026-09-13T00:10:05+00:00	candidate		storyboard
001-02	v11	assets/art/panels/001-02/v11-storyboard-svg.svg	storyboard-svg		1200	800	17488	2026-09-13T00:25:40+00:00	candidate		storyboard
001-02	v12	assets/art/panels/001-02/v12-storyboard-svg.svg	storyboard-svg		1200	800	18039	2026-09-13T01:34:47+00:00	candidate		storyboard
001-03	v01	assets/art/panels/001-03/v01-flux2-klein-4b-4001.webp	flux2-klein-4b	4001	1200	800	366452	2026-09-04T22:43:04+00:00	candidate		refined
001-03	v02	assets/art/panels/001-03/v02-flux2-klein-4b-4001.webp	flux2-klein-4b	4001	1200	800	363772	2026-09-04T22:43:04+00:00	candidate		refined
001-03	v03	assets/art/panels/001-03/v03-flux2-klein-4b-4001.webp	flux2-klein-4b	4001	1200	800	337564	2026-09-04T22:43:04+00:00	chosen		refined
001-03	v04	assets/art/panels/001-03/v04-storyboard-svg.svg	storyboard-svg		1200	800	14251	2026-09-07T14:11:22+00:00	candidate		storyboard
001-03	v05	assets/art/panels/001-03/v05-storyboard-svg.svg	storyboard-svg		1200	800	6764	2026-09-07T14:13:12+00:00	candidate		storyboard
001-03	v06	assets/art/panels/001-03/v06-storyboard-svg.svg	storyboard-svg		1200	800	7942	2026-09-12T21:18:26+00:00	candidate		storyboard
001-03	v07	assets/art/panels/001-03/v07-storyboard-svg.svg	storyboard-svg		1200	800	14420	2026-09-12T23:00:59+00:00	candidate		storyboard
001-03	v08	assets/art/panels/001-03/v08-storyboard-svg.svg	storyboard-svg		1200	800	15033	2026-09-12T23:30:35+00:00	candidate		storyboard
001-03	v09	assets/art/panels/001-03/v09-storyboard-svg.svg	storyboard-svg		1200	800	15073	2026-09-12T23:55:10+00:00	candidate		storyboard
001-03	v10	assets/art/panels/001-03/v10-storyboard-svg.svg	storyboard-svg		1200	800	16072	2026-09-13T00:10:05+00:00	candidate		storyboard
001-03	v11	assets/art/panels/001-03/v11-storyboard-svg.svg	storyboard-svg		1200	800	19195	2026-09-13T00:25:40+00:00	candidate		storyboard
001-03	v12	assets/art/panels/001-03/v12-storyboard-svg.svg	storyboard-svg		1200	800	19746	2026-09-13T01:34:47+00:00	candidate		storyboard
001-04	v01	assets/art/panels/001-04/v01-flux2-klein-4b-4001.webp	flux2-klein-4b	4001	1200	800	351448	2026-09-04T22:43:04+00:00	candidate		refined
001-04	v02	assets/art/panels/001-04/v02-flux2-klein-4b-4001.webp	flux2-klein-4b	4001	1200	800	402524	2026-09-04T22:43:04+00:00	candidate		refined
001-04	v03	assets/art/panels/001-04/v03-storyboard-svg.svg	storyboard-svg		1200	800	14215	2026-09-07T14:11:22+00:00	candidate		storyboard
001-04	v04	assets/art/panels/001-04/v04-storyboard-svg.svg	storyboard-svg		1200	800	6275	2026-09-07T14:13:12+00:00	chosen		storyboard
001-04	v05	assets/art/panels/001-04/v05-storyboard-svg.svg	storyboard-svg		1200	800	6860	2026-09-12T21:18:26+00:00	candidate		storyboard
001-04	v06	assets/art/panels/001-04/v06-storyboard-svg.svg	storyboard-svg		1200	800	11225	2026-09-12T23:00:59+00:00	candidate		storyboard
001-04	v07	assets/art/panels/001-04/v07-storyboard-svg.svg	storyboard-svg		1200	800	11265	2026-09-12T23:55:10+00:00	candidate		storyboard
001-04	v08	assets/art/panels/001-04/v08-storyboard-svg.svg	storyboard-svg		1200	800	12264	2026-09-13T00:10:05+00:00	candidate		storyboard
001-04	v09	assets/art/panels/001-04/v09-storyboard-svg.svg	storyboard-svg		1200	800	15387	2026-09-13T00:25:40+00:00	candidate		storyboard
001-04	v10	assets/art/panels/001-04/v10-storyboard-svg.svg	storyboard-svg		1200	800	15808	2026-09-13T01:34:47+00:00	candidate		storyboard
001-05	v01	assets/art/panels/001-05/v01-flux2-klein-4b-1001.webp	flux2-klein-4b	1001	1200	800	104390	2026-09-05T16:16:10+00:00	candidate		refined
001-05	v02	assets/art/panels/001-05/v02-flux2-klein-4b-1001.webp	flux2-klein-4b	1001	1200	800	82880	2026-09-05T20:39:49+00:00	candidate	drawn 5 Sep 2026 with the reverted conditional-register clause, not the committed one	refined
001-05	v03	assets/art/panels/001-05/v03-storyboard-svg.svg	storyboard-svg		1200	800	11672	2026-09-07T14:11:22+00:00	candidate		storyboard
001-05	v04	assets/art/panels/001-05/v04-storyboard-svg.svg	storyboard-svg		1200	800	3716	2026-09-07T14:13:12+00:00	chosen		storyboard
001-05	v05	assets/art/panels/001-05/v05-storyboard-svg.svg	storyboard-svg		1200	800	4082	2026-09-12T21:18:26+00:00	candidate		storyboard
001-05	v06	assets/art/panels/001-05/v06-storyboard-svg.svg	storyboard-svg		1200	800	8280	2026-09-12T23:00:59+00:00	candidate		storyboard
001-05	v07	assets/art/panels/001-05/v07-storyboard-svg.svg	storyboard-svg		1200	800	8893	2026-09-12T23:30:35+00:00	candidate		storyboard
001-05	v08	assets/art/panels/001-05/v08-storyboard-svg.svg	storyboard-svg		1200	800	8933	2026-09-12T23:55:10+00:00	candidate		storyboard
001-05	v09	assets/art/panels/001-05/v09-storyboard-svg.svg	storyboard-svg		1200	800	9932	2026-09-13T00:10:05+00:00	candidate		storyboard
001-05	v10	assets/art/panels/001-05/v10-storyboard-svg.svg	storyboard-svg		1200	800	13055	2026-09-13T00:25:40+00:00	candidate		storyboard
001-05	v11	assets/art/panels/001-05/v11-storyboard-svg.svg	storyboard-svg		1200	800	13380	2026-09-13T01:34:47+00:00	candidate		storyboard
002-01	v01	assets/art/panels/002-01/v01-flux2-klein-4b-1001.webp	flux2-klein-4b	1001	1200	800	198202	2026-09-05T16:17:15+00:00	candidate		refined
002-01	v02	assets/art/panels/002-01/v02-storyboard-svg.svg	storyboard-svg		1200	800	3832	2026-09-07T16:49:06+00:00	chosen		storyboard
002-01	v03	assets/art/panels/002-01/v03-storyboard-svg.svg	storyboard-svg		1200	800	3969	2026-09-07T16:54:58+00:00	candidate		storyboard
002-01	v04	assets/art/panels/002-01/v04-panel-fit.svg	panel-fit		1200	800	264986	2026-09-09T02:11:18+00:00	candidate	Textured off-white outer border removed; visually reviewed; original model bytes retained. 8px allowance clears irregular edges; centered 3:2 framing.	refined
002-01	v05	assets/art/panels/002-01/v05-storyboard-svg.svg	storyboard-svg		1200	800	4357	2026-09-12T21:18:26+00:00	candidate		storyboard
002-01	v06	assets/art/panels/002-01/v06-storyboard-svg.svg	storyboard-svg		1200	800	8555	2026-09-12T23:00:59+00:00	candidate		storyboard
002-01	v07	assets/art/panels/002-01/v07-storyboard-svg.svg	storyboard-svg		1200	800	9168	2026-09-12T23:30:35+00:00	candidate		storyboard
002-01	v08	assets/art/panels/002-01/v08-storyboard-svg.svg	storyboard-svg		1200	800	9208	2026-09-12T23:55:10+00:00	candidate		storyboard
002-01	v09	assets/art/panels/002-01/v09-storyboard-svg.svg	storyboard-svg		1200	800	10207	2026-09-13T00:10:05+00:00	candidate		storyboard
002-01	v10	assets/art/panels/002-01/v10-storyboard-svg.svg	storyboard-svg		1200	800	13330	2026-09-13T00:25:40+00:00	candidate		storyboard
002-01	v11	assets/art/panels/002-01/v11-storyboard-svg.svg	storyboard-svg		1200	800	13538	2026-09-13T01:34:47+00:00	candidate		storyboard
002-02	v01	assets/art/panels/002-02/v01-flux2-klein-4b-1001.webp	flux2-klein-4b	1001	1200	800	178442	2026-09-05T16:18:19+00:00	candidate	Preserve existing selection during pilot candidate review.	refined
002-02	v02	assets/art/panels/002-02/v02-storyboard-svg.svg	storyboard-svg		1200	800	3351	2026-09-07T16:49:06+00:00	chosen		storyboard
002-02	v03	assets/art/panels/002-02/v03-storyboard-svg.svg	storyboard-svg		1200	800	3646	2026-09-07T16:54:58+00:00	candidate		storyboard
002-02	v04	assets/art/panels/002-02/v04-builtin-image-pilot.png	builtin-image-pilot		1536	1024	2650682	2026-09-07T19:00:46+00:00	candidate	Opening follow-up: crossed required method and empty success field; exact handle; provisional.	refined
002-02	v05	assets/art/panels/002-02/v05-storyboard-svg.svg	storyboard-svg		1200	800	6078	2026-09-12T21:18:26+00:00	candidate		storyboard
002-02	v06	assets/art/panels/002-02/v06-storyboard-svg.svg	storyboard-svg		1200	800	8245	2026-09-12T23:00:59+00:00	candidate		storyboard
002-02	v07	assets/art/panels/002-02/v07-storyboard-svg.svg	storyboard-svg		1200	800	8285	2026-09-12T23:55:10+00:00	candidate		storyboard
002-02	v08	assets/art/panels/002-02/v08-storyboard-svg.svg	storyboard-svg		1200	800	9284	2026-09-13T00:10:05+00:00	candidate		storyboard
002-02	v09	assets/art/panels/002-02/v09-storyboard-svg.svg	storyboard-svg		1200	800	12407	2026-09-13T00:25:40+00:00	candidate		storyboard
002-02	v10	assets/art/panels/002-02/v10-storyboard-svg.svg	storyboard-svg		1200	800	12978	2026-09-13T01:34:47+00:00	candidate		storyboard
002-03	v01	assets/art/panels/002-03/v01-flux2-klein-4b-1001.webp	flux2-klein-4b	1001	1200	800	80916	2026-09-05T16:19:23+00:00	candidate		refined
002-03	v02	assets/art/panels/002-03/v02-storyboard-svg.svg	storyboard-svg		1200	800	6365	2026-09-07T16:49:06+00:00	chosen		storyboard
002-03	v03	assets/art/panels/002-03/v03-storyboard-svg.svg	storyboard-svg		1200	800	6762	2026-09-07T16:54:59+00:00	candidate		storyboard
002-03	v04	assets/art/panels/002-03/v04-panel-fit.svg	panel-fit		1200	800	108602	2026-09-09T02:11:18+00:00	candidate	Textured off-white outer border removed; visually reviewed; original model bytes retained. 8px allowance clears irregular edges; centered 3:2 framing.	refined
002-03	v05	assets/art/panels/002-03/v05-storyboard-svg.svg	storyboard-svg		1200	800	7924	2026-09-12T21:18:26+00:00	candidate		storyboard
002-03	v06	assets/art/panels/002-03/v06-storyboard-svg.svg	storyboard-svg		1200	800	13138	2026-09-12T23:00:59+00:00	candidate		storyboard
002-03	v07	assets/art/panels/002-03/v07-storyboard-svg.svg	storyboard-svg		1200	800	13178	2026-09-12T23:55:10+00:00	candidate		storyboard
002-03	v08	assets/art/panels/002-03/v08-storyboard-svg.svg	storyboard-svg		1200	800	14177	2026-09-13T00:10:05+00:00	candidate		storyboard
002-03	v09	assets/art/panels/002-03/v09-storyboard-svg.svg	storyboard-svg		1200	800	17300	2026-09-13T00:25:40+00:00	candidate		storyboard
002-03	v10	assets/art/panels/002-03/v10-storyboard-svg.svg	storyboard-svg		1200	800	18054	2026-09-13T01:34:47+00:00	candidate		storyboard
002-04	v01	assets/art/panels/002-04/v01-flux2-klein-4b-1001.webp	flux2-klein-4b	1001	1200	800	155816	2026-09-05T16:20:28+00:00	candidate		refined
002-04	v02	assets/art/panels/002-04/v02-storyboard-svg.svg	storyboard-svg		1200	800	2875	2026-09-07T16:49:06+00:00	chosen		storyboard
002-04	v03	assets/art/panels/002-04/v03-storyboard-svg.svg	storyboard-svg		1200	800	2989	2026-09-07T16:54:59+00:00	candidate		storyboard
002-04	v04	assets/art/panels/002-04/v04-panel-fit.svg	panel-fit		1200	800	208447	2026-09-09T02:11:19+00:00	candidate	Textured off-white outer border removed; visually reviewed; original model bytes retained. Top-left crop preserves edge labels.	refined
002-04	v05	assets/art/panels/002-04/v05-storyboard-svg.svg	storyboard-svg		1200	800	3962	2026-09-12T21:18:26+00:00	candidate		storyboard
002-04	v06	assets/art/panels/002-04/v06-storyboard-svg.svg	storyboard-svg		1200	800	5475	2026-09-12T23:00:59+00:00	candidate		storyboard
002-04	v07	assets/art/panels/002-04/v07-storyboard-svg.svg	storyboard-svg		1200	800	5515	2026-09-12T23:55:10+00:00	candidate		storyboard
002-04	v08	assets/art/panels/002-04/v08-storyboard-svg.svg	storyboard-svg		1200	800	5723	2026-09-13T01:34:47+00:00	candidate		storyboard
002-05	v01	assets/art/panels/002-05/v01-flux2-klein-4b-1001.webp	flux2-klein-4b	1001	1200	800	63750	2026-09-05T16:21:32+00:00	candidate		refined
002-05	v02	assets/art/panels/002-05/v02-storyboard-svg.svg	storyboard-svg		1200	800	1725	2026-09-07T16:49:06+00:00	chosen		storyboard
002-05	v03	assets/art/panels/002-05/v03-storyboard-svg.svg	storyboard-svg		1200	800	2050	2026-09-12T21:18:26+00:00	candidate		storyboard
002-05	v04	assets/art/panels/002-05/v04-storyboard-svg.svg	storyboard-svg		1200	800	2090	2026-09-12T23:55:10+00:00	candidate		storyboard
002-05	v05	assets/art/panels/002-05/v05-storyboard-svg.svg	storyboard-svg		1200	800	2115	2026-09-13T01:34:47+00:00	candidate		storyboard
003-01	v01	assets/art/panels/003-01/v01-flux2-klein-4b-1001.webp	flux2-klein-4b	1001	1200	800	208632	2026-09-05T16:22:37+00:00	candidate		refined
003-01	v02	assets/art/panels/003-01/v02-flux2-klein-4b-1001.webp	flux2-klein-4b	1001	832	1216	241596	2026-09-05T19:11:45+00:00	candidate		refined
003-01	v03	assets/art/panels/003-01/v03-flux2-klein-4b-20step-1001.webp	flux2-klein-4b-20step	1001	1200	800	228858	2026-09-05T19:18:41+00:00	candidate		refined
003-01	v04	assets/art/panels/003-01/v04-flux2-klein-4b-1001.webp	flux2-klein-4b	1001	1200	800	165262	2026-09-05T19:50:51+00:00	candidate	drawn 5 Sep 2026 with the reverted panel-first prompt arrangement, not the committed composer	refined
003-01	v05	assets/art/panels/003-01/v05-flux2-klein-4b-1001.webp	flux2-klein-4b	1001	1200	800	219958	2026-09-05T20:40:53+00:00	candidate	drawn 5 Sep 2026 with the reverted conditional-register clause, not the committed one	refined
003-01	v06	assets/art/panels/003-01/v06-storyboard-svg.svg	storyboard-svg		1200	800	4316	2026-09-07T16:49:06+00:00	candidate		storyboard
003-01	v07	assets/art/panels/003-01/v07-storyboard-svg.svg	storyboard-svg		1200	800	4562	2026-09-07T16:54:59+00:00	chosen		storyboard
003-01	v08	assets/art/panels/003-01/v08-panel-fit.svg	panel-fit		1200	800	293994	2026-09-09T02:11:19+00:00	candidate	Textured off-white outer border removed; visually reviewed; original model bytes retained. 8px allowance clears irregular edges; centered 3:2 framing.	refined
003-01	v09	assets/art/panels/003-01/v09-storyboard-svg.svg	storyboard-svg		1200	800	5057	2026-09-12T21:18:26+00:00	candidate		storyboard
003-01	v10	assets/art/panels/003-01/v10-storyboard-svg.svg	storyboard-svg		1200	800	5757	2026-09-12T22:35:06+00:00	candidate		storyboard
003-01	v11	assets/art/panels/003-01/v11-storyboard-svg.svg	storyboard-svg		1200	800	10103	2026-09-12T23:00:59+00:00	candidate		storyboard
003-01	v12	assets/art/panels/003-01/v12-storyboard-svg.svg	storyboard-svg		1200	800	9840	2026-09-12T23:15:35+00:00	candidate		storyboard
003-01	v13	assets/art/panels/003-01/v13-storyboard-svg.svg	storyboard-svg		1200	800	10486	2026-09-12T23:30:35+00:00	candidate		storyboard
003-01	v14	assets/art/panels/003-01/v14-storyboard-svg.svg	storyboard-svg		1200	800	10553	2026-09-12T23:55:10+00:00	candidate		storyboard
003-01	v15	assets/art/panels/003-01/v15-storyboard-svg.svg	storyboard-svg		1200	800	10944	2026-09-13T01:34:47+00:00	candidate		storyboard
003-02	v01	assets/art/panels/003-02/v01-flux2-klein-4b-1001.webp	flux2-klein-4b	1001	1200	800	191358	2026-09-05T16:23:42+00:00	candidate		refined
003-02	v02	assets/art/panels/003-02/v02-storyboard-svg.svg	storyboard-svg		1200	800	4163	2026-09-07T16:49:06+00:00	candidate		storyboard
003-02	v03	assets/art/panels/003-02/v03-storyboard-svg.svg	storyboard-svg		1200	800	4409	2026-09-07T16:54:59+00:00	candidate		storyboard
003-02	v04	assets/art/panels/003-02/v04-builtin-image-pilot.png	builtin-image-pilot		1536	1024	2318530	2026-09-07T23:00:14+00:00	chosen	Shared-service pair: readable evaluation-to-package map; provisional.	refined
003-02	v05	assets/art/panels/003-02/v05-storyboard-svg.svg	storyboard-svg		1200	800	4882	2026-09-12T21:18:26+00:00	candidate		storyboard
003-02	v06	assets/art/panels/003-02/v06-storyboard-svg.svg	storyboard-svg		1200	800	6400	2026-09-12T22:35:06+00:00	candidate		storyboard
003-02	v07	assets/art/panels/003-02/v07-storyboard-svg.svg	storyboard-svg		1200	800	9082	2026-09-12T23:00:59+00:00	candidate		storyboard
003-02	v08	assets/art/panels/003-02/v08-storyboard-svg.svg	storyboard-svg		1200	800	9150	2026-09-12T23:55:10+00:00	candidate		storyboard
003-02	v09	assets/art/panels/003-02/v09-storyboard-svg.svg	storyboard-svg		1200	800	9595	2026-09-13T01:34:47+00:00	candidate		storyboard
003-03	v01	assets/art/panels/003-03/v01-flux2-klein-4b-1001.webp	flux2-klein-4b	1001	1200	800	216314	2026-09-05T16:24:46+00:00	candidate		refined
003-03	v02	assets/art/panels/003-03/v02-storyboard-svg.svg	storyboard-svg		1200	800	4368	2026-09-07T16:49:06+00:00	candidate		storyboard
003-03	v03	assets/art/panels/003-03/v03-storyboard-svg.svg	storyboard-svg		1200	800	4756	2026-09-07T16:54:59+00:00	candidate		storyboard
003-03	v04	assets/art/panels/003-03/v04-builtin-image-pilot.png	builtin-image-pilot		1536	1024	2475332	2026-09-07T23:05:03+00:00	rejected	Directory pilot: checkmarks imply success; superseded by corrected listing.	refined
003-03	v05	assets/art/panels/003-03/v05-builtin-image-pilot.png	builtin-image-pilot		1536	1024	2505760	2026-09-07T23:05:04+00:00	chosen	Directory pair: anonymous reverse-sorted activity, abstract paths and timestamps; provisional.	refined
003-03	v06	assets/art/panels/003-03/v06-storyboard-svg.svg	storyboard-svg		1200	800	5422	2026-09-12T21:18:26+00:00	candidate		storyboard
003-03	v07	assets/art/panels/003-03/v07-storyboard-svg.svg	storyboard-svg		1200	800	8375	2026-09-12T23:00:59+00:00	candidate		storyboard
003-03	v08	assets/art/panels/003-03/v08-storyboard-svg.svg	storyboard-svg		1200	800	8412	2026-09-12T23:55:10+00:00	candidate		storyboard
003-03	v09	assets/art/panels/003-03/v09-storyboard-svg.svg	storyboard-svg		1200	800	9463	2026-09-13T00:10:05+00:00	candidate		storyboard
003-03	v10	assets/art/panels/003-03/v10-storyboard-svg.svg	storyboard-svg		1200	800	12793	2026-09-13T00:25:40+00:00	candidate		storyboard
003-03	v11	assets/art/panels/003-03/v11-storyboard-svg.svg	storyboard-svg		1200	800	13367	2026-09-13T01:34:47+00:00	candidate		storyboard
003-04	v01	assets/art/panels/003-04/v01-flux2-klein-4b-1001.webp	flux2-klein-4b	1001	1200	800	193488	2026-09-05T16:25:51+00:00	candidate		refined
003-04	v02	assets/art/panels/003-04/v02-storyboard-svg.svg	storyboard-svg		1200	800	4655	2026-09-07T16:49:06+00:00	candidate		storyboard
003-04	v03	assets/art/panels/003-04/v03-storyboard-svg.svg	storyboard-svg		1200	800	5043	2026-09-07T16:54:59+00:00	candidate		storyboard
003-04	v04	assets/art/panels/003-04/v04-builtin-image-pilot.png	builtin-image-pilot		1536	1024	2374388	2026-09-07T23:05:06+00:00	chosen	Directory pair: new test entry above unchanged row order, moss limited to new row; provisional.	refined
003-04	v05	assets/art/panels/003-04/v05-storyboard-svg.svg	storyboard-svg		1200	800	5441	2026-09-12T21:18:26+00:00	candidate		storyboard
003-04	v06	assets/art/panels/003-04/v06-storyboard-svg.svg	storyboard-svg		1200	800	8394	2026-09-12T23:00:59+00:00	candidate		storyboard
003-04	v07	assets/art/panels/003-04/v07-storyboard-svg.svg	storyboard-svg		1200	800	8431	2026-09-12T23:55:10+00:00	candidate		storyboard
003-04	v08	assets/art/panels/003-04/v08-storyboard-svg.svg	storyboard-svg		1200	800	9482	2026-09-13T00:10:05+00:00	candidate		storyboard
003-04	v09	assets/art/panels/003-04/v09-storyboard-svg.svg	storyboard-svg		1200	800	12812	2026-09-13T00:25:40+00:00	candidate		storyboard
003-04	v10	assets/art/panels/003-04/v10-storyboard-svg.svg	storyboard-svg		1200	800	13386	2026-09-13T01:34:47+00:00	candidate		storyboard
003-05	v01	assets/art/panels/003-05/v01-flux2-klein-4b-1001.webp	flux2-klein-4b	1001	1200	800	107656	2026-09-05T16:26:55+00:00	candidate		refined
003-05	v02	assets/art/panels/003-05/v02-storyboard-svg.svg	storyboard-svg		1200	800	2714	2026-09-07T16:49:06+00:00	chosen	Pilot control: retain deterministic geometry and exact controlled long-text lettering.	storyboard
003-05	v03	assets/art/panels/003-05/v03-panel-fit.svg	panel-fit		1200	800	144258	2026-09-09T02:11:20+00:00	candidate	Textured off-white outer border removed; visually reviewed; original model bytes retained. 8px allowance clears irregular edges; centered 3:2 framing.	refined
003-05	v04	assets/art/panels/003-05/v04-storyboard-svg.svg	storyboard-svg		1200	800	3088	2026-09-12T21:18:26+00:00	candidate		storyboard
003-05	v05	assets/art/panels/003-05/v05-storyboard-svg.svg	storyboard-svg		1200	800	4897	2026-09-12T23:00:59+00:00	candidate		storyboard
003-05	v06	assets/art/panels/003-05/v06-storyboard-svg.svg	storyboard-svg		1200	800	4934	2026-09-12T23:55:10+00:00	candidate		storyboard
003-05	v07	assets/art/panels/003-05/v07-storyboard-svg.svg	storyboard-svg		1200	800	5985	2026-09-13T00:10:05+00:00	candidate		storyboard
003-05	v08	assets/art/panels/003-05/v08-storyboard-svg.svg	storyboard-svg		1200	800	9315	2026-09-13T00:25:40+00:00	candidate		storyboard
003-05	v09	assets/art/panels/003-05/v09-storyboard-svg.svg	storyboard-svg		1200	800	9340	2026-09-13T01:34:47+00:00	candidate		storyboard
003-05	v10	assets/art/panels/003-05/v10-storyboard-svg.svg	storyboard-svg		1200	800	9344	2026-09-13T01:42:12+00:00	candidate		storyboard
004-01	v01	assets/art/panels/004-01/v01-flux2-klein-4b-1001.webp	flux2-klein-4b	1001	1200	800	189254	2026-09-05T16:28:00+00:00	candidate		refined
004-01	v02	assets/art/panels/004-01/v02-storyboard-svg.svg	storyboard-svg		1200	800	3808	2026-09-07T16:49:06+00:00	candidate		storyboard
004-01	v03	assets/art/panels/004-01/v03-storyboard-svg.svg	storyboard-svg		1200	800	3952	2026-09-07T16:54:59+00:00	candidate		storyboard
004-01	v04	assets/art/panels/004-01/v04-panel-fit.svg	panel-fit		1200	800	253054	2026-09-09T02:11:20+00:00	chosen	Textured off-white outer border removed; visually reviewed; original model bytes retained. 8px allowance clears irregular edges; centered 3:2 framing.	refined
004-01	v05	assets/art/panels/004-01/v05-storyboard-svg.svg	storyboard-svg		1200	800	4337	2026-09-12T21:18:26+00:00	candidate		storyboard
004-01	v06	assets/art/panels/004-01/v06-storyboard-svg.svg	storyboard-svg		1200	800	7682	2026-09-12T23:00:59+00:00	candidate		storyboard
004-01	v07	assets/art/panels/004-01/v07-storyboard-svg.svg	storyboard-svg		1200	800	7750	2026-09-12T23:55:10+00:00	candidate		storyboard
004-01	v08	assets/art/panels/004-01/v08-storyboard-svg.svg	storyboard-svg		1200	800	9805	2026-09-13T00:10:05+00:00	candidate		storyboard
004-01	v09	assets/art/panels/004-01/v09-storyboard-svg.svg	storyboard-svg		1200	800	16258	2026-09-13T00:25:40+00:00	candidate		storyboard
004-01	v10	assets/art/panels/004-01/v10-storyboard-svg.svg	storyboard-svg		1200	800	16466	2026-09-13T01:34:47+00:00	candidate		storyboard
004-02	v01	assets/art/panels/004-02/v01-flux2-klein-4b-1001.webp	flux2-klein-4b	1001	1200	800	167624	2026-09-05T18:49:15+00:00	candidate		refined
004-02	v02	assets/art/panels/004-02/v02-flux2-klein-4b-1001.webp	flux2-klein-4b	1001	1200	800	194444	2026-09-05T20:41:56+00:00	candidate	drawn 5 Sep 2026 with the reverted conditional-register clause, not the committed one	refined
004-02	v03	assets/art/panels/004-02/v03-storyboard-svg.svg	storyboard-svg		1200	800	6310	2026-09-07T16:49:06+00:00	candidate		storyboard
004-02	v04	assets/art/panels/004-02/v04-storyboard-svg.svg	storyboard-svg		1200	800	6864	2026-09-07T16:54:59+00:00	candidate		storyboard
004-02	v05	assets/art/panels/004-02/v05-panel-fit.svg	panel-fit		1200	800	259974	2026-09-09T02:11:20+00:00	chosen	Textured off-white outer border removed; visually reviewed; original model bytes retained. 8px allowance clears irregular edges; centered 3:2 framing.	refined
004-02	v06	assets/art/panels/004-02/v06-storyboard-svg.svg	storyboard-svg		1200	800	7491	2026-09-12T21:18:26+00:00	candidate		storyboard
004-02	v07	assets/art/panels/004-02/v07-storyboard-svg.svg	storyboard-svg		1200	800	8309	2026-09-12T22:35:06+00:00	candidate		storyboard
004-02	v08	assets/art/panels/004-02/v08-storyboard-svg.svg	storyboard-svg		1200	800	13918	2026-09-12T23:00:59+00:00	candidate		storyboard
004-02	v09	assets/art/panels/004-02/v09-storyboard-svg.svg	storyboard-svg		1200	800	13986	2026-09-12T23:55:10+00:00	candidate		storyboard
004-02	v10	assets/art/panels/004-02/v10-storyboard-svg.svg	storyboard-svg		1200	800	14743	2026-09-13T01:34:47+00:00	candidate		storyboard
004-03	v01	assets/art/panels/004-03/v01-storyboard-svg.svg	storyboard-svg		1200	800	6682	2026-09-07T16:49:06+00:00	candidate		storyboard
004-03	v02	assets/art/panels/004-03/v02-storyboard-svg.svg	storyboard-svg		1200	800	7236	2026-09-07T16:54:59+00:00	candidate		storyboard
004-03	v03	assets/art/panels/004-03/v03-storyboard-svg.svg	storyboard-svg		1200	800	9724	2026-09-12T21:18:26+00:00	candidate		storyboard
004-03	v04	assets/art/panels/004-03/v04-storyboard-svg.svg	storyboard-svg		1200	800	10542	2026-09-12T22:35:06+00:00	candidate		storyboard
004-03	v05	assets/art/panels/004-03/v05-storyboard-svg.svg	storyboard-svg		1200	800	18609	2026-09-12T23:00:59+00:00	candidate		storyboard
004-03	v06	assets/art/panels/004-03/v06-storyboard-svg.svg	storyboard-svg		1200	800	18677	2026-09-12T23:55:10+00:00	candidate		storyboard
004-03	v07	assets/art/panels/004-03/v07-storyboard-svg.svg	storyboard-svg		1200	800	19497	2026-09-13T01:34:47+00:00	chosen	Semantic font key; reviewed source and lettering geometry.	storyboard
004-04	v01	assets/art/panels/004-04/v01-storyboard-svg.svg	storyboard-svg		1200	800	3630	2026-09-07T16:49:06+00:00	candidate		storyboard
004-04	v02	assets/art/panels/004-04/v02-storyboard-svg.svg	storyboard-svg		1200	800	3876	2026-09-07T16:54:59+00:00	candidate		storyboard
004-04	v03	assets/art/panels/004-04/v03-storyboard-svg.svg	storyboard-svg		1200	800	6630	2026-09-12T21:18:26+00:00	candidate		storyboard
004-04	v04	assets/art/panels/004-04/v04-storyboard-svg.svg	storyboard-svg		1200	800	13552	2026-09-12T23:00:59+00:00	candidate		storyboard
004-04	v05	assets/art/panels/004-04/v05-storyboard-svg.svg	storyboard-svg		1200	800	13620	2026-09-12T23:55:10+00:00	candidate		storyboard
004-04	v06	assets/art/panels/004-04/v06-storyboard-svg.svg	storyboard-svg		1200	800	15675	2026-09-13T00:10:05+00:00	candidate		storyboard
004-04	v07	assets/art/panels/004-04/v07-storyboard-svg.svg	storyboard-svg		1200	800	22128	2026-09-13T00:25:40+00:00	candidate		storyboard
004-04	v08	assets/art/panels/004-04/v08-storyboard-svg.svg	storyboard-svg		1200	800	22702	2026-09-13T01:34:47+00:00	chosen	Semantic font key; reviewed source and lettering geometry.	storyboard
004-05	v01	assets/art/panels/004-05/v01-storyboard-svg.svg	storyboard-svg		1200	800	3639	2026-09-07T16:49:06+00:00	candidate		storyboard
004-05	v02	assets/art/panels/004-05/v02-storyboard-svg.svg	storyboard-svg		1200	800	3782	2026-09-07T16:54:59+00:00	candidate		storyboard
004-05	v03	assets/art/panels/004-05/v03-storyboard-svg.svg	storyboard-svg		1200	800	4166	2026-09-12T21:18:26+00:00	candidate		storyboard
004-05	v04	assets/art/panels/004-05/v04-storyboard-svg.svg	storyboard-svg		1200	800	7511	2026-09-12T23:00:59+00:00	candidate		storyboard
004-05	v05	assets/art/panels/004-05/v05-storyboard-svg.svg	storyboard-svg		1200	800	7579	2026-09-12T23:55:10+00:00	candidate		storyboard
004-05	v06	assets/art/panels/004-05/v06-storyboard-svg.svg	storyboard-svg		1200	800	9634	2026-09-13T00:10:05+00:00	candidate		storyboard
004-05	v07	assets/art/panels/004-05/v07-storyboard-svg.svg	storyboard-svg		1200	800	16087	2026-09-13T00:25:40+00:00	candidate		storyboard
004-05	v08	assets/art/panels/004-05/v08-storyboard-svg.svg	storyboard-svg		1200	800	16270	2026-09-13T01:34:47+00:00	chosen	Semantic font key; reviewed source and lettering geometry.	storyboard
005-01	v01	assets/art/panels/005-01/v01-storyboard-svg.svg	storyboard-svg		1200	800	3630	2026-09-07T16:49:06+00:00	candidate		storyboard
005-01	v02	assets/art/panels/005-01/v02-storyboard-svg.svg	storyboard-svg		1200	800	3862	2026-09-07T16:55:00+00:00	candidate		storyboard
005-01	v03	assets/art/panels/005-01/v03-storyboard-svg.svg	storyboard-svg		1200	800	5070	2026-09-12T21:18:26+00:00	candidate		storyboard
005-01	v04	assets/art/panels/005-01/v04-storyboard-svg.svg	storyboard-svg		1200	800	7500	2026-09-12T23:00:59+00:00	candidate		storyboard
005-01	v05	assets/art/panels/005-01/v05-storyboard-svg.svg	storyboard-svg		1200	800	7537	2026-09-12T23:55:10+00:00	candidate		storyboard
005-01	v06	assets/art/panels/005-01/v06-storyboard-svg.svg	storyboard-svg		1200	800	8588	2026-09-13T00:10:05+00:00	candidate		storyboard
005-01	v07	assets/art/panels/005-01/v07-storyboard-svg.svg	storyboard-svg		1200	800	11918	2026-09-13T00:25:40+00:00	candidate		storyboard
005-01	v08	assets/art/panels/005-01/v08-storyboard-svg.svg	storyboard-svg		1200	800	12307	2026-09-13T01:34:47+00:00	chosen	Semantic font key; reviewed source and lettering geometry.	storyboard
005-02	v01	assets/art/panels/005-02/v01-storyboard-svg.svg	storyboard-svg		1200	800	4706	2026-09-07T16:49:06+00:00	candidate		storyboard
005-02	v02	assets/art/panels/005-02/v02-storyboard-svg.svg	storyboard-svg		1200	800	5078	2026-09-07T16:55:00+00:00	candidate		storyboard
005-02	v03	assets/art/panels/005-02/v03-storyboard-svg.svg	storyboard-svg		1200	800	5540	2026-09-12T21:18:26+00:00	candidate		storyboard
005-02	v04	assets/art/panels/005-02/v04-storyboard-svg.svg	storyboard-svg		1200	800	9427	2026-09-12T23:00:59+00:00	candidate		storyboard
005-02	v05	assets/art/panels/005-02/v05-storyboard-svg.svg	storyboard-svg		1200	800	9495	2026-09-12T23:55:10+00:00	candidate		storyboard
005-02	v06	assets/art/panels/005-02/v06-storyboard-svg.svg	storyboard-svg		1200	800	11550	2026-09-13T00:10:05+00:00	candidate		storyboard
005-02	v07	assets/art/panels/005-02/v07-storyboard-svg.svg	storyboard-svg		1200	800	18003	2026-09-13T00:25:40+00:00	candidate		storyboard
005-02	v08	assets/art/panels/005-02/v08-storyboard-svg.svg	storyboard-svg		1200	800	18575	2026-09-13T01:34:47+00:00	chosen	Semantic font key; reviewed source and lettering geometry.	storyboard
005-03	v01	assets/art/panels/005-03/v01-storyboard-svg.svg	storyboard-svg		1200	800	4955	2026-09-07T16:49:06+00:00	candidate		storyboard
005-03	v02	assets/art/panels/005-03/v02-storyboard-svg.svg	storyboard-svg		1200	800	5370	2026-09-07T16:55:00+00:00	candidate		storyboard
005-03	v03	assets/art/panels/005-03/v03-storyboard-svg.svg	storyboard-svg		1200	800	6442	2026-09-12T21:18:26+00:00	candidate		storyboard
005-03	v04	assets/art/panels/005-03/v04-storyboard-svg.svg	storyboard-svg		1200	800	13466	2026-09-12T23:00:59+00:00	candidate		storyboard
005-03	v05	assets/art/panels/005-03/v05-storyboard-svg.svg	storyboard-svg		1200	800	13534	2026-09-12T23:55:10+00:00	candidate		storyboard
005-03	v06	assets/art/panels/005-03/v06-storyboard-svg.svg	storyboard-svg		1200	800	15589	2026-09-13T00:10:05+00:00	candidate		storyboard
005-03	v07	assets/art/panels/005-03/v07-storyboard-svg.svg	storyboard-svg		1200	800	22042	2026-09-13T00:25:40+00:00	candidate		storyboard
005-03	v08	assets/art/panels/005-03/v08-storyboard-svg.svg	storyboard-svg		1200	800	22615	2026-09-13T01:34:47+00:00	chosen	Semantic font key; reviewed source and lettering geometry.	storyboard
005-04	v01	assets/art/panels/005-04/v01-storyboard-svg.svg	storyboard-svg		1200	800	5752	2026-09-07T16:49:06+00:00	candidate		storyboard
005-04	v02	assets/art/panels/005-04/v02-storyboard-svg.svg	storyboard-svg		1200	800	6386	2026-09-07T16:55:00+00:00	candidate		storyboard
005-04	v03	assets/art/panels/005-04/v03-storyboard-svg.svg	storyboard-svg		1200	800	6468	2026-09-07T17:01:42+00:00	candidate		storyboard
005-04	v04	assets/art/panels/005-04/v04-flux2-klein-4b-2002.webp	flux2-klein-4b	2002	1200	800	256960	2026-09-11T01:59:25+00:00	chosen	Promoted from local candidate c6838b926c3b.	refined
005-04	v05	assets/art/panels/005-04/v05-storyboard-svg.svg	storyboard-svg		1200	800	11748	2026-09-12T21:18:26+00:00	candidate		storyboard
005-04	v06	assets/art/panels/005-04/v06-storyboard-svg.svg	storyboard-svg		1200	800	26876	2026-09-12T23:00:59+00:00	candidate		storyboard
005-04	v07	assets/art/panels/005-04/v07-storyboard-svg.svg	storyboard-svg		1200	800	26913	2026-09-12T23:55:10+00:00	candidate		storyboard
005-04	v08	assets/art/panels/005-04/v08-storyboard-svg.svg	storyboard-svg		1200	800	27968	2026-09-13T00:10:05+00:00	candidate		storyboard
005-04	v09	assets/art/panels/005-04/v09-storyboard-svg.svg	storyboard-svg		1200	800	31298	2026-09-13T00:25:40+00:00	candidate		storyboard
005-04	v10	assets/art/panels/005-04/v10-storyboard-svg.svg	storyboard-svg		1200	800	31687	2026-09-13T01:34:47+00:00	candidate		storyboard
005-05	v01	assets/art/panels/005-05/v01-storyboard-svg.svg	storyboard-svg		1200	800	7276	2026-09-07T16:49:06+00:00	candidate		storyboard
005-05	v02	assets/art/panels/005-05/v02-storyboard-svg.svg	storyboard-svg		1200	800	7970	2026-09-07T16:55:00+00:00	candidate		storyboard
005-05	v03	assets/art/panels/005-05/v03-storyboard-svg.svg	storyboard-svg		1200	800	10502	2026-09-12T21:18:26+00:00	candidate		storyboard
005-05	v04	assets/art/panels/005-05/v04-storyboard-svg.svg	storyboard-svg		1200	800	16483	2026-09-12T23:00:59+00:00	candidate		storyboard
005-05	v05	assets/art/panels/005-05/v05-storyboard-svg.svg	storyboard-svg		1200	800	16551	2026-09-12T23:55:10+00:00	candidate		storyboard
005-05	v06	assets/art/panels/005-05/v06-storyboard-svg.svg	storyboard-svg		1200	800	18606	2026-09-13T00:10:05+00:00	candidate		storyboard
005-05	v07	assets/art/panels/005-05/v07-storyboard-svg.svg	storyboard-svg		1200	800	25059	2026-09-13T00:25:40+00:00	candidate		storyboard
005-05	v08	assets/art/panels/005-05/v08-storyboard-svg.svg	storyboard-svg		1200	800	25995	2026-09-13T01:34:47+00:00	chosen	Semantic font key; reviewed source and lettering geometry.	storyboard
006-01	v01	assets/art/panels/006-01/v01-storyboard-svg.svg	storyboard-svg		1200	800	13678	2026-09-07T16:49:06+00:00	candidate		storyboard
006-01	v02	assets/art/panels/006-01/v02-storyboard-svg.svg	storyboard-svg		1200	800	13711	2026-09-07T16:55:00+00:00	candidate		storyboard
006-01	v03	assets/art/panels/006-01/v03-storyboard-svg.svg	storyboard-svg		1200	800	14971	2026-09-07T17:00:24+00:00	candidate		storyboard
006-01	v04	assets/art/panels/006-01/v04-storyboard-svg.svg	storyboard-svg		1200	800	29279	2026-09-12T21:18:26+00:00	candidate		storyboard
006-01	v05	assets/art/panels/006-01/v05-storyboard-svg.svg	storyboard-svg		1200	800	51308	2026-09-12T23:00:59+00:00	candidate		storyboard
006-01	v06	assets/art/panels/006-01/v06-storyboard-svg.svg	storyboard-svg		1200	800	51348	2026-09-12T23:55:10+00:00	candidate		storyboard
006-01	v07	assets/art/panels/006-01/v07-storyboard-svg.svg	storyboard-svg		1200	800	57182	2026-09-13T00:10:05+00:00	candidate		storyboard
006-01	v08	assets/art/panels/006-01/v08-storyboard-svg.svg	storyboard-svg		1200	800	69865	2026-09-13T00:25:40+00:00	candidate		storyboard
006-01	v09	assets/art/panels/006-01/v09-storyboard-svg.svg	storyboard-svg		1200	800	71662	2026-09-13T01:34:47+00:00	chosen	Semantic font key; reviewed source and lettering geometry.	storyboard
007-01	v01	assets/art/panels/007-01/v01-storyboard-svg.svg	storyboard-svg		1200	800	15044	2026-09-07T16:49:06+00:00	candidate		storyboard
007-01	v02	assets/art/panels/007-01/v02-storyboard-svg.svg	storyboard-svg		1200	800	23275	2026-09-07T16:55:00+00:00	candidate		storyboard
007-01	v03	assets/art/panels/007-01/v03-storyboard-svg.svg	storyboard-svg		1200	800	24511	2026-09-07T17:00:24+00:00	candidate		storyboard
007-01	v04	assets/art/panels/007-01/v04-storyboard-svg.svg	storyboard-svg		1200	800	24439	2026-09-07T17:04:25+00:00	candidate		storyboard
007-01	v05	assets/art/panels/007-01/v05-storyboard-svg.svg	storyboard-svg		1200	800	35490	2026-09-12T21:18:26+00:00	candidate		storyboard
007-01	v06	assets/art/panels/007-01/v06-storyboard-svg.svg	storyboard-svg		1200	800	57620	2026-09-12T23:00:59+00:00	candidate		storyboard
007-01	v07	assets/art/panels/007-01/v07-storyboard-svg.svg	storyboard-svg		1200	800	57688	2026-09-12T23:55:10+00:00	candidate		storyboard
007-01	v08	assets/art/panels/007-01/v08-storyboard-svg.svg	storyboard-svg		1200	800	64573	2026-09-13T00:10:05+00:00	candidate		storyboard
007-01	v09	assets/art/panels/007-01/v09-storyboard-svg.svg	storyboard-svg		1200	800	80586	2026-09-13T00:25:40+00:00	candidate		storyboard
007-01	v10	assets/art/panels/007-01/v10-storyboard-svg.svg	storyboard-svg		1200	800	82381	2026-09-13T01:34:47+00:00	chosen	Semantic font key; reviewed source and lettering geometry.	storyboard
008-01	v01	assets/art/panels/008-01/v01-storyboard-svg.svg	storyboard-svg		1200	800	4576	2026-09-07T16:49:06+00:00	candidate		storyboard
008-01	v02	assets/art/panels/008-01/v02-storyboard-svg.svg	storyboard-svg		1200	800	4825	2026-09-07T16:55:00+00:00	candidate		storyboard
008-01	v03	assets/art/panels/008-01/v03-flux2-klein-4b-2002.webp	flux2-klein-4b	2002	1200	800	238146	2026-09-11T02:02:15+00:00	chosen	Promoted from local candidate 7f9beed4de8f.	refined
008-01	v04	assets/art/panels/008-01/v04-storyboard-svg.svg	storyboard-svg		1200	800	7195	2026-09-12T21:18:26+00:00	candidate		storyboard
008-01	v05	assets/art/panels/008-01/v05-storyboard-svg.svg	storyboard-svg		1200	800	11784	2026-09-12T23:00:59+00:00	candidate		storyboard
008-01	v06	assets/art/panels/008-01/v06-storyboard-svg.svg	storyboard-svg		1200	800	11852	2026-09-12T23:55:10+00:00	candidate		storyboard
008-01	v07	assets/art/panels/008-01/v07-storyboard-svg.svg	storyboard-svg		1200	800	13907	2026-09-13T00:10:05+00:00	candidate		storyboard
008-01	v08	assets/art/panels/008-01/v08-storyboard-svg.svg	storyboard-svg		1200	800	20360	2026-09-13T00:25:40+00:00	candidate		storyboard
008-01	v09	assets/art/panels/008-01/v09-storyboard-svg.svg	storyboard-svg		1200	800	21005	2026-09-13T01:34:47+00:00	candidate		storyboard
008-02	v01	assets/art/panels/008-02/v01-storyboard-svg.svg	storyboard-svg		1200	800	6405	2026-09-07T16:49:06+00:00	candidate		storyboard
008-02	v02	assets/art/panels/008-02/v02-storyboard-svg.svg	storyboard-svg		1200	800	6959	2026-09-07T16:55:00+00:00	candidate		storyboard
008-02	v03	assets/art/panels/008-02/v03-storyboard-svg.svg	storyboard-svg		1200	800	9377	2026-09-12T21:18:26+00:00	candidate		storyboard
008-02	v04	assets/art/panels/008-02/v04-storyboard-svg.svg	storyboard-svg		1200	800	15124	2026-09-12T23:00:59+00:00	candidate		storyboard
008-02	v05	assets/art/panels/008-02/v05-storyboard-svg.svg	storyboard-svg		1200	800	15192	2026-09-12T23:55:10+00:00	candidate		storyboard
008-02	v06	assets/art/panels/008-02/v06-storyboard-svg.svg	storyboard-svg		1200	800	17247	2026-09-13T00:10:05+00:00	candidate		storyboard
008-02	v07	assets/art/panels/008-02/v07-storyboard-svg.svg	storyboard-svg		1200	800	23700	2026-09-13T00:25:40+00:00	candidate		storyboard
008-02	v08	assets/art/panels/008-02/v08-storyboard-svg.svg	storyboard-svg		1200	800	24456	2026-09-13T01:34:47+00:00	chosen	Semantic font key; reviewed source and lettering geometry.	storyboard
008-03	v01	assets/art/panels/008-03/v01-storyboard-svg.svg	storyboard-svg		1200	800	4806	2026-09-07T16:49:06+00:00	candidate		storyboard
008-03	v02	assets/art/panels/008-03/v02-storyboard-svg.svg	storyboard-svg		1200	800	5074	2026-09-07T16:55:00+00:00	candidate		storyboard
008-03	v03	assets/art/panels/008-03/v03-flux2-klein-4b-1001.webp	flux2-klein-4b	1001	1200	800	158850	2026-09-11T02:03:22+00:00	chosen	Promoted from local candidate 3dad7e09b816.	refined
008-03	v04	assets/art/panels/008-03/v04-storyboard-svg.svg	storyboard-svg		1200	800	7361	2026-09-12T21:18:26+00:00	candidate		storyboard
008-03	v05	assets/art/panels/008-03/v05-storyboard-svg.svg	storyboard-svg		1200	800	12243	2026-09-12T23:00:59+00:00	candidate		storyboard
008-03	v06	assets/art/panels/008-03/v06-storyboard-svg.svg	storyboard-svg		1200	800	12283	2026-09-12T23:55:10+00:00	candidate		storyboard
008-03	v07	assets/art/panels/008-03/v07-storyboard-svg.svg	storyboard-svg		1200	800	13282	2026-09-13T00:10:05+00:00	candidate		storyboard
008-03	v08	assets/art/panels/008-03/v08-storyboard-svg.svg	storyboard-svg		1200	800	16405	2026-09-13T00:25:40+00:00	candidate		storyboard
008-03	v09	assets/art/panels/008-03/v09-storyboard-svg.svg	storyboard-svg		1200	800	17135	2026-09-13T01:34:47+00:00	candidate		storyboard
008-04	v01	assets/art/panels/008-04/v01-storyboard-svg.svg	storyboard-svg		1200	800	3723	2026-09-07T16:49:06+00:00	candidate		storyboard
008-04	v02	assets/art/panels/008-04/v02-storyboard-svg.svg	storyboard-svg		1200	800	4019	2026-09-07T16:55:00+00:00	candidate		storyboard
008-04	v03	assets/art/panels/008-04/v03-storyboard-svg.svg	storyboard-svg		1200	800	3704	2026-09-12T21:18:26+00:00	candidate		storyboard
008-04	v04	assets/art/panels/008-04/v04-storyboard-svg.svg	storyboard-svg		1200	800	5155	2026-09-12T23:00:59+00:00	candidate		storyboard
008-04	v05	assets/art/panels/008-04/v05-storyboard-svg.svg	storyboard-svg		1200	800	5195	2026-09-12T23:55:10+00:00	candidate		storyboard
008-04	v06	assets/art/panels/008-04/v06-storyboard-svg.svg	storyboard-svg		1200	800	6194	2026-09-13T00:10:05+00:00	candidate		storyboard
008-04	v07	assets/art/panels/008-04/v07-storyboard-svg.svg	storyboard-svg		1200	800	9317	2026-09-13T00:25:40+00:00	candidate		storyboard
008-04	v08	assets/art/panels/008-04/v08-storyboard-svg.svg	storyboard-svg		1200	800	9340	2026-09-13T01:34:47+00:00	chosen	Semantic font key; reviewed source and lettering geometry.	storyboard
008-05	v01	assets/art/panels/008-05/v01-storyboard-svg.svg	storyboard-svg		1200	800	7430	2026-09-07T16:49:06+00:00	candidate		storyboard
008-05	v02	assets/art/panels/008-05/v02-storyboard-svg.svg	storyboard-svg		1200	800	8124	2026-09-07T16:55:01+00:00	candidate		storyboard
008-05	v03	assets/art/panels/008-05/v03-storyboard-svg.svg	storyboard-svg		1200	800	9137	2026-09-12T21:18:26+00:00	candidate		storyboard
008-05	v04	assets/art/panels/008-05/v04-storyboard-svg.svg	storyboard-svg		1200	800	13595	2026-09-12T23:00:59+00:00	candidate		storyboard
008-05	v05	assets/art/panels/008-05/v05-storyboard-svg.svg	storyboard-svg		1200	800	13663	2026-09-12T23:55:10+00:00	candidate		storyboard
008-05	v06	assets/art/panels/008-05/v06-storyboard-svg.svg	storyboard-svg		1200	800	15718	2026-09-13T00:10:05+00:00	candidate		storyboard
008-05	v07	assets/art/panels/008-05/v07-storyboard-svg.svg	storyboard-svg		1200	800	22171	2026-09-13T00:25:40+00:00	candidate		storyboard
008-05	v08	assets/art/panels/008-05/v08-storyboard-svg.svg	storyboard-svg		1200	800	22925	2026-09-13T01:34:47+00:00	chosen	Semantic font key; reviewed source and lettering geometry.	storyboard
009-01	v01	assets/art/panels/009-01/v01-storyboard-svg.svg	storyboard-svg		1200	800	4354	2026-09-07T16:49:06+00:00	candidate		storyboard
009-01	v02	assets/art/panels/009-01/v02-storyboard-svg.svg	storyboard-svg		1200	800	4722	2026-09-07T16:55:01+00:00	candidate		storyboard
009-01	v03	assets/art/panels/009-01/v03-storyboard-svg.svg	storyboard-svg		1200	800	5314	2026-09-12T21:18:26+00:00	candidate		storyboard
009-01	v04	assets/art/panels/009-01/v04-storyboard-svg.svg	storyboard-svg		1200	800	8289	2026-09-12T23:00:59+00:00	candidate		storyboard
009-01	v05	assets/art/panels/009-01/v05-storyboard-svg.svg	storyboard-svg		1200	800	8329	2026-09-12T23:55:10+00:00	candidate		storyboard
009-01	v06	assets/art/panels/009-01/v06-storyboard-svg.svg	storyboard-svg		1200	800	9328	2026-09-13T00:10:05+00:00	candidate		storyboard
009-01	v07	assets/art/panels/009-01/v07-storyboard-svg.svg	storyboard-svg		1200	800	12451	2026-09-13T00:25:40+00:00	candidate		storyboard
009-01	v08	assets/art/panels/009-01/v08-storyboard-svg.svg	storyboard-svg		1200	800	13025	2026-09-13T01:34:47+00:00	chosen	Semantic font key; reviewed source and lettering geometry.	storyboard
009-02	v01	assets/art/panels/009-02/v01-storyboard-svg.svg	storyboard-svg		1200	800	1561	2026-09-07T16:49:06+00:00	candidate		storyboard
009-02	v02	assets/art/panels/009-02/v02-flux2-klein-4b-1001.webp	flux2-klein-4b	1001	1200	800	165590	2026-09-11T02:05:24+00:00	chosen	Promoted from local candidate 1e2f99998b2a.	refined
009-02	v03	assets/art/panels/009-02/v03-storyboard-svg.svg	storyboard-svg		1200	800	1890	2026-09-12T21:18:26+00:00	candidate		storyboard
009-02	v04	assets/art/panels/009-02/v04-storyboard-svg.svg	storyboard-svg		1200	800	1930	2026-09-12T23:55:10+00:00	candidate		storyboard
009-02	v05	assets/art/panels/009-02/v05-storyboard-svg.svg	storyboard-svg		1200	800	1955	2026-09-13T01:34:47+00:00	candidate		storyboard
009-03	v01	assets/art/panels/009-03/v01-storyboard-svg.svg	storyboard-svg		1200	800	4786	2026-09-07T16:49:06+00:00	candidate		storyboard
009-03	v02	assets/art/panels/009-03/v02-storyboard-svg.svg	storyboard-svg		1200	800	5087	2026-09-07T16:55:01+00:00	candidate		storyboard
009-03	v03	assets/art/panels/009-03/v03-storyboard-svg.svg	storyboard-svg		1200	800	8116	2026-09-12T21:18:26+00:00	candidate		storyboard
009-03	v04	assets/art/panels/009-03/v04-storyboard-svg.svg	storyboard-svg		1200	800	13234	2026-09-12T23:00:59+00:00	candidate		storyboard
009-03	v05	assets/art/panels/009-03/v05-storyboard-svg.svg	storyboard-svg		1200	800	13847	2026-09-12T23:30:35+00:00	candidate		storyboard
009-03	v06	assets/art/panels/009-03/v06-storyboard-svg.svg	storyboard-svg		1200	800	13887	2026-09-12T23:55:10+00:00	candidate		storyboard
009-03	v07	assets/art/panels/009-03/v07-storyboard-svg.svg	storyboard-svg		1200	800	14886	2026-09-13T00:10:05+00:00	candidate		storyboard
009-03	v08	assets/art/panels/009-03/v08-storyboard-svg.svg	storyboard-svg		1200	800	18009	2026-09-13T00:25:40+00:00	candidate		storyboard
009-03	v09	assets/art/panels/009-03/v09-storyboard-svg.svg	storyboard-svg		1200	800	18765	2026-09-13T01:34:47+00:00	chosen	Semantic font key; reviewed source and lettering geometry.	storyboard
009-04	v01	assets/art/panels/009-04/v01-storyboard-svg.svg	storyboard-svg		1200	800	3759	2026-09-07T16:49:06+00:00	candidate		storyboard
009-04	v02	assets/art/panels/009-04/v02-storyboard-svg.svg	storyboard-svg		1200	800	3858	2026-09-07T16:55:01+00:00	candidate		storyboard
009-04	v03	assets/art/panels/009-04/v03-storyboard-svg.svg	storyboard-svg		1200	800	4118	2026-09-12T21:18:26+00:00	candidate		storyboard
009-04	v04	assets/art/panels/009-04/v04-storyboard-svg.svg	storyboard-svg		1200	800	5741	2026-09-12T23:00:59+00:00	candidate		storyboard
009-04	v05	assets/art/panels/009-04/v05-storyboard-svg.svg	storyboard-svg		1200	800	6354	2026-09-12T23:30:35+00:00	candidate		storyboard
009-04	v06	assets/art/panels/009-04/v06-storyboard-svg.svg	storyboard-svg		1200	800	6394	2026-09-12T23:55:10+00:00	candidate		storyboard
009-04	v07	assets/art/panels/009-04/v07-storyboard-svg.svg	storyboard-svg		1200	800	7393	2026-09-13T00:10:05+00:00	candidate		storyboard
009-04	v08	assets/art/panels/009-04/v08-storyboard-svg.svg	storyboard-svg		1200	800	10516	2026-09-13T00:25:40+00:00	candidate		storyboard
009-04	v09	assets/art/panels/009-04/v09-storyboard-svg.svg	storyboard-svg		1200	800	10541	2026-09-13T01:34:47+00:00	chosen	Semantic font key; reviewed source and lettering geometry.	storyboard
009-05	v01	assets/art/panels/009-05/v01-storyboard-svg.svg	storyboard-svg		1200	800	4163	2026-09-07T16:49:06+00:00	candidate		storyboard
009-05	v02	assets/art/panels/009-05/v02-storyboard-svg.svg	storyboard-svg		1200	800	4328	2026-09-07T16:55:01+00:00	candidate		storyboard
009-05	v03	assets/art/panels/009-05/v03-flux2-klein-4b-1001.webp	flux2-klein-4b	1001	1200	800	115282	2026-09-11T02:07:00+00:00	chosen	Promoted from local candidate 2c75780bd0a6.	refined
009-05	v04	assets/art/panels/009-05/v04-storyboard-svg.svg	storyboard-svg		1200	800	4816	2026-09-12T21:18:26+00:00	candidate		storyboard
009-05	v05	assets/art/panels/009-05/v05-storyboard-svg.svg	storyboard-svg		1200	800	10499	2026-09-12T23:00:59+00:00	candidate		storyboard
009-05	v06	assets/art/panels/009-05/v06-storyboard-svg.svg	storyboard-svg		1200	800	10539	2026-09-12T23:55:10+00:00	candidate		storyboard
009-05	v07	assets/art/panels/009-05/v07-storyboard-svg.svg	storyboard-svg		1200	800	11538	2026-09-13T00:10:05+00:00	candidate		storyboard
009-05	v08	assets/art/panels/009-05/v08-storyboard-svg.svg	storyboard-svg		1200	800	14661	2026-09-13T00:25:40+00:00	candidate		storyboard
009-05	v09	assets/art/panels/009-05/v09-storyboard-svg.svg	storyboard-svg		1200	800	14869	2026-09-13T01:34:47+00:00	candidate		storyboard
010-01	v01	assets/art/panels/010-01/v01-flux2-klein-4b-1001.webp	flux2-klein-4b	1001	1200	800	193672	2026-09-05T18:50:21+00:00	candidate		refined
010-01	v02	assets/art/panels/010-01/v02-storyboard-svg.svg	storyboard-svg		1200	800	2941	2026-09-07T16:49:06+00:00	candidate		storyboard
010-01	v03	assets/art/panels/010-01/v03-storyboard-svg.svg	storyboard-svg		1200	800	3070	2026-09-07T16:55:01+00:00	candidate		storyboard
010-01	v04	assets/art/panels/010-01/v04-panel-fit.svg	panel-fit		1200	800	258946	2026-09-09T02:11:21+00:00	chosen	Textured off-white outer border removed; visually reviewed; original model bytes retained. 8px allowance clears irregular edges; centered 3:2 framing.	refined
010-01	v05	assets/art/panels/010-01/v05-storyboard-svg.svg	storyboard-svg		1200	800	3446	2026-09-12T21:18:26+00:00	candidate		storyboard
010-01	v06	assets/art/panels/010-01/v06-storyboard-svg.svg	storyboard-svg		1200	800	5173	2026-09-12T23:00:59+00:00	candidate		storyboard
010-01	v07	assets/art/panels/010-01/v07-storyboard-svg.svg	storyboard-svg		1200	800	5241	2026-09-12T23:55:10+00:00	candidate		storyboard
010-01	v08	assets/art/panels/010-01/v08-storyboard-svg.svg	storyboard-svg		1200	800	7296	2026-09-13T00:10:05+00:00	candidate		storyboard
010-01	v09	assets/art/panels/010-01/v09-storyboard-svg.svg	storyboard-svg		1200	800	13749	2026-09-13T00:25:40+00:00	candidate		storyboard
010-01	v10	assets/art/panels/010-01/v10-storyboard-svg.svg	storyboard-svg		1200	800	13957	2026-09-13T01:34:47+00:00	candidate		storyboard
010-01	v11	assets/art/panels/010-01/v11-storyboard-svg.svg	storyboard-svg		1200	800	13972	2026-09-13T01:42:12+00:00	candidate		storyboard
010-02	v01	assets/art/panels/010-02/v01-storyboard-svg.svg	storyboard-svg		1200	800	5871	2026-09-07T16:49:06+00:00	candidate		storyboard
010-02	v02	assets/art/panels/010-02/v02-storyboard-svg.svg	storyboard-svg		1200	800	6138	2026-09-07T16:55:01+00:00	candidate		storyboard
010-02	v03	assets/art/panels/010-02/v03-storyboard-svg.svg	storyboard-svg		1200	800	5855	2026-09-12T21:18:26+00:00	candidate		storyboard
010-02	v04	assets/art/panels/010-02/v04-storyboard-svg.svg	storyboard-svg		1200	800	11091	2026-09-12T23:00:59+00:00	candidate		storyboard
010-02	v05	assets/art/panels/010-02/v05-storyboard-svg.svg	storyboard-svg		1200	800	11704	2026-09-12T23:30:35+00:00	candidate		storyboard
010-02	v06	assets/art/panels/010-02/v06-storyboard-svg.svg	storyboard-svg		1200	800	11744	2026-09-12T23:55:10+00:00	candidate		storyboard
010-02	v07	assets/art/panels/010-02/v07-storyboard-svg.svg	storyboard-svg		1200	800	12743	2026-09-13T00:10:05+00:00	candidate		storyboard
010-02	v08	assets/art/panels/010-02/v08-storyboard-svg.svg	storyboard-svg		1200	800	15866	2026-09-13T00:25:40+00:00	candidate		storyboard
010-02	v09	assets/art/panels/010-02/v09-storyboard-svg.svg	storyboard-svg		1200	800	16439	2026-09-13T01:34:47+00:00	chosen	Semantic font key; reviewed source and lettering geometry.	storyboard
010-03	v01	assets/art/panels/010-03/v01-flux2-klein-4b-1001.webp	flux2-klein-4b	1001	1200	800	214840	2026-09-05T18:51:26+00:00	candidate		refined
010-03	v02	assets/art/panels/010-03/v02-flux2-klein-4b-1001.webp	flux2-klein-4b	1001	1200	800	168904	2026-09-05T19:51:54+00:00	candidate	drawn 5 Sep 2026 with the reverted panel-first prompt arrangement, not the committed composer	refined
010-03	v03	assets/art/panels/010-03/v03-storyboard-svg.svg	storyboard-svg		1200	800	4688	2026-09-07T16:49:06+00:00	chosen		storyboard
010-03	v04	assets/art/panels/010-03/v04-storyboard-svg.svg	storyboard-svg		1200	800	5038	2026-09-07T16:55:01+00:00	candidate		storyboard
010-03	v05	assets/art/panels/010-03/v05-panel-fit.svg	panel-fit		1200	800	225922	2026-09-09T02:11:21+00:00	candidate	Textured off-white outer border removed; visually reviewed; original model bytes retained. 8px allowance clears irregular edges; centered 3:2 framing.	refined
010-03	v06	assets/art/panels/010-03/v06-storyboard-svg.svg	storyboard-svg		1200	800	8512	2026-09-12T21:18:26+00:00	candidate		storyboard
010-03	v07	assets/art/panels/010-03/v07-storyboard-svg.svg	storyboard-svg		1200	800	17070	2026-09-12T23:00:59+00:00	candidate		storyboard
010-03	v08	assets/art/panels/010-03/v08-storyboard-svg.svg	storyboard-svg		1200	800	17683	2026-09-12T23:30:35+00:00	candidate		storyboard
010-03	v09	assets/art/panels/010-03/v09-storyboard-svg.svg	storyboard-svg		1200	800	17729	2026-09-12T23:55:10+00:00	candidate		storyboard
010-03	v10	assets/art/panels/010-03/v10-storyboard-svg.svg	storyboard-svg		1200	800	18736	2026-09-13T00:10:05+00:00	candidate		storyboard
010-03	v11	assets/art/panels/010-03/v11-storyboard-svg.svg	storyboard-svg		1200	800	21986	2026-09-13T00:25:40+00:00	candidate		storyboard
010-03	v12	assets/art/panels/010-03/v12-storyboard-svg.svg	storyboard-svg		1200	800	22743	2026-09-13T01:34:47+00:00	candidate		storyboard
010-04	v01	assets/art/panels/010-04/v01-flux2-klein-4b-1001.webp	flux2-klein-4b	1001	1200	800	175798	2026-09-05T18:52:29+00:00	candidate		refined
010-04	v02	assets/art/panels/010-04/v02-flux2-klein-4b-1001.webp	flux2-klein-4b	1001	1200	800	201870	2026-09-05T20:43:00+00:00	candidate	drawn 5 Sep 2026 with the reverted conditional-register clause, not the committed one	refined
010-04	v03	assets/art/panels/010-04/v03-storyboard-svg.svg	storyboard-svg		1200	800	3223	2026-09-07T16:49:06+00:00	candidate		storyboard
010-04	v04	assets/art/panels/010-04/v04-storyboard-svg.svg	storyboard-svg		1200	800	3404	2026-09-07T16:55:01+00:00	candidate		storyboard
010-04	v05	assets/art/panels/010-04/v05-panel-fit.svg	panel-fit		1200	800	269874	2026-09-09T02:11:22+00:00	chosen	Textured off-white outer border removed; visually reviewed; original model bytes retained. 8px allowance clears irregular edges; centered 3:2 framing.	refined
010-04	v06	assets/art/panels/010-04/v06-storyboard-svg.svg	storyboard-svg		1200	800	3690	2026-09-12T21:18:26+00:00	candidate		storyboard
010-04	v07	assets/art/panels/010-04/v07-storyboard-svg.svg	storyboard-svg		1200	800	6776	2026-09-12T23:00:59+00:00	candidate		storyboard
010-04	v08	assets/art/panels/010-04/v08-storyboard-svg.svg	storyboard-svg		1200	800	6844	2026-09-12T23:55:10+00:00	candidate		storyboard
010-04	v09	assets/art/panels/010-04/v09-storyboard-svg.svg	storyboard-svg		1200	800	8899	2026-09-13T00:10:05+00:00	candidate		storyboard
010-04	v10	assets/art/panels/010-04/v10-storyboard-svg.svg	storyboard-svg		1200	800	15352	2026-09-13T00:25:40+00:00	candidate		storyboard
010-04	v11	assets/art/panels/010-04/v11-storyboard-svg.svg	storyboard-svg		1200	800	15560	2026-09-13T01:34:47+00:00	candidate		storyboard
010-05	v01	assets/art/panels/010-05/v01-storyboard-svg.svg	storyboard-svg		1200	800	4097	2026-09-07T16:49:07+00:00	candidate		storyboard
010-05	v02	assets/art/panels/010-05/v02-storyboard-svg.svg	storyboard-svg		1200	800	4465	2026-09-07T16:55:01+00:00	candidate		storyboard
010-05	v03	assets/art/panels/010-05/v03-storyboard-svg.svg	storyboard-svg		1200	800	4988	2026-09-12T21:18:26+00:00	candidate		storyboard
010-05	v04	assets/art/panels/010-05/v04-storyboard-svg.svg	storyboard-svg		1200	800	8103	2026-09-12T23:00:59+00:00	candidate		storyboard
010-05	v05	assets/art/panels/010-05/v05-storyboard-svg.svg	storyboard-svg		1200	800	8171	2026-09-12T23:55:10+00:00	candidate		storyboard
010-05	v06	assets/art/panels/010-05/v06-storyboard-svg.svg	storyboard-svg		1200	800	10226	2026-09-13T00:10:05+00:00	candidate		storyboard
010-05	v07	assets/art/panels/010-05/v07-storyboard-svg.svg	storyboard-svg		1200	800	16679	2026-09-13T00:25:40+00:00	candidate		storyboard
010-05	v08	assets/art/panels/010-05/v08-storyboard-svg.svg	storyboard-svg		1200	800	17251	2026-09-13T01:34:47+00:00	chosen	Semantic font key; reviewed source and lettering geometry.	storyboard
011-01	v01	assets/art/panels/011-01/v01-storyboard-svg.svg	storyboard-svg		1200	800	4156	2026-09-07T16:49:07+00:00	candidate		storyboard
011-01	v02	assets/art/panels/011-01/v02-storyboard-svg.svg	storyboard-svg		1200	800	4524	2026-09-07T16:55:01+00:00	candidate		storyboard
011-01	v03	assets/art/panels/011-01/v03-storyboard-svg.svg	storyboard-svg		1200	800	5055	2026-09-12T21:18:26+00:00	candidate		storyboard
011-01	v04	assets/art/panels/011-01/v04-storyboard-svg.svg	storyboard-svg		1200	800	8170	2026-09-12T23:00:59+00:00	candidate		storyboard
011-01	v05	assets/art/panels/011-01/v05-storyboard-svg.svg	storyboard-svg		1200	800	8207	2026-09-12T23:55:10+00:00	candidate		storyboard
011-01	v06	assets/art/panels/011-01/v06-storyboard-svg.svg	storyboard-svg		1200	800	9258	2026-09-13T00:10:05+00:00	candidate		storyboard
011-01	v07	assets/art/panels/011-01/v07-storyboard-svg.svg	storyboard-svg		1200	800	12588	2026-09-13T00:25:40+00:00	candidate		storyboard
011-01	v08	assets/art/panels/011-01/v08-storyboard-svg.svg	storyboard-svg		1200	800	13160	2026-09-13T01:34:47+00:00	chosen	Semantic font key; reviewed source and lettering geometry.	storyboard
011-02	v01	assets/art/panels/011-02/v01-storyboard-svg.svg	storyboard-svg		1200	800	4053	2026-09-07T16:49:07+00:00	candidate		storyboard
011-02	v02	assets/art/panels/011-02/v02-storyboard-svg.svg	storyboard-svg		1200	800	4299	2026-09-07T16:55:02+00:00	candidate		storyboard
011-02	v03	assets/art/panels/011-02/v03-storyboard-svg.svg	storyboard-svg		1200	800	4805	2026-09-12T21:18:26+00:00	candidate		storyboard
011-02	v04	assets/art/panels/011-02/v04-storyboard-svg.svg	storyboard-svg		1200	800	9139	2026-09-12T23:00:59+00:00	candidate		storyboard
011-02	v05	assets/art/panels/011-02/v05-storyboard-svg.svg	storyboard-svg		1200	800	9216	2026-09-12T23:55:10+00:00	candidate		storyboard
011-02	v06	assets/art/panels/011-02/v06-storyboard-svg.svg	storyboard-svg		1200	800	11407	2026-09-13T00:10:05+00:00	candidate		storyboard
011-02	v07	assets/art/panels/011-02/v07-storyboard-svg.svg	storyboard-svg		1200	800	18049	2026-09-13T00:25:40+00:00	candidate		storyboard
011-02	v08	assets/art/panels/011-02/v08-storyboard-svg.svg	storyboard-svg		1200	800	18438	2026-09-13T01:34:47+00:00	chosen	Semantic font key; reviewed source and lettering geometry.	storyboard
011-03	v01	assets/art/panels/011-03/v01-storyboard-svg.svg	storyboard-svg		1200	800	4282	2026-09-07T16:49:07+00:00	candidate		storyboard
011-03	v02	assets/art/panels/011-03/v02-storyboard-svg.svg	storyboard-svg		1200	800	4745	2026-09-07T16:55:02+00:00	candidate		storyboard
011-03	v03	assets/art/panels/011-03/v03-flux2-klein-4b-1001.webp	flux2-klein-4b	1001	1200	800	192826	2026-09-11T02:12:21+00:00	chosen	Promoted from local candidate 301a6cee666b.	refined
011-03	v04	assets/art/panels/011-03/v04-storyboard-svg.svg	storyboard-svg		1200	800	9212	2026-09-12T21:18:26+00:00	candidate		storyboard
011-03	v05	assets/art/panels/011-03/v05-storyboard-svg.svg	storyboard-svg		1200	800	14988	2026-09-12T23:00:59+00:00	candidate		storyboard
011-03	v06	assets/art/panels/011-03/v06-storyboard-svg.svg	storyboard-svg		1200	800	15056	2026-09-12T23:55:10+00:00	candidate		storyboard
011-03	v07	assets/art/panels/011-03/v07-storyboard-svg.svg	storyboard-svg		1200	800	17113	2026-09-13T00:10:05+00:00	candidate		storyboard
011-03	v08	assets/art/panels/011-03/v08-storyboard-svg.svg	storyboard-svg		1200	800	23566	2026-09-13T00:25:40+00:00	candidate		storyboard
011-03	v09	assets/art/panels/011-03/v09-storyboard-svg.svg	storyboard-svg		1200	800	24502	2026-09-13T01:34:47+00:00	candidate		storyboard
011-04	v01	assets/art/panels/011-04/v01-storyboard-svg.svg	storyboard-svg		1200	800	7906	2026-09-07T16:49:07+00:00	candidate		storyboard
011-04	v02	assets/art/panels/011-04/v02-storyboard-svg.svg	storyboard-svg		1200	800	8600	2026-09-07T16:55:02+00:00	candidate		storyboard
011-04	v03	assets/art/panels/011-04/v03-storyboard-svg.svg	storyboard-svg		1200	800	9675	2026-09-12T21:18:26+00:00	candidate		storyboard
011-04	v04	assets/art/panels/011-04/v04-storyboard-svg.svg	storyboard-svg		1200	800	15882	2026-09-12T23:00:59+00:00	candidate		storyboard
011-04	v05	assets/art/panels/011-04/v05-storyboard-svg.svg	storyboard-svg		1200	800	15950	2026-09-12T23:55:10+00:00	candidate		storyboard
011-04	v06	assets/art/panels/011-04/v06-storyboard-svg.svg	storyboard-svg		1200	800	18005	2026-09-13T00:10:05+00:00	candidate		storyboard
011-04	v07	assets/art/panels/011-04/v07-storyboard-svg.svg	storyboard-svg		1200	800	24458	2026-09-13T00:25:40+00:00	candidate		storyboard
011-04	v08	assets/art/panels/011-04/v08-storyboard-svg.svg	storyboard-svg		1200	800	25215	2026-09-13T01:34:47+00:00	chosen	Semantic font key; reviewed source and lettering geometry.	storyboard
011-05	v01	assets/art/panels/011-05/v01-storyboard-svg.svg	storyboard-svg		1200	800	8055	2026-09-07T16:49:07+00:00	candidate		storyboard
011-05	v02	assets/art/panels/011-05/v02-storyboard-svg.svg	storyboard-svg		1200	800	8423	2026-09-07T16:55:02+00:00	candidate		storyboard
011-05	v03	assets/art/panels/011-05/v03-flux2-klein-4b-2002.webp	flux2-klein-4b	2002	1200	800	203558	2026-09-11T02:13:09+00:00	chosen	Promoted from local candidate 0b3cafc162c3.	refined
011-05	v04	assets/art/panels/011-05/v04-storyboard-svg.svg	storyboard-svg		1200	800	8941	2026-09-12T21:18:26+00:00	candidate		storyboard
011-05	v05	assets/art/panels/011-05/v05-storyboard-svg.svg	storyboard-svg		1200	800	14418	2026-09-12T23:00:59+00:00	candidate		storyboard
011-05	v06	assets/art/panels/011-05/v06-storyboard-svg.svg	storyboard-svg		1200	800	13978	2026-09-12T23:15:35+00:00	candidate		storyboard
011-05	v07	assets/art/panels/011-05/v07-storyboard-svg.svg	storyboard-svg		1200	800	14836	2026-09-12T23:30:35+00:00	candidate		storyboard
011-05	v08	assets/art/panels/011-05/v08-storyboard-svg.svg	storyboard-svg		1200	800	14959	2026-09-12T23:55:10+00:00	candidate		storyboard
011-05	v09	assets/art/panels/011-05/v09-storyboard-svg.svg	storyboard-svg		1200	800	19228	2026-09-13T00:10:05+00:00	candidate		storyboard
011-05	v10	assets/art/panels/011-05/v10-storyboard-svg.svg	storyboard-svg		1200	800	32611	2026-09-13T00:25:40+00:00	candidate		storyboard
011-05	v11	assets/art/panels/011-05/v11-storyboard-svg.svg	storyboard-svg		1200	800	33183	2026-09-13T01:34:47+00:00	candidate		storyboard
012-01	v01	assets/art/panels/012-01/v01-storyboard-svg.svg	storyboard-svg		1200	800	4144	2026-09-07T16:49:07+00:00	candidate		storyboard
012-01	v02	assets/art/panels/012-01/v02-storyboard-svg.svg	storyboard-svg		1200	800	4148	2026-09-07T16:55:02+00:00	candidate		storyboard
012-01	v03	assets/art/panels/012-01/v03-storyboard-svg.svg	storyboard-svg		1200	800	4561	2026-09-12T21:18:26+00:00	candidate		storyboard
012-01	v04	assets/art/panels/012-01/v04-storyboard-svg.svg	storyboard-svg		1200	800	8985	2026-09-12T23:00:59+00:00	candidate		storyboard
012-01	v05	assets/art/panels/012-01/v05-storyboard-svg.svg	storyboard-svg		1200	800	9598	2026-09-12T23:30:35+00:00	candidate		storyboard
012-01	v06	assets/art/panels/012-01/v06-storyboard-svg.svg	storyboard-svg		1200	800	9638	2026-09-12T23:55:10+00:00	candidate		storyboard
012-01	v07	assets/art/panels/012-01/v07-storyboard-svg.svg	storyboard-svg		1200	800	10637	2026-09-13T00:10:05+00:00	candidate		storyboard
012-01	v08	assets/art/panels/012-01/v08-storyboard-svg.svg	storyboard-svg		1200	800	13760	2026-09-13T00:25:40+00:00	candidate		storyboard
012-01	v09	assets/art/panels/012-01/v09-storyboard-svg.svg	storyboard-svg		1200	800	13785	2026-09-13T01:34:47+00:00	chosen	Semantic font key; reviewed source and lettering geometry.	storyboard
012-02	v01	assets/art/panels/012-02/v01-storyboard-svg.svg	storyboard-svg		1200	800	5017	2026-09-07T16:49:07+00:00	candidate		storyboard
012-02	v02	assets/art/panels/012-02/v02-storyboard-svg.svg	storyboard-svg		1200	800	5164	2026-09-07T16:55:02+00:00	candidate		storyboard
012-02	v03	assets/art/panels/012-02/v03-flux2-klein-4b-1001.webp	flux2-klein-4b	1001	1200	800	177712	2026-09-11T02:13:58+00:00	chosen	Promoted from local candidate f8c283c039b5.	refined
012-02	v04	assets/art/panels/012-02/v04-storyboard-svg.svg	storyboard-svg		1200	800	5578	2026-09-12T21:18:26+00:00	candidate		storyboard
012-02	v05	assets/art/panels/012-02/v05-storyboard-svg.svg	storyboard-svg		1200	800	10199	2026-09-12T23:00:59+00:00	candidate		storyboard
012-02	v06	assets/art/panels/012-02/v06-storyboard-svg.svg	storyboard-svg		1200	800	10265	2026-09-12T23:55:10+00:00	candidate		storyboard
012-02	v07	assets/art/panels/012-02/v07-storyboard-svg.svg	storyboard-svg		1200	800	12344	2026-09-13T00:10:05+00:00	candidate		storyboard
012-02	v08	assets/art/panels/012-02/v08-storyboard-svg.svg	storyboard-svg		1200	800	18864	2026-09-13T00:25:40+00:00	candidate		storyboard
012-02	v09	assets/art/panels/012-02/v09-storyboard-svg.svg	storyboard-svg		1200	800	19071	2026-09-13T01:34:47+00:00	candidate		storyboard
012-03	v01	assets/art/panels/012-03/v01-storyboard-svg.svg	storyboard-svg		1200	800	5061	2026-09-07T16:49:07+00:00	candidate		storyboard
012-03	v02	assets/art/panels/012-03/v02-storyboard-svg.svg	storyboard-svg		1200	800	5342	2026-09-07T16:55:02+00:00	candidate		storyboard
012-03	v03	assets/art/panels/012-03/v03-storyboard-svg.svg	storyboard-svg		1200	800	5729	2026-09-12T21:18:26+00:00	candidate		storyboard
012-03	v04	assets/art/panels/012-03/v04-storyboard-svg.svg	storyboard-svg		1200	800	11074	2026-09-12T23:00:59+00:00	candidate		storyboard
012-03	v05	assets/art/panels/012-03/v05-storyboard-svg.svg	storyboard-svg		1200	800	11687	2026-09-12T23:30:35+00:00	candidate		storyboard
012-03	v06	assets/art/panels/012-03/v06-storyboard-svg.svg	storyboard-svg		1200	800	11765	2026-09-12T23:55:10+00:00	candidate		storyboard
012-03	v07	assets/art/panels/012-03/v07-storyboard-svg.svg	storyboard-svg		1200	800	13892	2026-09-13T00:10:05+00:00	candidate		storyboard
012-03	v08	assets/art/panels/012-03/v08-storyboard-svg.svg	storyboard-svg		1200	800	20572	2026-09-13T00:25:40+00:00	candidate		storyboard
012-03	v09	assets/art/panels/012-03/v09-storyboard-svg.svg	storyboard-svg		1200	800	20961	2026-09-13T01:34:47+00:00	chosen	Semantic font key; reviewed source and lettering geometry.	storyboard
012-04	v01	assets/art/panels/012-04/v01-storyboard-svg.svg	storyboard-svg		1200	800	5367	2026-09-07T16:49:07+00:00	candidate		storyboard
012-04	v02	assets/art/panels/012-04/v02-storyboard-svg.svg	storyboard-svg		1200	800	5776	2026-09-07T16:55:02+00:00	candidate		storyboard
012-04	v03	assets/art/panels/012-04/v03-flux2-klein-4b-2002.webp	flux2-klein-4b	2002	1200	800	243848	2026-09-11T02:14:37+00:00	chosen	Promoted from local candidate b51c2fd4e0c2.	refined
012-04	v04	assets/art/panels/012-04/v04-storyboard-svg.svg	storyboard-svg		1200	800	6883	2026-09-12T21:18:26+00:00	candidate		storyboard
012-04	v05	assets/art/panels/012-04/v05-storyboard-svg.svg	storyboard-svg		1200	800	11239	2026-09-12T23:00:59+00:00	candidate		storyboard
012-04	v06	assets/art/panels/012-04/v06-storyboard-svg.svg	storyboard-svg		1200	800	10848	2026-09-12T23:15:35+00:00	candidate		storyboard
012-04	v07	assets/art/panels/012-04/v07-storyboard-svg.svg	storyboard-svg		1200	800	12206	2026-09-12T23:30:35+00:00	candidate		storyboard
012-04	v08	assets/art/panels/012-04/v08-storyboard-svg.svg	storyboard-svg		1200	800	12284	2026-09-12T23:55:10+00:00	candidate		storyboard
012-04	v09	assets/art/panels/012-04/v09-storyboard-svg.svg	storyboard-svg		1200	800	14411	2026-09-13T00:10:05+00:00	candidate		storyboard
012-04	v10	assets/art/panels/012-04/v10-storyboard-svg.svg	storyboard-svg		1200	800	21091	2026-09-13T00:25:40+00:00	candidate		storyboard
012-04	v11	assets/art/panels/012-04/v11-storyboard-svg.svg	storyboard-svg		1200	800	21663	2026-09-13T01:34:47+00:00	candidate		storyboard
012-05	v01	assets/art/panels/012-05/v01-storyboard-svg.svg	storyboard-svg		1200	800	9734	2026-09-07T16:49:07+00:00	candidate		storyboard
012-05	v02	assets/art/panels/012-05/v02-storyboard-svg.svg	storyboard-svg		1200	800	10284	2026-09-07T16:55:02+00:00	candidate		storyboard
012-05	v03	assets/art/panels/012-05/v03-flux2-klein-4b-1001.webp	flux2-klein-4b	1001	1200	800	198736	2026-09-11T02:15:11+00:00	chosen	Promoted from local candidate 6c6d520270f4.	refined
012-05	v04	assets/art/panels/012-05/v04-storyboard-svg.svg	storyboard-svg		1200	800	10713	2026-09-12T21:18:26+00:00	candidate		storyboard
012-05	v05	assets/art/panels/012-05/v05-storyboard-svg.svg	storyboard-svg		1200	800	18652	2026-09-12T23:00:59+00:00	candidate		storyboard
012-05	v06	assets/art/panels/012-05/v06-storyboard-svg.svg	storyboard-svg		1200	800	19265	2026-09-12T23:30:35+00:00	candidate		storyboard
012-05	v07	assets/art/panels/012-05/v07-storyboard-svg.svg	storyboard-svg		1200	800	19343	2026-09-12T23:55:10+00:00	candidate		storyboard
012-05	v08	assets/art/panels/012-05/v08-storyboard-svg.svg	storyboard-svg		1200	800	21470	2026-09-13T00:10:05+00:00	candidate		storyboard
012-05	v09	assets/art/panels/012-05/v09-storyboard-svg.svg	storyboard-svg		1200	800	28150	2026-09-13T00:25:40+00:00	candidate		storyboard
012-05	v10	assets/art/panels/012-05/v10-storyboard-svg.svg	storyboard-svg		1200	800	28904	2026-09-13T01:34:47+00:00	candidate		storyboard
012-06	v01	assets/art/panels/012-06/v01-storyboard-svg.svg	storyboard-svg		1200	800	1785	2026-09-07T16:49:07+00:00	candidate		storyboard
012-06	v02	assets/art/panels/012-06/v02-storyboard-svg.svg	storyboard-svg		1200	800	1814	2026-09-07T16:55:02+00:00	candidate		storyboard
012-06	v03	assets/art/panels/012-06/v03-storyboard-svg.svg	storyboard-svg		1200	800	1882	2026-09-09T21:19:15+00:00	candidate		storyboard
012-06	v04	assets/art/panels/012-06/v04-storyboard-svg.svg	storyboard-svg		1200	800	2248	2026-09-12T21:18:26+00:00	candidate		storyboard
012-06	v05	assets/art/panels/012-06/v05-storyboard-svg.svg	storyboard-svg		1200	800	2294	2026-09-12T23:55:10+00:00	candidate		storyboard
012-06	v06	assets/art/panels/012-06/v06-storyboard-svg.svg	storyboard-svg		1200	800	2317	2026-09-13T01:34:47+00:00	chosen	Semantic font key; reviewed source and lettering geometry.	storyboard
013-01	v01	assets/art/panels/013-01/v01-flux2-klein-4b-1001.webp	flux2-klein-4b	1001	1200	800	173824	2026-09-05T18:53:33+00:00	candidate		refined
013-01	v02	assets/art/panels/013-01/v02-storyboard-svg.svg	storyboard-svg		1200	800	13855	2026-09-07T14:11:22+00:00	candidate		storyboard
013-01	v03	assets/art/panels/013-01/v03-storyboard-svg.svg	storyboard-svg		1200	800	7327	2026-09-07T14:13:12+00:00	candidate		storyboard
013-01	v04	assets/art/panels/013-01/v04-builtin-image-pilot.png	builtin-image-pilot		1536	1024	2630655	2026-09-07T18:22:42+00:00	rejected	Pilot: invented tiny screen and printer-paper glyphs; superseded by v05.	refined
013-01	v05	assets/art/panels/013-01/v05-builtin-image-pilot.png	builtin-image-pilot		1536	1024	2430726	2026-09-07T18:22:43+00:00	candidate	Pilot: obscured creator, stable desk geography, simplified unlettered screen fields; provisional.	refined
013-01	v06	assets/art/panels/013-01/v06-pilot-border.svg	pilot-border		1536	1024	3241247	2026-09-07T18:25:45+00:00	chosen	Pilot: corrected render with controlled broken reconstruction border; provisional.	refined
013-01	v07	assets/art/panels/013-01/v07-storyboard-svg.svg	storyboard-svg		1200	800	7795	2026-09-12T21:18:26+00:00	candidate		storyboard
013-01	v08	assets/art/panels/013-01/v08-storyboard-svg.svg	storyboard-svg		1200	800	8357	2026-09-12T22:35:06+00:00	candidate		storyboard
013-01	v09	assets/art/panels/013-01/v09-storyboard-svg.svg	storyboard-svg		1200	800	16009	2026-09-12T23:00:59+00:00	candidate		storyboard
013-01	v10	assets/art/panels/013-01/v10-storyboard-svg.svg	storyboard-svg		1200	800	16045	2026-09-12T23:55:10+00:00	candidate		storyboard
013-02	v01	assets/art/panels/013-02/v01-flux2-klein-4b-1001.webp	flux2-klein-4b	1001	1200	800	219644	2026-09-05T18:54:36+00:00	candidate		refined
013-02	v02	assets/art/panels/013-02/v02-flux2-klein-4b-1001.webp	flux2-klein-4b	1001	1200	800	227758	2026-09-05T19:52:59+00:00	candidate	drawn 5 Sep 2026 with the reverted panel-first prompt arrangement, not the committed composer	refined
013-02	v03	assets/art/panels/013-02/v03-storyboard-svg.svg	storyboard-svg		1200	800	11348	2026-09-07T14:11:22+00:00	candidate		storyboard
013-02	v04	assets/art/panels/013-02/v04-storyboard-svg.svg	storyboard-svg		1200	800	3611	2026-09-07T14:13:12+00:00	candidate		storyboard
013-02	v05	assets/art/panels/013-02/v05-storyboard-svg.svg	storyboard-svg		1200	800	4069	2026-09-07T14:18:19+00:00	candidate		storyboard
013-02	v06	assets/art/panels/013-02/v06-office-sequence.png	office-sequence		1536	1024	2164577	2026-09-07T18:46:41+00:00	candidate		refined
013-02	v07	assets/art/panels/013-02/v07-pilot-border.svg	pilot-border		1536	1024	2886432	2026-09-07T18:46:41+00:00	chosen	Pilot sequence: restrained invented creator reaction; abstract source blocks; provisional likeness and controlled reconstruction border.	refined
013-02	v08	assets/art/panels/013-02/v08-storyboard-svg.svg	storyboard-svg		1200	800	4119	2026-09-12T21:18:26+00:00	candidate		storyboard
013-02	v09	assets/art/panels/013-02/v09-storyboard-svg.svg	storyboard-svg		1200	800	6398	2026-09-12T23:00:59+00:00	candidate		storyboard
013-02	v10	assets/art/panels/013-02/v10-storyboard-svg.svg	storyboard-svg		1200	800	6434	2026-09-12T23:55:10+00:00	candidate		storyboard
013-02	v11	assets/art/panels/013-02/v11-storyboard-svg.svg	storyboard-svg		1200	800	7585	2026-09-13T00:10:05+00:00	candidate		storyboard
013-02	v12	assets/art/panels/013-02/v12-storyboard-svg.svg	storyboard-svg		1200	800	11182	2026-09-13T00:25:40+00:00	candidate		storyboard
013-02	v13	assets/art/panels/013-02/v13-storyboard-svg.svg	storyboard-svg		1200	800	11203	2026-09-13T01:34:47+00:00	candidate		storyboard
013-03	v01	assets/art/panels/013-03/v01-storyboard-svg.svg	storyboard-svg		1200	800	7515	2026-09-07T16:08:40+00:00	candidate		storyboard
013-03	v02	assets/art/panels/013-03/v02-office-sequence.png	office-sequence		1536	1024	2340257	2026-09-07T18:46:41+00:00	rejected	Pilot sequence: omitted separate keyboard present in neighboring close-ups.	refined
013-03	v03	assets/art/panels/013-03/v03-office-sequence.png	office-sequence		1536	1024	2160130	2026-09-07T18:46:41+00:00	candidate		refined
013-03	v04	assets/art/panels/013-03/v04-pilot-border.svg	pilot-border		1536	1024	2880504	2026-09-07T18:46:42+00:00	chosen	Pilot sequence: keyboard restored; centered laptop, untouched drink and branching infrastructure retained; provisional.	refined
013-03	v05	assets/art/panels/013-03/v05-storyboard-svg.svg	storyboard-svg		1200	800	7955	2026-09-12T21:18:26+00:00	candidate		storyboard
013-03	v06	assets/art/panels/013-03/v06-storyboard-svg.svg	storyboard-svg		1200	800	16090	2026-09-12T23:00:59+00:00	candidate		storyboard
013-03	v07	assets/art/panels/013-03/v07-storyboard-svg.svg	storyboard-svg		1200	800	16126	2026-09-12T23:55:10+00:00	candidate		storyboard
013-03	v08	assets/art/panels/013-03/v08-storyboard-svg.svg	storyboard-svg		1200	800	17277	2026-09-13T00:10:05+00:00	candidate		storyboard
013-03	v09	assets/art/panels/013-03/v09-storyboard-svg.svg	storyboard-svg		1200	800	20874	2026-09-13T00:25:40+00:00	candidate		storyboard
013-03	v10	assets/art/panels/013-03/v10-storyboard-svg.svg	storyboard-svg		1200	800	20895	2026-09-13T01:34:47+00:00	candidate		storyboard
013-04	v01	assets/art/panels/013-04/v01-storyboard-svg.svg	storyboard-svg		1200	800	12270	2026-09-07T14:11:22+00:00	candidate		storyboard
013-04	v02	assets/art/panels/013-04/v02-storyboard-svg.svg	storyboard-svg		1200	800	5757	2026-09-07T14:13:13+00:00	candidate	Pilot: retain controlled storyboard after richer candidate failed text review.	storyboard
013-04	v03	assets/art/panels/013-04/v03-builtin-image-pilot.png	builtin-image-pilot		1536	1024	2808533	2026-09-07T18:22:42+00:00	rejected	Pilot: printer-paper pseudo-writing and tiny UI/hardware marks persist.	refined
013-04	v04	assets/art/panels/013-04/v04-office-followup.png	office-followup		1536	1024	2287525	2026-09-07T18:36:07+00:00	candidate		refined
013-04	v05	assets/art/panels/013-04/v05-pilot-border.svg	pilot-border		1536	1024	3050315	2026-09-07T18:36:07+00:00	chosen	Office follow-up: corrected reference preserves centered laptop and empty conversation; controlled reconstruction border; provisional.	refined
013-04	v06	assets/art/panels/013-04/v06-storyboard-svg.svg	storyboard-svg		1200	800	6163	2026-09-12T21:18:26+00:00	candidate		storyboard
013-04	v07	assets/art/panels/013-04/v07-storyboard-svg.svg	storyboard-svg		1200	800	14263	2026-09-12T23:00:59+00:00	candidate		storyboard
013-04	v08	assets/art/panels/013-04/v08-storyboard-svg.svg	storyboard-svg		1200	800	14299	2026-09-12T23:55:10+00:00	candidate		storyboard
013-04	v09	assets/art/panels/013-04/v09-storyboard-svg.svg	storyboard-svg		1200	800	15450	2026-09-13T00:10:05+00:00	candidate		storyboard
013-04	v10	assets/art/panels/013-04/v10-storyboard-svg.svg	storyboard-svg		1200	800	19047	2026-09-13T00:25:40+00:00	candidate		storyboard
013-04	v11	assets/art/panels/013-04/v11-storyboard-svg.svg	storyboard-svg		1200	800	19068	2026-09-13T01:34:47+00:00	candidate		storyboard
013-05	v01	assets/art/panels/013-05/v01-storyboard-svg.svg	storyboard-svg		1200	800	13091	2026-09-07T14:11:23+00:00	candidate		storyboard
013-05	v02	assets/art/panels/013-05/v02-storyboard-svg.svg	storyboard-svg		1200	800	6794	2026-09-07T14:13:13+00:00	candidate	Pilot: retain controlled storyboard after richer candidate failed continuity review.	storyboard
013-05	v03	assets/art/panels/013-05/v03-builtin-image-pilot.png	builtin-image-pilot		1536	1024	2961391	2026-09-07T18:22:43+00:00	rejected	Pilot: laptop migrates from center to right; pseudo-writing persists.	refined
013-05	v04	assets/art/panels/013-05/v04-office-followup.png	office-followup		1536	1024	2399195	2026-09-07T18:36:08+00:00	candidate		refined
013-05	v05	assets/art/panels/013-05/v05-pilot-border.svg	pilot-border		1536	1024	3199207	2026-09-07T18:36:08+00:00	chosen	Office follow-up: centered laptop retained behind hands; source remains abstract; controlled reconstruction border; provisional.	refined
013-05	v06	assets/art/panels/013-05/v06-storyboard-svg.svg	storyboard-svg		1200	800	7327	2026-09-12T21:18:26+00:00	candidate		storyboard
013-05	v07	assets/art/panels/013-05/v07-storyboard-svg.svg	storyboard-svg		1200	800	16534	2026-09-12T23:00:59+00:00	candidate		storyboard
013-05	v08	assets/art/panels/013-05/v08-storyboard-svg.svg	storyboard-svg		1200	800	16570	2026-09-12T23:55:10+00:00	candidate		storyboard
013-05	v09	assets/art/panels/013-05/v09-storyboard-svg.svg	storyboard-svg		1200	800	17721	2026-09-13T00:10:05+00:00	candidate		storyboard
013-05	v10	assets/art/panels/013-05/v10-storyboard-svg.svg	storyboard-svg		1200	800	21318	2026-09-13T00:25:40+00:00	candidate		storyboard
013-05	v11	assets/art/panels/013-05/v11-storyboard-svg.svg	storyboard-svg		1200	800	21343	2026-09-13T01:34:47+00:00	candidate		storyboard
014-01	v01	assets/art/panels/014-01/v01-flux2-klein-4b-1001.webp	flux2-klein-4b	1001	1200	800	196660	2026-09-05T18:55:39+00:00	candidate		refined
014-01	v02	assets/art/panels/014-01/v02-storyboard-svg.svg	storyboard-svg		1200	800	4278	2026-09-07T16:49:07+00:00	candidate		storyboard
014-01	v03	assets/art/panels/014-01/v03-storyboard-svg.svg	storyboard-svg		1200	800	4573	2026-09-07T16:55:03+00:00	candidate		storyboard
014-01	v04	assets/art/panels/014-01/v04-panel-fit.svg	panel-fit		1200	800	262930	2026-09-09T02:11:22+00:00	chosen	Textured off-white outer border removed; visually reviewed; original model bytes retained. 8px allowance clears irregular edges; centered 3:2 framing.	refined
014-01	v05	assets/art/panels/014-01/v05-storyboard-svg.svg	storyboard-svg		1200	800	5019	2026-09-12T21:18:26+00:00	candidate		storyboard
014-01	v06	assets/art/panels/014-01/v06-storyboard-svg.svg	storyboard-svg		1200	800	8179	2026-09-12T23:00:59+00:00	candidate		storyboard
014-01	v07	assets/art/panels/014-01/v07-storyboard-svg.svg	storyboard-svg		1200	800	8215	2026-09-12T23:55:10+00:00	candidate		storyboard
014-01	v08	assets/art/panels/014-01/v08-storyboard-svg.svg	storyboard-svg		1200	800	9366	2026-09-13T00:10:05+00:00	candidate		storyboard
014-01	v09	assets/art/panels/014-01/v09-storyboard-svg.svg	storyboard-svg		1200	800	12963	2026-09-13T00:25:40+00:00	candidate		storyboard
014-01	v10	assets/art/panels/014-01/v10-storyboard-svg.svg	storyboard-svg		1200	800	13353	2026-09-13T01:34:47+00:00	candidate		storyboard
014-02	v01	assets/art/panels/014-02/v01-storyboard-svg.svg	storyboard-svg		1200	800	10592	2026-09-07T16:08:41+00:00	candidate		storyboard
014-02	v02	assets/art/panels/014-02/v02-flux2-klein-4b-1001.webp	flux2-klein-4b	1001	1200	800	201248	2026-09-11T02:21:09+00:00	chosen	Promoted from local candidate 117920075dd8.	refined
014-02	v03	assets/art/panels/014-02/v03-storyboard-svg.svg	storyboard-svg		1200	800	11102	2026-09-12T21:18:26+00:00	candidate		storyboard
014-02	v04	assets/art/panels/014-02/v04-storyboard-svg.svg	storyboard-svg		1200	800	11816	2026-09-12T22:35:06+00:00	candidate		storyboard
014-02	v05	assets/art/panels/014-02/v05-storyboard-svg.svg	storyboard-svg		1200	800	22097	2026-09-12T23:00:59+00:00	candidate		storyboard
014-02	v06	assets/art/panels/014-02/v06-storyboard-svg.svg	storyboard-svg		1200	800	22133	2026-09-12T23:55:10+00:00	candidate		storyboard
014-02	v07	assets/art/panels/014-02/v07-storyboard-svg.svg	storyboard-svg		1200	800	22154	2026-09-13T01:34:47+00:00	candidate		storyboard
014-03	v01	assets/art/panels/014-03/v01-storyboard-svg.svg	storyboard-svg		1200	800	7081	2026-09-07T16:08:41+00:00	candidate		storyboard
014-03	v02	assets/art/panels/014-03/v02-storyboard-svg.svg	storyboard-svg		1200	800	7240	2026-09-07T16:10:30+00:00	candidate		storyboard
014-03	v03	assets/art/panels/014-03/v03-flux2-klein-4b-2002.webp	flux2-klein-4b	2002	1200	800	219922	2026-09-11T02:22:06+00:00	chosen	Promoted from local candidate 372c6aaab97c.	refined
014-03	v04	assets/art/panels/014-03/v04-storyboard-svg.svg	storyboard-svg		1200	800	7690	2026-09-12T21:18:26+00:00	candidate		storyboard
014-03	v05	assets/art/panels/014-03/v05-storyboard-svg.svg	storyboard-svg		1200	800	13577	2026-09-12T23:00:59+00:00	candidate		storyboard
014-03	v06	assets/art/panels/014-03/v06-storyboard-svg.svg	storyboard-svg		1200	800	13613	2026-09-12T23:55:10+00:00	candidate		storyboard
014-03	v07	assets/art/panels/014-03/v07-storyboard-svg.svg	storyboard-svg		1200	800	14764	2026-09-13T00:10:05+00:00	candidate		storyboard
014-03	v08	assets/art/panels/014-03/v08-storyboard-svg.svg	storyboard-svg		1200	800	18361	2026-09-13T00:25:40+00:00	candidate		storyboard
014-03	v09	assets/art/panels/014-03/v09-storyboard-svg.svg	storyboard-svg		1200	800	18803	2026-09-13T01:34:47+00:00	candidate		storyboard
014-04	v01	assets/art/panels/014-04/v01-flux2-klein-4b-1001.webp	flux2-klein-4b	1001	1200	800	197582	2026-09-05T22:24:36+00:00	candidate		refined
014-04	v02	assets/art/panels/014-04/v02-storyboard-svg.svg	storyboard-svg		1200	800	12903	2026-09-07T14:11:23+00:00	candidate		storyboard
014-04	v03	assets/art/panels/014-04/v03-storyboard-svg.svg	storyboard-svg		1200	800	4750	2026-09-07T14:13:13+00:00	candidate		storyboard
014-04	v04	assets/art/panels/014-04/v04-panel-fit.svg	panel-fit		1200	800	264158	2026-09-09T02:11:22+00:00	chosen	Textured off-white outer border removed; visually reviewed; original model bytes retained. 8px allowance clears irregular edges; centered 3:2 framing.	refined
014-04	v05	assets/art/panels/014-04/v05-storyboard-svg.svg	storyboard-svg		1200	800	5977	2026-09-12T21:18:26+00:00	candidate		storyboard
014-04	v06	assets/art/panels/014-04/v06-storyboard-svg.svg	storyboard-svg		1200	800	11088	2026-09-12T23:00:59+00:00	candidate		storyboard
014-04	v07	assets/art/panels/014-04/v07-storyboard-svg.svg	storyboard-svg		1200	800	11124	2026-09-12T23:55:10+00:00	candidate		storyboard
014-04	v08	assets/art/panels/014-04/v08-storyboard-svg.svg	storyboard-svg		1200	800	12275	2026-09-13T00:10:05+00:00	candidate		storyboard
014-04	v09	assets/art/panels/014-04/v09-storyboard-svg.svg	storyboard-svg		1200	800	15872	2026-09-13T00:25:40+00:00	candidate		storyboard
014-04	v10	assets/art/panels/014-04/v10-storyboard-svg.svg	storyboard-svg		1200	800	16425	2026-09-13T01:34:47+00:00	candidate		storyboard
014-05	v01	assets/art/panels/014-05/v01-flux2-klein-4b-1001.webp	flux2-klein-4b	1001	1200	800	200074	2026-09-05T18:57:46+00:00	candidate		refined
014-05	v02	assets/art/panels/014-05/v02-storyboard-svg.svg	storyboard-svg		1200	800	13114	2026-09-07T14:11:23+00:00	candidate		storyboard
014-05	v03	assets/art/panels/014-05/v03-storyboard-svg.svg	storyboard-svg		1200	800	6161	2026-09-07T14:13:13+00:00	candidate		storyboard
014-05	v04	assets/art/panels/014-05/v04-panel-fit.svg	panel-fit		1200	800	267482	2026-09-09T02:11:23+00:00	chosen	Textured off-white outer border removed; visually reviewed; original model bytes retained. 8px allowance clears irregular edges; centered 3:2 framing.	refined
014-05	v05	assets/art/panels/014-05/v05-storyboard-svg.svg	storyboard-svg		1200	800	6665	2026-09-12T21:18:26+00:00	candidate		storyboard
014-05	v06	assets/art/panels/014-05/v06-storyboard-svg.svg	storyboard-svg		1200	800	11602	2026-09-12T23:00:59+00:00	candidate		storyboard
014-05	v07	assets/art/panels/014-05/v07-storyboard-svg.svg	storyboard-svg		1200	800	11638	2026-09-12T23:55:10+00:00	candidate		storyboard
014-05	v08	assets/art/panels/014-05/v08-storyboard-svg.svg	storyboard-svg		1200	800	12789	2026-09-13T00:10:05+00:00	candidate		storyboard
014-05	v09	assets/art/panels/014-05/v09-storyboard-svg.svg	storyboard-svg		1200	800	16386	2026-09-13T00:25:40+00:00	candidate		storyboard
014-05	v10	assets/art/panels/014-05/v10-storyboard-svg.svg	storyboard-svg		1200	800	16671	2026-09-13T01:34:47+00:00	candidate		storyboard
014-06	v01	assets/art/panels/014-06/v01-storyboard-svg.svg	storyboard-svg		1200	800	4310	2026-09-07T16:08:41+00:00	candidate		storyboard
014-06	v02	assets/art/panels/014-06/v02-flux2-klein-4b-1001.webp	flux2-klein-4b	1001	1200	800	179012	2026-09-11T02:23:24+00:00	chosen	Promoted from local candidate bec634b148fa.	refined
014-06	v03	assets/art/panels/014-06/v03-storyboard-svg.svg	storyboard-svg		1200	800	4707	2026-09-12T21:18:26+00:00	candidate		storyboard
014-06	v04	assets/art/panels/014-06/v04-storyboard-svg.svg	storyboard-svg		1200	800	8145	2026-09-12T23:00:59+00:00	candidate		storyboard
014-06	v05	assets/art/panels/014-06/v05-storyboard-svg.svg	storyboard-svg		1200	800	7288	2026-09-12T23:15:36+00:00	candidate		storyboard
014-06	v06	assets/art/panels/014-06/v06-storyboard-svg.svg	storyboard-svg		1200	800	7324	2026-09-12T23:55:10+00:00	candidate		storyboard
014-06	v07	assets/art/panels/014-06/v07-storyboard-svg.svg	storyboard-svg		1200	800	8475	2026-09-13T00:10:05+00:00	candidate		storyboard
014-06	v08	assets/art/panels/014-06/v08-storyboard-svg.svg	storyboard-svg		1200	800	12072	2026-09-13T00:25:40+00:00	candidate		storyboard
014-06	v09	assets/art/panels/014-06/v09-storyboard-svg.svg	storyboard-svg		1200	800	12382	2026-09-13T01:34:47+00:00	candidate		storyboard
015-01	v01	assets/art/panels/015-01/v01-storyboard-svg.svg	storyboard-svg		1200	800	6489	2026-09-07T16:08:41+00:00	candidate		storyboard
015-01	v02	assets/art/panels/015-01/v02-storyboard-svg.svg	storyboard-svg		1200	800	6998	2026-09-12T21:18:26+00:00	candidate		storyboard
015-01	v03	assets/art/panels/015-01/v03-storyboard-svg.svg	storyboard-svg		1200	800	14099	2026-09-12T23:00:59+00:00	candidate		storyboard
015-01	v04	assets/art/panels/015-01/v04-storyboard-svg.svg	storyboard-svg		1200	800	14135	2026-09-12T23:55:10+00:00	candidate		storyboard
015-01	v05	assets/art/panels/015-01/v05-storyboard-svg.svg	storyboard-svg		1200	800	15286	2026-09-13T00:10:05+00:00	candidate		storyboard
015-01	v06	assets/art/panels/015-01/v06-storyboard-svg.svg	storyboard-svg		1200	800	18883	2026-09-13T00:25:40+00:00	candidate		storyboard
015-01	v07	assets/art/panels/015-01/v07-storyboard-svg.svg	storyboard-svg		1200	800	19300	2026-09-13T01:34:47+00:00	chosen	Semantic font key; reviewed source and lettering geometry.	storyboard
015-02	v01	assets/art/panels/015-02/v01-flux2-klein-4b-4001.webp	flux2-klein-4b	4001	1200	800	457632	2026-09-03T19:02:56+00:00	candidate		refined
015-02	v02	assets/art/panels/015-02/v02-flux2-klein-4b-4001.webp	flux2-klein-4b	4001	1200	800	277082	2026-09-03T20:57:39+00:00	candidate		refined
015-02	v03	assets/art/panels/015-02/v03-storyboard-svg.svg	storyboard-svg		1200	800	4475	2026-09-07T16:49:07+00:00	candidate		storyboard
015-02	v04	assets/art/panels/015-02/v04-storyboard-svg.svg	storyboard-svg		1200	800	4843	2026-09-07T16:55:03+00:00	chosen		storyboard
015-02	v05	assets/art/panels/015-02/v05-storyboard-svg.svg	storyboard-svg		1200	800	5404	2026-09-12T21:18:26+00:00	candidate		storyboard
015-02	v06	assets/art/panels/015-02/v06-storyboard-svg.svg	storyboard-svg		1200	800	9353	2026-09-12T23:00:59+00:00	candidate		storyboard
015-02	v07	assets/art/panels/015-02/v07-storyboard-svg.svg	storyboard-svg		1200	800	9966	2026-09-12T23:30:36+00:00	candidate		storyboard
015-02	v08	assets/art/panels/015-02/v08-storyboard-svg.svg	storyboard-svg		1200	800	10002	2026-09-12T23:55:10+00:00	candidate		storyboard
015-02	v09	assets/art/panels/015-02/v09-storyboard-svg.svg	storyboard-svg		1200	800	10576	2026-09-13T01:34:47+00:00	candidate		storyboard
015-03	v01	assets/art/panels/015-03/v01-storyboard-svg.svg	storyboard-svg		1200	800	4362	2026-09-07T16:08:41+00:00	candidate		storyboard
015-03	v02	assets/art/panels/015-03/v02-storyboard-svg.svg	storyboard-svg		1200	800	4785	2026-09-12T21:18:26+00:00	candidate		storyboard
015-03	v03	assets/art/panels/015-03/v03-storyboard-svg.svg	storyboard-svg		1200	800	9511	2026-09-12T23:00:59+00:00	candidate		storyboard
015-03	v04	assets/art/panels/015-03/v04-storyboard-svg.svg	storyboard-svg		1200	800	9547	2026-09-12T23:55:10+00:00	candidate		storyboard
015-03	v05	assets/art/panels/015-03/v05-storyboard-svg.svg	storyboard-svg		1200	800	10698	2026-09-13T00:10:05+00:00	candidate		storyboard
015-03	v06	assets/art/panels/015-03/v06-storyboard-svg.svg	storyboard-svg		1200	800	14295	2026-09-13T00:25:40+00:00	candidate		storyboard
015-03	v07	assets/art/panels/015-03/v07-storyboard-svg.svg	storyboard-svg		1200	800	14316	2026-09-13T01:34:47+00:00	chosen	Semantic font key; reviewed source and lettering geometry.	storyboard
015-04	v01	assets/art/panels/015-04/v01-flux2-klein-4b-4001.webp	flux2-klein-4b	4001	1200	800	401944	2026-09-03T19:04:14+00:00	candidate		refined
015-04	v02	assets/art/panels/015-04/v02-flux2-klein-4b-4001.webp	flux2-klein-4b	4001	1200	800	302022	2026-09-03T20:58:56+00:00	chosen		refined
015-04	v03	assets/art/panels/015-04/v03-storyboard-svg.svg	storyboard-svg		1200	800	7108	2026-09-07T16:49:07+00:00	candidate		storyboard
015-04	v04	assets/art/panels/015-04/v04-storyboard-svg.svg	storyboard-svg		1200	800	7506	2026-09-12T21:18:26+00:00	candidate		storyboard
015-04	v05	assets/art/panels/015-04/v05-storyboard-svg.svg	storyboard-svg		1200	800	11646	2026-09-12T23:00:59+00:00	candidate		storyboard
015-04	v06	assets/art/panels/015-04/v06-storyboard-svg.svg	storyboard-svg		1200	800	11710	2026-09-12T23:55:10+00:00	candidate		storyboard
015-04	v07	assets/art/panels/015-04/v07-storyboard-svg.svg	storyboard-svg		1200	800	13917	2026-09-13T00:10:05+00:00	candidate		storyboard
015-04	v08	assets/art/panels/015-04/v08-storyboard-svg.svg	storyboard-svg		1200	800	20844	2026-09-13T00:25:40+00:00	candidate		storyboard
015-04	v09	assets/art/panels/015-04/v09-storyboard-svg.svg	storyboard-svg		1200	800	20869	2026-09-13T01:34:47+00:00	candidate		storyboard
015-05	v01	assets/art/panels/015-05/v01-storyboard-svg.svg	storyboard-svg		1200	800	9851	2026-09-07T16:08:41+00:00	candidate		storyboard
015-05	v02	assets/art/panels/015-05/v02-storyboard-svg.svg	storyboard-svg		1200	800	10286	2026-09-12T21:18:26+00:00	candidate		storyboard
015-05	v03	assets/art/panels/015-05/v03-storyboard-svg.svg	storyboard-svg		1200	800	22673	2026-09-12T23:00:59+00:00	candidate		storyboard
015-05	v04	assets/art/panels/015-05/v04-storyboard-svg.svg	storyboard-svg		1200	800	21772	2026-09-12T23:15:36+00:00	candidate		storyboard
015-05	v05	assets/art/panels/015-05/v05-storyboard-svg.svg	storyboard-svg		1200	800	21836	2026-09-12T23:55:10+00:00	candidate		storyboard
015-05	v06	assets/art/panels/015-05/v06-storyboard-svg.svg	storyboard-svg		1200	800	24043	2026-09-13T00:10:05+00:00	candidate		storyboard
015-05	v07	assets/art/panels/015-05/v07-storyboard-svg.svg	storyboard-svg		1200	800	30970	2026-09-13T00:25:40+00:00	candidate		storyboard
015-05	v08	assets/art/panels/015-05/v08-storyboard-svg.svg	storyboard-svg		1200	800	31123	2026-09-13T01:34:47+00:00	chosen	Semantic font key; reviewed source and lettering geometry.	storyboard
016-01	v01	assets/art/panels/016-01/v01-storyboard-svg.svg	storyboard-svg		1200	800	5465	2026-09-07T16:49:07+00:00	candidate		storyboard
016-01	v02	assets/art/panels/016-01/v02-storyboard-svg.svg	storyboard-svg		1200	800	6110	2026-09-07T16:55:03+00:00	candidate		storyboard
016-01	v03	assets/art/panels/016-01/v03-storyboard-svg.svg	storyboard-svg		1200	800	6499	2026-09-12T21:18:26+00:00	candidate		storyboard
016-01	v04	assets/art/panels/016-01/v04-storyboard-svg.svg	storyboard-svg		1200	800	8842	2026-09-12T23:00:59+00:00	candidate		storyboard
016-01	v05	assets/art/panels/016-01/v05-storyboard-svg.svg	storyboard-svg		1200	800	8879	2026-09-12T23:55:10+00:00	candidate		storyboard
016-01	v06	assets/art/panels/016-01/v06-storyboard-svg.svg	storyboard-svg		1200	800	9930	2026-09-13T00:10:05+00:00	candidate		storyboard
016-01	v07	assets/art/panels/016-01/v07-storyboard-svg.svg	storyboard-svg		1200	800	13260	2026-09-13T00:25:40+00:00	candidate		storyboard
016-01	v08	assets/art/panels/016-01/v08-storyboard-svg.svg	storyboard-svg		1200	800	14039	2026-09-13T01:34:47+00:00	chosen	Semantic font key; reviewed source and lettering geometry.	storyboard
016-02	v01	assets/art/panels/016-02/v01-storyboard-svg.svg	storyboard-svg		1200	800	6575	2026-09-07T16:49:07+00:00	candidate		storyboard
016-02	v02	assets/art/panels/016-02/v02-storyboard-svg.svg	storyboard-svg		1200	800	7193	2026-09-12T21:18:26+00:00	candidate		storyboard
016-02	v03	assets/art/panels/016-02/v03-storyboard-svg.svg	storyboard-svg		1200	800	11443	2026-09-12T23:00:59+00:00	candidate		storyboard
016-02	v04	assets/art/panels/016-02/v04-storyboard-svg.svg	storyboard-svg		1200	800	11485	2026-09-12T23:55:10+00:00	candidate		storyboard
016-02	v05	assets/art/panels/016-02/v05-storyboard-svg.svg	storyboard-svg		1200	800	12542	2026-09-13T00:10:05+00:00	candidate		storyboard
016-02	v06	assets/art/panels/016-02/v06-storyboard-svg.svg	storyboard-svg		1200	800	15816	2026-09-13T00:25:40+00:00	candidate		storyboard
016-02	v07	assets/art/panels/016-02/v07-storyboard-svg.svg	storyboard-svg		1200	800	15841	2026-09-13T01:34:47+00:00	chosen	Semantic font key; reviewed source and lettering geometry.	storyboard
016-03	v01	assets/art/panels/016-03/v01-storyboard-svg.svg	storyboard-svg		1200	800	4259	2026-09-07T16:49:07+00:00	candidate		storyboard
016-03	v02	assets/art/panels/016-03/v02-storyboard-svg.svg	storyboard-svg		1200	800	4505	2026-09-07T16:55:03+00:00	candidate		storyboard
016-03	v03	assets/art/panels/016-03/v03-storyboard-svg.svg	storyboard-svg		1200	800	4823	2026-09-12T21:18:26+00:00	candidate		storyboard
016-03	v04	assets/art/panels/016-03/v04-storyboard-svg.svg	storyboard-svg		1200	800	6797	2026-09-12T23:00:59+00:00	candidate		storyboard
016-03	v05	assets/art/panels/016-03/v05-storyboard-svg.svg	storyboard-svg		1200	800	6867	2026-09-12T23:55:10+00:00	candidate		storyboard
016-03	v06	assets/art/panels/016-03/v06-storyboard-svg.svg	storyboard-svg		1200	800	8980	2026-09-13T00:10:05+00:00	candidate		storyboard
016-03	v07	assets/art/panels/016-03/v07-storyboard-svg.svg	storyboard-svg		1200	800	15584	2026-09-13T00:25:40+00:00	candidate		storyboard
016-03	v08	assets/art/panels/016-03/v08-storyboard-svg.svg	storyboard-svg		1200	800	15975	2026-09-13T01:34:47+00:00	chosen	Semantic font key; reviewed source and lettering geometry.	storyboard
016-04	v01	assets/art/panels/016-04/v01-storyboard-svg.svg	storyboard-svg		1200	800	4040	2026-09-07T16:49:07+00:00	candidate		storyboard
016-04	v02	assets/art/panels/016-04/v02-storyboard-svg.svg	storyboard-svg		1200	800	4297	2026-09-07T16:55:03+00:00	candidate		storyboard
016-04	v03	assets/art/panels/016-04/v03-flux2-klein-4b-1001.webp	flux2-klein-4b	1001	1200	800	179570	2026-09-11T02:27:34+00:00	chosen	Promoted from local candidate 845b2319675b.	refined
016-04	v04	assets/art/panels/016-04/v04-storyboard-svg.svg	storyboard-svg		1200	800	5339	2026-09-12T21:18:26+00:00	candidate		storyboard
016-04	v05	assets/art/panels/016-04/v05-storyboard-svg.svg	storyboard-svg		1200	800	8661	2026-09-12T23:00:59+00:00	candidate		storyboard
016-04	v06	assets/art/panels/016-04/v06-storyboard-svg.svg	storyboard-svg		1200	800	8703	2026-09-12T23:55:10+00:00	candidate		storyboard
016-04	v07	assets/art/panels/016-04/v07-storyboard-svg.svg	storyboard-svg		1200	800	9760	2026-09-13T00:10:05+00:00	candidate		storyboard
016-04	v08	assets/art/panels/016-04/v08-storyboard-svg.svg	storyboard-svg		1200	800	13034	2026-09-13T00:25:40+00:00	candidate		storyboard
016-04	v09	assets/art/panels/016-04/v09-storyboard-svg.svg	storyboard-svg		1200	800	13425	2026-09-13T01:34:47+00:00	candidate		storyboard
016-05	v01	assets/art/panels/016-05/v01-flux2-klein-4b-1001.webp	flux2-klein-4b	1001	1200	800	181504	2026-09-05T18:58:49+00:00	candidate		refined
016-05	v02	assets/art/panels/016-05/v02-flux2-klein-4b-1001.webp	flux2-klein-4b	1001	832	1216	231850	2026-09-05T19:12:51+00:00	candidate		refined
016-05	v03	assets/art/panels/016-05/v03-flux2-klein-4b-20step-1001.webp	flux2-klein-4b-20step	1001	1200	800	213800	2026-09-05T19:23:23+00:00	candidate		refined
016-05	v04	assets/art/panels/016-05/v04-flux2-klein-4b-1001.webp	flux2-klein-4b	1001	1200	800	174538	2026-09-05T19:54:04+00:00	candidate	drawn 5 Sep 2026 with the reverted panel-first prompt arrangement, not the committed composer	refined
016-05	v05	assets/art/panels/016-05/v05-flux2-klein-4b-1001.webp	flux2-klein-4b	1001	1200	800	221708	2026-09-05T20:44:03+00:00	candidate	drawn 5 Sep 2026 with the reverted conditional-register clause, not the committed one	refined
016-05	v06	assets/art/panels/016-05/v06-storyboard-svg.svg	storyboard-svg		1200	800	7036	2026-09-07T16:49:07+00:00	candidate		storyboard
016-05	v07	assets/art/panels/016-05/v07-storyboard-svg.svg	storyboard-svg		1200	800	9433	2026-09-07T16:55:03+00:00	candidate		storyboard
016-05	v08	assets/art/panels/016-05/v08-panel-fit.svg	panel-fit		1200	800	296326	2026-09-09T02:11:23+00:00	chosen	Textured off-white outer border removed; visually reviewed; original model bytes retained. 8px allowance clears irregular edges; centered 3:2 framing.	refined
016-05	v09	assets/art/panels/016-05/v09-storyboard-svg.svg	storyboard-svg		1200	800	9810	2026-09-12T21:18:26+00:00	candidate		storyboard
016-05	v10	assets/art/panels/016-05/v10-storyboard-svg.svg	storyboard-svg		1200	800	20121	2026-09-12T23:00:59+00:00	candidate		storyboard
016-05	v11	assets/art/panels/016-05/v11-storyboard-svg.svg	storyboard-svg		1200	800	19264	2026-09-12T23:15:36+00:00	candidate		storyboard
016-05	v12	assets/art/panels/016-05/v12-storyboard-svg.svg	storyboard-svg		1200	800	19267	2026-09-12T23:17:49+00:00	candidate		storyboard
016-05	v13	assets/art/panels/016-05/v13-storyboard-svg.svg	storyboard-svg		1200	800	19453	2026-09-12T23:55:10+00:00	candidate		storyboard
016-05	v14	assets/art/panels/016-05/v14-storyboard-svg.svg	storyboard-svg		1200	800	20599	2026-09-13T01:34:47+00:00	candidate		storyboard
017-01	v01	assets/art/panels/017-01/v01-storyboard-svg.svg	storyboard-svg		1200	800	4147	2026-09-07T16:49:07+00:00	candidate		storyboard
017-01	v02	assets/art/panels/017-01/v02-storyboard-svg.svg	storyboard-svg		1200	800	4404	2026-09-07T16:55:03+00:00	candidate		storyboard
017-01	v03	assets/art/panels/017-01/v03-storyboard-svg.svg	storyboard-svg		1200	800	5223	2026-09-12T21:18:26+00:00	candidate		storyboard
017-01	v04	assets/art/panels/017-01/v04-storyboard-svg.svg	storyboard-svg		1200	800	7760	2026-09-12T23:00:59+00:00	candidate		storyboard
017-01	v05	assets/art/panels/017-01/v05-storyboard-svg.svg	storyboard-svg		1200	800	7800	2026-09-12T23:55:10+00:00	candidate		storyboard
017-01	v06	assets/art/panels/017-01/v06-storyboard-svg.svg	storyboard-svg		1200	800	8799	2026-09-13T00:10:06+00:00	candidate		storyboard
017-01	v07	assets/art/panels/017-01/v07-storyboard-svg.svg	storyboard-svg		1200	800	11922	2026-09-13T00:25:40+00:00	candidate		storyboard
017-01	v08	assets/art/panels/017-01/v08-storyboard-svg.svg	storyboard-svg		1200	800	12313	2026-09-13T01:34:47+00:00	chosen	Semantic font key; reviewed source and lettering geometry.	storyboard
017-02	v01	assets/art/panels/017-02/v01-storyboard-svg.svg	storyboard-svg		1200	800	4434	2026-09-07T16:49:07+00:00	candidate		storyboard
017-02	v02	assets/art/panels/017-02/v02-storyboard-svg.svg	storyboard-svg		1200	800	4680	2026-09-07T16:55:03+00:00	candidate		storyboard
017-02	v03	assets/art/panels/017-02/v03-storyboard-svg.svg	storyboard-svg		1200	800	5148	2026-09-12T21:18:26+00:00	candidate		storyboard
017-02	v04	assets/art/panels/017-02/v04-storyboard-svg.svg	storyboard-svg		1200	800	10251	2026-09-12T23:00:59+00:00	candidate		storyboard
017-02	v05	assets/art/panels/017-02/v05-storyboard-svg.svg	storyboard-svg		1200	800	9988	2026-09-12T23:15:36+00:00	candidate		storyboard
017-02	v06	assets/art/panels/017-02/v06-storyboard-svg.svg	storyboard-svg		1200	800	10634	2026-09-12T23:30:36+00:00	candidate		storyboard
017-02	v07	assets/art/panels/017-02/v07-storyboard-svg.svg	storyboard-svg		1200	800	10701	2026-09-12T23:55:10+00:00	candidate		storyboard
017-02	v08	assets/art/panels/017-02/v08-storyboard-svg.svg	storyboard-svg		1200	800	12768	2026-09-13T00:10:06+00:00	candidate		storyboard
017-02	v09	assets/art/panels/017-02/v09-storyboard-svg.svg	storyboard-svg		1200	800	19270	2026-09-13T00:25:40+00:00	candidate		storyboard
017-02	v10	assets/art/panels/017-02/v10-storyboard-svg.svg	storyboard-svg		1200	800	19660	2026-09-13T01:34:47+00:00	chosen	Semantic font key; reviewed source and lettering geometry.	storyboard
017-03	v01	assets/art/panels/017-03/v01-storyboard-svg.svg	storyboard-svg		1200	800	5046	2026-09-07T16:49:07+00:00	candidate		storyboard
017-03	v02	assets/art/panels/017-03/v02-storyboard-svg.svg	storyboard-svg		1200	800	5414	2026-09-07T16:55:03+00:00	candidate		storyboard
017-03	v03	assets/art/panels/017-03/v03-storyboard-svg.svg	storyboard-svg		1200	800	6925	2026-09-12T21:18:26+00:00	candidate		storyboard
017-03	v04	assets/art/panels/017-03/v04-storyboard-svg.svg	storyboard-svg		1200	800	12768	2026-09-12T23:00:59+00:00	candidate		storyboard
017-03	v05	assets/art/panels/017-03/v05-storyboard-svg.svg	storyboard-svg		1200	800	12835	2026-09-12T23:55:10+00:00	candidate		storyboard
017-03	v06	assets/art/panels/017-03/v06-storyboard-svg.svg	storyboard-svg		1200	800	14902	2026-09-13T00:10:06+00:00	candidate		storyboard
017-03	v07	assets/art/panels/017-03/v07-storyboard-svg.svg	storyboard-svg		1200	800	21404	2026-09-13T00:25:40+00:00	candidate		storyboard
017-03	v08	assets/art/panels/017-03/v08-storyboard-svg.svg	storyboard-svg		1200	800	21793	2026-09-13T01:34:47+00:00	chosen	Semantic font key; reviewed source and lettering geometry.	storyboard
017-04	v01	assets/art/panels/017-04/v01-storyboard-svg.svg	storyboard-svg		1200	800	4440	2026-09-07T16:49:07+00:00	candidate		storyboard
017-04	v02	assets/art/panels/017-04/v02-storyboard-svg.svg	storyboard-svg		1200	800	4686	2026-09-07T16:55:03+00:00	candidate		storyboard
017-04	v03	assets/art/panels/017-04/v03-storyboard-svg.svg	storyboard-svg		1200	800	5764	2026-09-12T21:18:26+00:00	candidate		storyboard
017-04	v04	assets/art/panels/017-04/v04-storyboard-svg.svg	storyboard-svg		1200	800	10573	2026-09-12T23:00:59+00:00	candidate		storyboard
017-04	v05	assets/art/panels/017-04/v05-storyboard-svg.svg	storyboard-svg		1200	800	10613	2026-09-12T23:55:10+00:00	candidate		storyboard
017-04	v06	assets/art/panels/017-04/v06-storyboard-svg.svg	storyboard-svg		1200	800	11612	2026-09-13T00:10:06+00:00	candidate		storyboard
017-04	v07	assets/art/panels/017-04/v07-storyboard-svg.svg	storyboard-svg		1200	800	14735	2026-09-13T00:25:40+00:00	candidate		storyboard
017-04	v08	assets/art/panels/017-04/v08-storyboard-svg.svg	storyboard-svg		1200	800	15126	2026-09-13T01:34:47+00:00	chosen	Semantic font key; reviewed source and lettering geometry.	storyboard
017-05	v01	assets/art/panels/017-05/v01-storyboard-svg.svg	storyboard-svg		1200	800	4766	2026-09-07T16:49:07+00:00	candidate		storyboard
017-05	v02	assets/art/panels/017-05/v02-storyboard-svg.svg	storyboard-svg		1200	800	5134	2026-09-07T16:55:03+00:00	candidate		storyboard
017-05	v03	assets/art/panels/017-05/v03-storyboard-svg.svg	storyboard-svg		1200	800	5573	2026-09-12T21:18:26+00:00	candidate		storyboard
017-05	v04	assets/art/panels/017-05/v04-storyboard-svg.svg	storyboard-svg		1200	800	10781	2026-09-12T23:00:59+00:00	candidate		storyboard
017-05	v05	assets/art/panels/017-05/v05-storyboard-svg.svg	storyboard-svg		1200	800	10849	2026-09-12T23:55:10+00:00	candidate		storyboard
017-05	v06	assets/art/panels/017-05/v06-storyboard-svg.svg	storyboard-svg		1200	800	12904	2026-09-13T00:10:06+00:00	candidate		storyboard
017-05	v07	assets/art/panels/017-05/v07-storyboard-svg.svg	storyboard-svg		1200	800	19357	2026-09-13T00:25:40+00:00	candidate		storyboard
017-05	v08	assets/art/panels/017-05/v08-storyboard-svg.svg	storyboard-svg		1200	800	19929	2026-09-13T01:34:47+00:00	chosen	Semantic font key; reviewed source and lettering geometry.	storyboard
018-01	v01	assets/art/panels/018-01/v01-storyboard-svg.svg	storyboard-svg		1200	800	4555	2026-09-07T16:49:07+00:00	candidate		storyboard
018-01	v02	assets/art/panels/018-01/v02-storyboard-svg.svg	storyboard-svg		1200	800	4801	2026-09-07T16:55:04+00:00	candidate		storyboard
018-01	v03	assets/art/panels/018-01/v03-storyboard-svg.svg	storyboard-svg		1200	800	5196	2026-09-12T21:18:26+00:00	candidate		storyboard
018-01	v04	assets/art/panels/018-01/v04-storyboard-svg.svg	storyboard-svg		1200	800	8996	2026-09-12T23:00:59+00:00	candidate		storyboard
018-01	v05	assets/art/panels/018-01/v05-storyboard-svg.svg	storyboard-svg		1200	800	8733	2026-09-12T23:15:36+00:00	candidate		storyboard
018-01	v06	assets/art/panels/018-01/v06-storyboard-svg.svg	storyboard-svg		1200	800	9379	2026-09-12T23:30:36+00:00	candidate		storyboard
018-01	v07	assets/art/panels/018-01/v07-storyboard-svg.svg	storyboard-svg		1200	800	9469	2026-09-12T23:55:10+00:00	candidate		storyboard
018-01	v08	assets/art/panels/018-01/v08-storyboard-svg.svg	storyboard-svg		1200	800	12601	2026-09-13T00:10:06+00:00	candidate		storyboard
018-01	v09	assets/art/panels/018-01/v09-storyboard-svg.svg	storyboard-svg		1200	800	22433	2026-09-13T00:25:40+00:00	candidate		storyboard
018-01	v10	assets/art/panels/018-01/v10-storyboard-svg.svg	storyboard-svg		1200	800	22824	2026-09-13T01:34:47+00:00	chosen	Semantic font key; reviewed source and lettering geometry.	storyboard
018-02	v01	assets/art/panels/018-02/v01-storyboard-svg.svg	storyboard-svg		1200	800	4751	2026-09-07T16:49:07+00:00	candidate		storyboard
018-02	v02	assets/art/panels/018-02/v02-storyboard-svg.svg	storyboard-svg		1200	800	4759	2026-09-07T16:55:04+00:00	candidate		storyboard
018-02	v03	assets/art/panels/018-02/v03-storyboard-svg.svg	storyboard-svg		1200	800	5548	2026-09-12T21:18:26+00:00	candidate		storyboard
018-02	v04	assets/art/panels/018-02/v04-storyboard-svg.svg	storyboard-svg		1200	800	9909	2026-09-12T23:00:59+00:00	candidate		storyboard
018-02	v05	assets/art/panels/018-02/v05-storyboard-svg.svg	storyboard-svg		1200	800	9646	2026-09-12T23:15:36+00:00	candidate		storyboard
018-02	v06	assets/art/panels/018-02/v06-storyboard-svg.svg	storyboard-svg		1200	800	10292	2026-09-12T23:30:36+00:00	candidate		storyboard
018-02	v07	assets/art/panels/018-02/v07-storyboard-svg.svg	storyboard-svg		1200	800	10356	2026-09-12T23:55:10+00:00	candidate		storyboard
018-02	v08	assets/art/panels/018-02/v08-storyboard-svg.svg	storyboard-svg		1200	800	12475	2026-09-13T00:10:06+00:00	candidate		storyboard
018-02	v09	assets/art/panels/018-02/v09-storyboard-svg.svg	storyboard-svg		1200	800	19184	2026-09-13T00:25:40+00:00	candidate		storyboard
018-02	v10	assets/art/panels/018-02/v10-storyboard-svg.svg	storyboard-svg		1200	800	19207	2026-09-13T01:34:47+00:00	chosen	Semantic font key; reviewed source and lettering geometry.	storyboard
018-03	v01	assets/art/panels/018-03/v01-storyboard-svg.svg	storyboard-svg		1200	800	3836	2026-09-07T16:49:07+00:00	candidate		storyboard
018-03	v02	assets/art/panels/018-03/v02-storyboard-svg.svg	storyboard-svg		1200	800	4093	2026-09-07T16:55:04+00:00	candidate		storyboard
018-03	v03	assets/art/panels/018-03/v03-storyboard-svg.svg	storyboard-svg		1200	800	4425	2026-09-12T21:18:26+00:00	candidate		storyboard
018-03	v04	assets/art/panels/018-03/v04-storyboard-svg.svg	storyboard-svg		1200	800	7961	2026-09-12T23:00:59+00:00	candidate		storyboard
018-03	v05	assets/art/panels/018-03/v05-storyboard-svg.svg	storyboard-svg		1200	800	7998	2026-09-12T23:55:10+00:00	candidate		storyboard
018-03	v06	assets/art/panels/018-03/v06-storyboard-svg.svg	storyboard-svg		1200	800	9049	2026-09-13T00:10:06+00:00	candidate		storyboard
018-03	v07	assets/art/panels/018-03/v07-storyboard-svg.svg	storyboard-svg		1200	800	12379	2026-09-13T00:25:40+00:00	candidate		storyboard
018-03	v08	assets/art/panels/018-03/v08-storyboard-svg.svg	storyboard-svg		1200	800	12850	2026-09-13T01:34:47+00:00	chosen	Semantic font key; reviewed source and lettering geometry.	storyboard
018-04	v01	assets/art/panels/018-04/v01-storyboard-svg.svg	storyboard-svg		1200	800	4162	2026-09-07T16:49:07+00:00	candidate		storyboard
018-04	v02	assets/art/panels/018-04/v02-storyboard-svg.svg	storyboard-svg		1200	800	4408	2026-09-07T16:55:04+00:00	candidate		storyboard
018-04	v03	assets/art/panels/018-04/v03-storyboard-svg.svg	storyboard-svg		1200	800	4909	2026-09-12T21:18:26+00:00	candidate		storyboard
018-04	v04	assets/art/panels/018-04/v04-storyboard-svg.svg	storyboard-svg		1200	800	8683	2026-09-12T23:00:59+00:00	candidate		storyboard
018-04	v05	assets/art/panels/018-04/v05-storyboard-svg.svg	storyboard-svg		1200	800	7782	2026-09-12T23:15:36+00:00	candidate		storyboard
018-04	v06	assets/art/panels/018-04/v06-storyboard-svg.svg	storyboard-svg		1200	800	7771	2026-09-12T23:17:49+00:00	candidate		storyboard
018-04	v07	assets/art/panels/018-04/v07-storyboard-svg.svg	storyboard-svg		1200	800	7808	2026-09-12T23:55:10+00:00	candidate		storyboard
018-04	v08	assets/art/panels/018-04/v08-storyboard-svg.svg	storyboard-svg		1200	800	8859	2026-09-13T00:10:06+00:00	candidate		storyboard
018-04	v09	assets/art/panels/018-04/v09-storyboard-svg.svg	storyboard-svg		1200	800	12189	2026-09-13T00:25:40+00:00	candidate		storyboard
018-04	v10	assets/art/panels/018-04/v10-storyboard-svg.svg	storyboard-svg		1200	800	12578	2026-09-13T01:34:47+00:00	chosen	Semantic font key; reviewed source and lettering geometry.	storyboard
018-05	v01	assets/art/panels/018-05/v01-storyboard-svg.svg	storyboard-svg		1200	800	2822	2026-09-07T16:49:07+00:00	candidate		storyboard
018-05	v02	assets/art/panels/018-05/v02-storyboard-svg.svg	storyboard-svg		1200	800	2951	2026-09-07T16:55:04+00:00	candidate		storyboard
018-05	v03	assets/art/panels/018-05/v03-storyboard-svg.svg	storyboard-svg		1200	800	3249	2026-09-12T21:18:26+00:00	candidate		storyboard
018-05	v04	assets/art/panels/018-05/v04-storyboard-svg.svg	storyboard-svg		1200	800	5058	2026-09-12T23:00:59+00:00	candidate		storyboard
018-05	v05	assets/art/panels/018-05/v05-storyboard-svg.svg	storyboard-svg		1200	800	5095	2026-09-12T23:55:10+00:00	candidate		storyboard
018-05	v06	assets/art/panels/018-05/v06-storyboard-svg.svg	storyboard-svg		1200	800	6146	2026-09-13T00:10:06+00:00	candidate		storyboard
018-05	v07	assets/art/panels/018-05/v07-storyboard-svg.svg	storyboard-svg		1200	800	9476	2026-09-13T00:25:40+00:00	candidate		storyboard
018-05	v08	assets/art/panels/018-05/v08-storyboard-svg.svg	storyboard-svg		1200	800	9684	2026-09-13T01:34:47+00:00	chosen	Semantic font key; reviewed source and lettering geometry.	storyboard
019-01	v01	assets/art/panels/019-01/v01-storyboard-svg.svg	storyboard-svg		1200	800	3664	2026-09-07T16:49:07+00:00	candidate		storyboard
019-01	v02	assets/art/panels/019-01/v02-storyboard-svg.svg	storyboard-svg		1200	800	3910	2026-09-07T16:55:04+00:00	candidate		storyboard
019-01	v03	assets/art/panels/019-01/v03-storyboard-svg.svg	storyboard-svg		1200	800	5156	2026-09-12T21:18:26+00:00	candidate		storyboard
019-01	v04	assets/art/panels/019-01/v04-storyboard-svg.svg	storyboard-svg		1200	800	6807	2026-09-12T23:00:59+00:00	candidate		storyboard
019-01	v05	assets/art/panels/019-01/v05-storyboard-svg.svg	storyboard-svg		1200	800	6847	2026-09-12T23:55:10+00:00	candidate		storyboard
019-01	v06	assets/art/panels/019-01/v06-storyboard-svg.svg	storyboard-svg		1200	800	7846	2026-09-13T00:10:06+00:00	candidate		storyboard
019-01	v07	assets/art/panels/019-01/v07-storyboard-svg.svg	storyboard-svg		1200	800	10969	2026-09-13T00:25:40+00:00	candidate		storyboard
019-01	v08	assets/art/panels/019-01/v08-storyboard-svg.svg	storyboard-svg		1200	800	11359	2026-09-13T01:34:47+00:00	chosen	Semantic font key; reviewed source and lettering geometry.	storyboard
019-02	v01	assets/art/panels/019-02/v01-storyboard-svg.svg	storyboard-svg		1200	800	4378	2026-09-07T16:49:07+00:00	candidate		storyboard
019-02	v02	assets/art/panels/019-02/v02-storyboard-svg.svg	storyboard-svg		1200	800	4624	2026-09-07T16:55:04+00:00	candidate		storyboard
019-02	v03	assets/art/panels/019-02/v03-storyboard-svg.svg	storyboard-svg		1200	800	5082	2026-09-12T21:18:26+00:00	candidate		storyboard
019-02	v04	assets/art/panels/019-02/v04-storyboard-svg.svg	storyboard-svg		1200	800	10187	2026-09-12T23:00:59+00:00	candidate		storyboard
019-02	v05	assets/art/panels/019-02/v05-storyboard-svg.svg	storyboard-svg		1200	800	9924	2026-09-12T23:15:36+00:00	candidate		storyboard
019-02	v06	assets/art/panels/019-02/v06-storyboard-svg.svg	storyboard-svg		1200	800	10570	2026-09-12T23:30:36+00:00	candidate		storyboard
019-02	v07	assets/art/panels/019-02/v07-storyboard-svg.svg	storyboard-svg		1200	800	10637	2026-09-12T23:55:10+00:00	candidate		storyboard
019-02	v08	assets/art/panels/019-02/v08-storyboard-svg.svg	storyboard-svg		1200	800	12704	2026-09-13T00:10:06+00:00	candidate		storyboard
019-02	v09	assets/art/panels/019-02/v09-storyboard-svg.svg	storyboard-svg		1200	800	19206	2026-09-13T00:25:40+00:00	candidate		storyboard
019-02	v10	assets/art/panels/019-02/v10-storyboard-svg.svg	storyboard-svg		1200	800	19597	2026-09-13T01:34:47+00:00	chosen	Semantic font key; reviewed source and lettering geometry.	storyboard
019-03	v01	assets/art/panels/019-03/v01-storyboard-svg.svg	storyboard-svg		1200	800	6393	2026-09-07T16:49:07+00:00	candidate		storyboard
019-03	v02	assets/art/panels/019-03/v02-storyboard-svg.svg	storyboard-svg		1200	800	6947	2026-09-07T16:55:04+00:00	candidate		storyboard
019-03	v03	assets/art/panels/019-03/v03-storyboard-svg.svg	storyboard-svg		1200	800	8649	2026-09-12T21:18:26+00:00	candidate		storyboard
019-03	v04	assets/art/panels/019-03/v04-storyboard-svg.svg	storyboard-svg		1200	800	15371	2026-09-12T23:00:59+00:00	candidate		storyboard
019-03	v05	assets/art/panels/019-03/v05-storyboard-svg.svg	storyboard-svg		1200	800	15439	2026-09-12T23:55:10+00:00	candidate		storyboard
019-03	v06	assets/art/panels/019-03/v06-storyboard-svg.svg	storyboard-svg		1200	800	17494	2026-09-13T00:10:06+00:00	candidate		storyboard
019-03	v07	assets/art/panels/019-03/v07-storyboard-svg.svg	storyboard-svg		1200	800	23947	2026-09-13T00:25:40+00:00	candidate		storyboard
019-03	v08	assets/art/panels/019-03/v08-storyboard-svg.svg	storyboard-svg		1200	800	24704	2026-09-13T01:34:47+00:00	chosen	Semantic font key; reviewed source and lettering geometry.	storyboard
019-04	v01	assets/art/panels/019-04/v01-storyboard-svg.svg	storyboard-svg		1200	800	2539	2026-09-07T16:49:07+00:00	candidate		storyboard
019-04	v02	assets/art/panels/019-04/v02-storyboard-svg.svg	storyboard-svg		1200	800	2668	2026-09-07T16:55:04+00:00	candidate		storyboard
019-04	v03	assets/art/panels/019-04/v03-storyboard-svg.svg	storyboard-svg		1200	800	2994	2026-09-12T21:18:26+00:00	candidate		storyboard
019-04	v04	assets/art/panels/019-04/v04-storyboard-svg.svg	storyboard-svg		1200	800	4803	2026-09-12T23:00:59+00:00	candidate		storyboard
019-04	v05	assets/art/panels/019-04/v05-storyboard-svg.svg	storyboard-svg		1200	800	4840	2026-09-12T23:55:10+00:00	candidate		storyboard
019-04	v06	assets/art/panels/019-04/v06-storyboard-svg.svg	storyboard-svg		1200	800	5891	2026-09-13T00:10:06+00:00	candidate		storyboard
019-04	v07	assets/art/panels/019-04/v07-storyboard-svg.svg	storyboard-svg		1200	800	9221	2026-09-13T00:25:40+00:00	candidate		storyboard
019-04	v08	assets/art/panels/019-04/v08-storyboard-svg.svg	storyboard-svg		1200	800	9404	2026-09-13T01:34:47+00:00	chosen	Semantic font key; reviewed source and lettering geometry.	storyboard
019-05	v01	assets/art/panels/019-05/v01-storyboard-svg.svg	storyboard-svg		1200	800	2668	2026-09-07T16:49:07+00:00	candidate		storyboard
019-05	v02	assets/art/panels/019-05/v02-storyboard-svg.svg	storyboard-svg		1200	800	3110	2026-09-12T21:18:26+00:00	candidate		storyboard
019-05	v03	assets/art/panels/019-05/v03-storyboard-svg.svg	storyboard-svg		1200	800	4837	2026-09-12T23:00:59+00:00	candidate		storyboard
019-05	v04	assets/art/panels/019-05/v04-storyboard-svg.svg	storyboard-svg		1200	800	4874	2026-09-12T23:55:10+00:00	candidate		storyboard
019-05	v05	assets/art/panels/019-05/v05-storyboard-svg.svg	storyboard-svg		1200	800	5925	2026-09-13T00:10:06+00:00	candidate		storyboard
019-05	v06	assets/art/panels/019-05/v06-storyboard-svg.svg	storyboard-svg		1200	800	9255	2026-09-13T00:25:40+00:00	candidate		storyboard
019-05	v07	assets/art/panels/019-05/v07-storyboard-svg.svg	storyboard-svg		1200	800	9280	2026-09-13T01:34:47+00:00	chosen	Semantic font key; reviewed source and lettering geometry.	storyboard
020-01	v01	assets/art/panels/020-01/v01-storyboard-svg.svg	storyboard-svg		1200	800	4603	2026-09-07T16:49:07+00:00	candidate		storyboard
020-01	v02	assets/art/panels/020-01/v02-storyboard-svg.svg	storyboard-svg		1200	800	4971	2026-09-07T16:55:04+00:00	candidate		storyboard
020-01	v03	assets/art/panels/020-01/v03-storyboard-svg.svg	storyboard-svg		1200	800	6436	2026-09-12T21:18:26+00:00	candidate		storyboard
020-01	v04	assets/art/panels/020-01/v04-storyboard-svg.svg	storyboard-svg		1200	800	11485	2026-09-12T23:00:59+00:00	candidate		storyboard
020-01	v05	assets/art/panels/020-01/v05-storyboard-svg.svg	storyboard-svg		1200	800	11553	2026-09-12T23:55:10+00:00	candidate		storyboard
020-01	v06	assets/art/panels/020-01/v06-storyboard-svg.svg	storyboard-svg		1200	800	13608	2026-09-13T00:10:06+00:00	candidate		storyboard
020-01	v07	assets/art/panels/020-01/v07-storyboard-svg.svg	storyboard-svg		1200	800	20061	2026-09-13T00:25:40+00:00	candidate		storyboard
020-01	v08	assets/art/panels/020-01/v08-storyboard-svg.svg	storyboard-svg		1200	800	20635	2026-09-13T01:34:47+00:00	chosen	Semantic font key; reviewed source and lettering geometry.	storyboard
020-02	v01	assets/art/panels/020-02/v01-storyboard-svg.svg	storyboard-svg		1200	800	4533	2026-09-07T16:49:07+00:00	candidate		storyboard
020-02	v02	assets/art/panels/020-02/v02-storyboard-svg.svg	storyboard-svg		1200	800	4822	2026-09-07T16:55:05+00:00	candidate		storyboard
020-02	v03	assets/art/panels/020-02/v03-storyboard-svg.svg	storyboard-svg		1200	800	5439	2026-09-12T21:18:26+00:00	candidate		storyboard
020-02	v04	assets/art/panels/020-02/v04-storyboard-svg.svg	storyboard-svg		1200	800	11086	2026-09-12T23:00:59+00:00	candidate		storyboard
020-02	v05	assets/art/panels/020-02/v05-storyboard-svg.svg	storyboard-svg		1200	800	11126	2026-09-12T23:55:10+00:00	candidate		storyboard
020-02	v06	assets/art/panels/020-02/v06-storyboard-svg.svg	storyboard-svg		1200	800	12125	2026-09-13T00:10:06+00:00	candidate		storyboard
020-02	v07	assets/art/panels/020-02/v07-storyboard-svg.svg	storyboard-svg		1200	800	15248	2026-09-13T00:25:40+00:00	candidate		storyboard
020-02	v08	assets/art/panels/020-02/v08-storyboard-svg.svg	storyboard-svg		1200	800	15614	2026-09-13T01:34:47+00:00	chosen	Semantic font key; reviewed source and lettering geometry.	storyboard
020-03	v01	assets/art/panels/020-03/v01-storyboard-svg.svg	storyboard-svg		1200	800	3624	2026-09-07T16:49:08+00:00	candidate		storyboard
020-03	v02	assets/art/panels/020-03/v02-storyboard-svg.svg	storyboard-svg		1200	800	3870	2026-09-07T16:55:05+00:00	candidate		storyboard
020-03	v03	assets/art/panels/020-03/v03-storyboard-svg.svg	storyboard-svg		1200	800	4370	2026-09-12T21:18:26+00:00	candidate		storyboard
020-03	v04	assets/art/panels/020-03/v04-storyboard-svg.svg	storyboard-svg		1200	800	6721	2026-09-12T23:00:59+00:00	candidate		storyboard
020-03	v05	assets/art/panels/020-03/v05-storyboard-svg.svg	storyboard-svg		1200	800	6758	2026-09-12T23:55:10+00:00	candidate		storyboard
020-03	v06	assets/art/panels/020-03/v06-storyboard-svg.svg	storyboard-svg		1200	800	7809	2026-09-13T00:10:06+00:00	candidate		storyboard
020-03	v07	assets/art/panels/020-03/v07-storyboard-svg.svg	storyboard-svg		1200	800	11139	2026-09-13T00:25:40+00:00	candidate		storyboard
020-03	v08	assets/art/panels/020-03/v08-storyboard-svg.svg	storyboard-svg		1200	800	11530	2026-09-13T01:34:47+00:00	chosen	Semantic font key; reviewed source and lettering geometry.	storyboard
020-04	v01	assets/art/panels/020-04/v01-storyboard-svg.svg	storyboard-svg		1200	800	4980	2026-09-07T16:49:08+00:00	candidate		storyboard
020-04	v02	assets/art/panels/020-04/v02-storyboard-svg.svg	storyboard-svg		1200	800	5458	2026-09-07T16:55:05+00:00	candidate		storyboard
020-04	v03	assets/art/panels/020-04/v03-storyboard-svg.svg	storyboard-svg		1200	800	5540	2026-09-07T17:01:43+00:00	candidate		storyboard
020-04	v04	assets/art/panels/020-04/v04-storyboard-svg.svg	storyboard-svg		1200	800	5883	2026-09-12T21:18:26+00:00	candidate		storyboard
020-04	v05	assets/art/panels/020-04/v05-storyboard-svg.svg	storyboard-svg		1200	800	8511	2026-09-12T23:00:59+00:00	candidate		storyboard
020-04	v06	assets/art/panels/020-04/v06-storyboard-svg.svg	storyboard-svg		1200	800	8579	2026-09-12T23:55:10+00:00	candidate		storyboard
020-04	v07	assets/art/panels/020-04/v07-storyboard-svg.svg	storyboard-svg		1200	800	10634	2026-09-13T00:10:06+00:00	candidate		storyboard
020-04	v08	assets/art/panels/020-04/v08-storyboard-svg.svg	storyboard-svg		1200	800	17087	2026-09-13T00:25:40+00:00	candidate		storyboard
020-04	v09	assets/art/panels/020-04/v09-storyboard-svg.svg	storyboard-svg		1200	800	17659	2026-09-13T01:34:47+00:00	candidate		storyboard
020-05	v01	assets/art/panels/020-05/v01-storyboard-svg.svg	storyboard-svg		1200	800	11240	2026-09-07T16:49:08+00:00	candidate		storyboard
020-05	v02	assets/art/panels/020-05/v02-storyboard-svg.svg	storyboard-svg		1200	800	11940	2026-09-12T21:18:26+00:00	candidate		storyboard
020-05	v03	assets/art/panels/020-05/v03-storyboard-svg.svg	storyboard-svg		1200	800	21270	2026-09-12T23:00:59+00:00	candidate		storyboard
020-05	v04	assets/art/panels/020-05/v04-storyboard-svg.svg	storyboard-svg		1200	800	21307	2026-09-12T23:55:10+00:00	candidate		storyboard
020-05	v05	assets/art/panels/020-05/v05-storyboard-svg.svg	storyboard-svg		1200	800	22362	2026-09-13T00:10:06+00:00	candidate		storyboard
020-05	v06	assets/art/panels/020-05/v06-storyboard-svg.svg	storyboard-svg		1200	800	25692	2026-09-13T00:25:40+00:00	candidate		storyboard
020-05	v07	assets/art/panels/020-05/v07-storyboard-svg.svg	storyboard-svg		1200	800	25717	2026-09-13T01:34:47+00:00	candidate		storyboard
021-01	v01	assets/art/panels/021-01/v01-storyboard-svg.svg	storyboard-svg		1200	800	4218	2026-09-07T16:49:08+00:00	candidate		storyboard
021-01	v02	assets/art/panels/021-01/v02-storyboard-svg.svg	storyboard-svg		1200	800	4586	2026-09-07T16:55:05+00:00	candidate		storyboard
021-01	v03	assets/art/panels/021-01/v03-storyboard-svg.svg	storyboard-svg		1200	800	5119	2026-09-12T21:18:26+00:00	candidate		storyboard
021-01	v04	assets/art/panels/021-01/v04-storyboard-svg.svg	storyboard-svg		1200	800	8094	2026-09-12T23:00:59+00:00	candidate		storyboard
021-01	v05	assets/art/panels/021-01/v05-storyboard-svg.svg	storyboard-svg		1200	800	8162	2026-09-12T23:55:10+00:00	candidate		storyboard
021-01	v06	assets/art/panels/021-01/v06-storyboard-svg.svg	storyboard-svg		1200	800	10217	2026-09-13T00:10:06+00:00	candidate		storyboard
021-01	v07	assets/art/panels/021-01/v07-storyboard-svg.svg	storyboard-svg		1200	800	16670	2026-09-13T00:25:40+00:00	candidate		storyboard
021-01	v08	assets/art/panels/021-01/v08-storyboard-svg.svg	storyboard-svg		1200	800	17241	2026-09-13T01:34:47+00:00	candidate		storyboard
021-02	v01	assets/art/panels/021-02/v01-storyboard-svg.svg	storyboard-svg		1200	800	4416	2026-09-07T16:49:08+00:00	candidate		storyboard
021-02	v02	assets/art/panels/021-02/v02-storyboard-svg.svg	storyboard-svg		1200	800	4784	2026-09-07T16:55:05+00:00	candidate		storyboard
021-02	v03	assets/art/panels/021-02/v03-storyboard-svg.svg	storyboard-svg		1200	800	5411	2026-09-12T21:18:26+00:00	candidate		storyboard
021-02	v04	assets/art/panels/021-02/v04-storyboard-svg.svg	storyboard-svg		1200	800	8386	2026-09-12T23:00:59+00:00	candidate		storyboard
021-02	v05	assets/art/panels/021-02/v05-storyboard-svg.svg	storyboard-svg		1200	800	8423	2026-09-12T23:55:10+00:00	candidate		storyboard
021-02	v06	assets/art/panels/021-02/v06-storyboard-svg.svg	storyboard-svg		1200	800	9474	2026-09-13T00:10:06+00:00	candidate		storyboard
021-02	v07	assets/art/panels/021-02/v07-storyboard-svg.svg	storyboard-svg		1200	800	12804	2026-09-13T00:25:40+00:00	candidate		storyboard
021-02	v08	assets/art/panels/021-02/v08-storyboard-svg.svg	storyboard-svg		1200	800	13437	2026-09-13T01:34:47+00:00	candidate		storyboard
021-03	v01	assets/art/panels/021-03/v01-storyboard-svg.svg	storyboard-svg		1200	800	5519	2026-09-07T16:49:08+00:00	candidate		storyboard
021-03	v02	assets/art/panels/021-03/v02-storyboard-svg.svg	storyboard-svg		1200	800	5913	2026-09-07T16:55:05+00:00	candidate		storyboard
021-03	v03	assets/art/panels/021-03/v03-storyboard-svg.svg	storyboard-svg		1200	800	6415	2026-09-12T21:18:26+00:00	candidate		storyboard
021-03	v04	assets/art/panels/021-03/v04-storyboard-svg.svg	storyboard-svg		1200	800	12386	2026-09-12T23:00:59+00:00	candidate		storyboard
021-03	v05	assets/art/panels/021-03/v05-storyboard-svg.svg	storyboard-svg		1200	800	12476	2026-09-12T23:55:10+00:00	candidate		storyboard
021-03	v06	assets/art/panels/021-03/v06-storyboard-svg.svg	storyboard-svg		1200	800	15608	2026-09-13T00:10:06+00:00	candidate		storyboard
021-03	v07	assets/art/panels/021-03/v07-storyboard-svg.svg	storyboard-svg		1200	800	25440	2026-09-13T00:25:40+00:00	candidate		storyboard
021-03	v08	assets/art/panels/021-03/v08-storyboard-svg.svg	storyboard-svg		1200	800	25989	2026-09-13T01:34:47+00:00	candidate		storyboard
021-04	v01	assets/art/panels/021-04/v01-storyboard-svg.svg	storyboard-svg		1200	800	4481	2026-09-07T16:49:08+00:00	candidate		storyboard
021-04	v02	assets/art/panels/021-04/v02-storyboard-svg.svg	storyboard-svg		1200	800	4727	2026-09-07T16:55:05+00:00	candidate		storyboard
021-04	v03	assets/art/panels/021-04/v03-storyboard-svg.svg	storyboard-svg		1200	800	5854	2026-09-12T21:18:26+00:00	candidate		storyboard
021-04	v04	assets/art/panels/021-04/v04-storyboard-svg.svg	storyboard-svg		1200	800	10837	2026-09-12T23:00:59+00:00	candidate		storyboard
021-04	v05	assets/art/panels/021-04/v05-storyboard-svg.svg	storyboard-svg		1200	800	10873	2026-09-12T23:55:10+00:00	candidate		storyboard
021-04	v06	assets/art/panels/021-04/v06-storyboard-svg.svg	storyboard-svg		1200	800	11936	2026-09-13T00:10:06+00:00	candidate		storyboard
021-04	v07	assets/art/panels/021-04/v07-storyboard-svg.svg	storyboard-svg		1200	800	15315	2026-09-13T00:25:40+00:00	candidate		storyboard
021-04	v08	assets/art/panels/021-04/v08-storyboard-svg.svg	storyboard-svg		1200	800	15706	2026-09-13T01:34:47+00:00	candidate		storyboard
021-05	v01	assets/art/panels/021-05/v01-storyboard-svg.svg	storyboard-svg		1200	800	4755	2026-09-07T16:49:08+00:00	candidate		storyboard
021-05	v02	assets/art/panels/021-05/v02-storyboard-svg.svg	storyboard-svg		1200	800	5123	2026-09-07T16:55:05+00:00	candidate		storyboard
021-05	v03	assets/art/panels/021-05/v03-storyboard-svg.svg	storyboard-svg		1200	800	5677	2026-09-12T21:18:26+00:00	candidate		storyboard
021-05	v04	assets/art/panels/021-05/v04-storyboard-svg.svg	storyboard-svg		1200	800	11076	2026-09-12T23:01:00+00:00	candidate		storyboard
021-05	v05	assets/art/panels/021-05/v05-storyboard-svg.svg	storyboard-svg		1200	800	11140	2026-09-12T23:55:10+00:00	candidate		storyboard
021-05	v06	assets/art/panels/021-05/v06-storyboard-svg.svg	storyboard-svg		1200	800	13259	2026-09-13T00:10:06+00:00	candidate		storyboard
021-05	v07	assets/art/panels/021-05/v07-storyboard-svg.svg	storyboard-svg		1200	800	19968	2026-09-13T00:25:40+00:00	candidate		storyboard
021-05	v08	assets/art/panels/021-05/v08-storyboard-svg.svg	storyboard-svg		1200	800	20540	2026-09-13T01:34:47+00:00	candidate		storyboard
022-01	v01	assets/art/panels/022-01/v01-storyboard-svg.svg	storyboard-svg		1200	800	4562	2026-09-07T16:49:08+00:00	candidate		storyboard
022-01	v02	assets/art/panels/022-01/v02-storyboard-svg.svg	storyboard-svg		1200	800	4947	2026-09-07T16:55:05+00:00	candidate		storyboard
022-01	v03	assets/art/panels/022-01/v03-storyboard-svg.svg	storyboard-svg		1200	800	5029	2026-09-07T17:01:43+00:00	candidate		storyboard
022-01	v04	assets/art/panels/022-01/v04-storyboard-svg.svg	storyboard-svg		1200	800	5375	2026-09-12T21:18:26+00:00	candidate		storyboard
022-01	v05	assets/art/panels/022-01/v05-storyboard-svg.svg	storyboard-svg		1200	800	11874	2026-09-12T23:01:00+00:00	candidate		storyboard
022-01	v06	assets/art/panels/022-01/v06-storyboard-svg.svg	storyboard-svg		1200	800	10973	2026-09-12T23:15:36+00:00	candidate		storyboard
022-01	v07	assets/art/panels/022-01/v07-storyboard-svg.svg	storyboard-svg		1200	800	10961	2026-09-12T23:17:50+00:00	candidate		storyboard
022-01	v08	assets/art/panels/022-01/v08-storyboard-svg.svg	storyboard-svg		1200	800	11024	2026-09-12T23:55:10+00:00	candidate		storyboard
022-01	v09	assets/art/panels/022-01/v09-storyboard-svg.svg	storyboard-svg		1200	800	13155	2026-09-13T00:10:06+00:00	candidate		storyboard
022-01	v10	assets/art/panels/022-01/v10-storyboard-svg.svg	storyboard-svg		1200	800	19882	2026-09-13T00:25:40+00:00	candidate		storyboard
022-01	v11	assets/art/panels/022-01/v11-storyboard-svg.svg	storyboard-svg		1200	800	20271	2026-09-13T01:34:47+00:00	candidate		storyboard
022-02	v01	assets/art/panels/022-02/v01-storyboard-svg.svg	storyboard-svg		1200	800	4185	2026-09-07T16:49:08+00:00	candidate		storyboard
022-02	v02	assets/art/panels/022-02/v02-storyboard-svg.svg	storyboard-svg		1200	800	4431	2026-09-07T16:55:05+00:00	candidate		storyboard
022-02	v03	assets/art/panels/022-02/v03-storyboard-svg.svg	storyboard-svg		1200	800	4898	2026-09-12T21:18:26+00:00	candidate		storyboard
022-02	v04	assets/art/panels/022-02/v04-storyboard-svg.svg	storyboard-svg		1200	800	8688	2026-09-12T23:01:00+00:00	candidate		storyboard
022-02	v05	assets/art/panels/022-02/v05-storyboard-svg.svg	storyboard-svg		1200	800	8751	2026-09-12T23:55:10+00:00	candidate		storyboard
022-02	v06	assets/art/panels/022-02/v06-storyboard-svg.svg	storyboard-svg		1200	800	10882	2026-09-13T00:10:06+00:00	candidate		storyboard
022-02	v07	assets/art/panels/022-02/v07-storyboard-svg.svg	storyboard-svg		1200	800	17609	2026-09-13T00:25:40+00:00	candidate		storyboard
022-02	v08	assets/art/panels/022-02/v08-storyboard-svg.svg	storyboard-svg		1200	800	18000	2026-09-13T01:34:47+00:00	candidate		storyboard
022-03	v01	assets/art/panels/022-03/v01-storyboard-svg.svg	storyboard-svg		1200	800	4316	2026-09-07T16:49:08+00:00	candidate		storyboard
022-03	v02	assets/art/panels/022-03/v02-storyboard-svg.svg	storyboard-svg		1200	800	4562	2026-09-07T16:55:06+00:00	candidate		storyboard
022-03	v03	assets/art/panels/022-03/v03-storyboard-svg.svg	storyboard-svg		1200	800	5051	2026-09-12T21:18:26+00:00	candidate		storyboard
022-03	v04	assets/art/panels/022-03/v04-storyboard-svg.svg	storyboard-svg		1200	800	10210	2026-09-12T23:01:00+00:00	candidate		storyboard
022-03	v05	assets/art/panels/022-03/v05-storyboard-svg.svg	storyboard-svg		1200	800	9947	2026-09-12T23:15:36+00:00	candidate		storyboard
022-03	v06	assets/art/panels/022-03/v06-storyboard-svg.svg	storyboard-svg		1200	800	10593	2026-09-12T23:30:36+00:00	candidate		storyboard
022-03	v07	assets/art/panels/022-03/v07-storyboard-svg.svg	storyboard-svg		1200	800	10715	2026-09-12T23:55:10+00:00	candidate		storyboard
022-03	v08	assets/art/panels/022-03/v08-storyboard-svg.svg	storyboard-svg		1200	800	14996	2026-09-13T00:10:06+00:00	candidate		storyboard
022-03	v09	assets/art/panels/022-03/v09-storyboard-svg.svg	storyboard-svg		1200	800	28397	2026-09-13T00:25:40+00:00	candidate		storyboard
022-03	v10	assets/art/panels/022-03/v10-storyboard-svg.svg	storyboard-svg		1200	800	28788	2026-09-13T01:34:47+00:00	candidate		storyboard
022-04	v01	assets/art/panels/022-04/v01-storyboard-svg.svg	storyboard-svg		1200	800	5907	2026-09-07T16:49:08+00:00	candidate		storyboard
022-04	v02	assets/art/panels/022-04/v02-storyboard-svg.svg	storyboard-svg		1200	800	6275	2026-09-07T16:55:06+00:00	candidate		storyboard
022-04	v03	assets/art/panels/022-04/v03-storyboard-svg.svg	storyboard-svg		1200	800	6786	2026-09-12T21:18:26+00:00	candidate		storyboard
022-04	v04	assets/art/panels/022-04/v04-storyboard-svg.svg	storyboard-svg		1200	800	12767	2026-09-12T23:01:00+00:00	candidate		storyboard
022-04	v05	assets/art/panels/022-04/v05-storyboard-svg.svg	storyboard-svg		1200	800	12504	2026-09-12T23:15:36+00:00	candidate		storyboard
022-04	v06	assets/art/panels/022-04/v06-storyboard-svg.svg	storyboard-svg		1200	800	13150	2026-09-12T23:30:36+00:00	candidate		storyboard
022-04	v07	assets/art/panels/022-04/v07-storyboard-svg.svg	storyboard-svg		1200	800	13225	2026-09-12T23:55:10+00:00	candidate		storyboard
022-04	v08	assets/art/panels/022-04/v08-storyboard-svg.svg	storyboard-svg		1200	800	15404	2026-09-13T00:10:06+00:00	candidate		storyboard
022-04	v09	assets/art/panels/022-04/v09-storyboard-svg.svg	storyboard-svg		1200	800	22291	2026-09-13T00:25:40+00:00	candidate		storyboard
022-04	v10	assets/art/panels/022-04/v10-storyboard-svg.svg	storyboard-svg		1200	800	22865	2026-09-13T01:34:47+00:00	candidate		storyboard
022-05	v01	assets/art/panels/022-05/v01-storyboard-svg.svg	storyboard-svg		1200	800	3932	2026-09-07T16:49:08+00:00	candidate		storyboard
022-05	v02	assets/art/panels/022-05/v02-storyboard-svg.svg	storyboard-svg		1200	800	4178	2026-09-07T16:55:06+00:00	candidate		storyboard
022-05	v03	assets/art/panels/022-05/v03-storyboard-svg.svg	storyboard-svg		1200	800	4606	2026-09-12T21:18:26+00:00	candidate		storyboard
022-05	v04	assets/art/panels/022-05/v04-storyboard-svg.svg	storyboard-svg		1200	800	8613	2026-09-12T23:01:00+00:00	candidate		storyboard
022-05	v05	assets/art/panels/022-05/v05-storyboard-svg.svg	storyboard-svg		1200	800	8222	2026-09-12T23:15:36+00:00	candidate		storyboard
022-05	v06	assets/art/panels/022-05/v06-storyboard-svg.svg	storyboard-svg		1200	800	9580	2026-09-12T23:30:36+00:00	candidate		storyboard
022-05	v07	assets/art/panels/022-05/v07-storyboard-svg.svg	storyboard-svg		1200	800	9655	2026-09-12T23:55:10+00:00	candidate		storyboard
022-05	v08	assets/art/panels/022-05/v08-storyboard-svg.svg	storyboard-svg		1200	800	11834	2026-09-13T00:10:06+00:00	candidate		storyboard
022-05	v09	assets/art/panels/022-05/v09-storyboard-svg.svg	storyboard-svg		1200	800	18721	2026-09-13T00:25:40+00:00	candidate		storyboard
022-05	v10	assets/art/panels/022-05/v10-storyboard-svg.svg	storyboard-svg		1200	800	19112	2026-09-13T01:34:47+00:00	candidate		storyboard
023-01	v01	assets/art/panels/023-01/v01-storyboard-svg.svg	storyboard-svg		1200	800	3907	2026-09-07T16:49:08+00:00	candidate		storyboard
023-01	v02	assets/art/panels/023-01/v02-storyboard-svg.svg	storyboard-svg		1200	800	4153	2026-09-07T16:55:06+00:00	candidate		storyboard
023-01	v03	assets/art/panels/023-01/v03-storyboard-svg.svg	storyboard-svg		1200	800	4547	2026-09-12T21:18:26+00:00	candidate		storyboard
023-01	v04	assets/art/panels/023-01/v04-storyboard-svg.svg	storyboard-svg		1200	800	8554	2026-09-12T23:01:00+00:00	candidate		storyboard
023-01	v05	assets/art/panels/023-01/v05-storyboard-svg.svg	storyboard-svg		1200	800	8163	2026-09-12T23:15:36+00:00	candidate		storyboard
023-01	v06	assets/art/panels/023-01/v06-storyboard-svg.svg	storyboard-svg		1200	800	9521	2026-09-12T23:30:36+00:00	candidate		storyboard
023-01	v07	assets/art/panels/023-01/v07-storyboard-svg.svg	storyboard-svg		1200	800	9558	2026-09-12T23:55:10+00:00	candidate		storyboard
023-01	v08	assets/art/panels/023-01/v08-storyboard-svg.svg	storyboard-svg		1200	800	10609	2026-09-13T00:10:06+00:00	candidate		storyboard
023-01	v09	assets/art/panels/023-01/v09-storyboard-svg.svg	storyboard-svg		1200	800	13939	2026-09-13T00:25:40+00:00	candidate		storyboard
023-01	v10	assets/art/panels/023-01/v10-storyboard-svg.svg	storyboard-svg		1200	800	14330	2026-09-13T01:34:48+00:00	candidate		storyboard
023-02	v01	assets/art/panels/023-02/v01-storyboard-svg.svg	storyboard-svg		1200	800	5093	2026-09-07T16:49:08+00:00	candidate		storyboard
023-02	v02	assets/art/panels/023-02/v02-storyboard-svg.svg	storyboard-svg		1200	800	5342	2026-09-07T16:55:06+00:00	candidate		storyboard
023-02	v03	assets/art/panels/023-02/v03-storyboard-svg.svg	storyboard-svg		1200	800	5809	2026-09-12T21:18:26+00:00	candidate		storyboard
023-02	v04	assets/art/panels/023-02/v04-storyboard-svg.svg	storyboard-svg		1200	800	9662	2026-09-12T23:01:00+00:00	candidate		storyboard
023-02	v05	assets/art/panels/023-02/v05-storyboard-svg.svg	storyboard-svg		1200	800	9699	2026-09-12T23:55:10+00:00	candidate		storyboard
023-02	v06	assets/art/panels/023-02/v06-storyboard-svg.svg	storyboard-svg		1200	800	10750	2026-09-13T00:10:06+00:00	candidate		storyboard
023-02	v07	assets/art/panels/023-02/v07-storyboard-svg.svg	storyboard-svg		1200	800	14080	2026-09-13T00:25:40+00:00	candidate		storyboard
023-02	v08	assets/art/panels/023-02/v08-storyboard-svg.svg	storyboard-svg		1200	800	14470	2026-09-13T01:34:48+00:00	candidate		storyboard
023-03	v01	assets/art/panels/023-03/v01-storyboard-svg.svg	storyboard-svg		1200	800	4067	2026-09-07T16:49:08+00:00	candidate		storyboard
023-03	v02	assets/art/panels/023-03/v02-storyboard-svg.svg	storyboard-svg		1200	800	4313	2026-09-07T16:55:06+00:00	candidate		storyboard
023-03	v03	assets/art/panels/023-03/v03-storyboard-svg.svg	storyboard-svg		1200	800	5903	2026-09-12T21:18:26+00:00	candidate		storyboard
023-03	v04	assets/art/panels/023-03/v04-storyboard-svg.svg	storyboard-svg		1200	800	10008	2026-09-12T23:01:00+00:00	candidate		storyboard
023-03	v05	assets/art/panels/023-03/v05-storyboard-svg.svg	storyboard-svg		1200	800	11985	2026-09-12T23:30:36+00:00	candidate		storyboard
023-03	v06	assets/art/panels/023-03/v06-storyboard-svg.svg	storyboard-svg		1200	800	12022	2026-09-12T23:55:10+00:00	candidate		storyboard
023-03	v07	assets/art/panels/023-03/v07-storyboard-svg.svg	storyboard-svg		1200	800	13073	2026-09-13T00:10:06+00:00	candidate		storyboard
023-03	v08	assets/art/panels/023-03/v08-storyboard-svg.svg	storyboard-svg		1200	800	16403	2026-09-13T00:25:40+00:00	candidate		storyboard
023-03	v09	assets/art/panels/023-03/v09-storyboard-svg.svg	storyboard-svg		1200	800	16792	2026-09-13T01:34:48+00:00	candidate		storyboard
023-04	v01	assets/art/panels/023-04/v01-storyboard-svg.svg	storyboard-svg		1200	800	7927	2026-09-07T16:49:08+00:00	candidate		storyboard
023-04	v02	assets/art/panels/023-04/v02-storyboard-svg.svg	storyboard-svg		1200	800	8466	2026-09-07T16:55:06+00:00	candidate		storyboard
023-04	v03	assets/art/panels/023-04/v03-storyboard-svg.svg	storyboard-svg		1200	800	9063	2026-09-12T21:18:26+00:00	candidate		storyboard
023-04	v04	assets/art/panels/023-04/v04-storyboard-svg.svg	storyboard-svg		1200	800	16920	2026-09-12T23:01:00+00:00	candidate		storyboard
023-04	v05	assets/art/panels/023-04/v05-storyboard-svg.svg	storyboard-svg		1200	800	16957	2026-09-12T23:55:10+00:00	candidate		storyboard
023-04	v06	assets/art/panels/023-04/v06-storyboard-svg.svg	storyboard-svg		1200	800	18008	2026-09-13T00:10:06+00:00	candidate		storyboard
023-04	v07	assets/art/panels/023-04/v07-storyboard-svg.svg	storyboard-svg		1200	800	21338	2026-09-13T00:25:40+00:00	candidate		storyboard
023-04	v08	assets/art/panels/023-04/v08-storyboard-svg.svg	storyboard-svg		1200	800	22160	2026-09-13T01:34:48+00:00	candidate		storyboard
023-05	v01	assets/art/panels/023-05/v01-storyboard-svg.svg	storyboard-svg		1200	800	6361	2026-09-07T16:49:08+00:00	candidate		storyboard
023-05	v02	assets/art/panels/023-05/v02-storyboard-svg.svg	storyboard-svg		1200	800	6915	2026-09-07T16:55:06+00:00	candidate		storyboard
023-05	v03	assets/art/panels/023-05/v03-storyboard-svg.svg	storyboard-svg		1200	800	9023	2026-09-12T21:18:26+00:00	candidate		storyboard
023-05	v04	assets/art/panels/023-05/v04-storyboard-svg.svg	storyboard-svg		1200	800	14275	2026-09-12T23:01:00+00:00	candidate		storyboard
023-05	v05	assets/art/panels/023-05/v05-storyboard-svg.svg	storyboard-svg		1200	800	14343	2026-09-12T23:55:10+00:00	candidate		storyboard
023-05	v06	assets/art/panels/023-05/v06-storyboard-svg.svg	storyboard-svg		1200	800	16398	2026-09-13T00:10:06+00:00	candidate		storyboard
023-05	v07	assets/art/panels/023-05/v07-storyboard-svg.svg	storyboard-svg		1200	800	22851	2026-09-13T00:25:40+00:00	candidate		storyboard
023-05	v08	assets/art/panels/023-05/v08-storyboard-svg.svg	storyboard-svg		1200	800	23605	2026-09-13T01:34:48+00:00	candidate		storyboard
024-01	v01	assets/art/panels/024-01/v01-storyboard-svg.svg	storyboard-svg		1200	800	3496	2026-09-07T16:49:08+00:00	candidate		storyboard
024-01	v02	assets/art/panels/024-01/v02-storyboard-svg.svg	storyboard-svg		1200	800	3728	2026-09-07T16:55:06+00:00	candidate		storyboard
024-01	v03	assets/art/panels/024-01/v03-storyboard-svg.svg	storyboard-svg		1200	800	4084	2026-09-12T21:18:26+00:00	candidate		storyboard
024-01	v04	assets/art/panels/024-01/v04-storyboard-svg.svg	storyboard-svg		1200	800	6995	2026-09-12T23:01:00+00:00	candidate		storyboard
024-01	v05	assets/art/panels/024-01/v05-storyboard-svg.svg	storyboard-svg		1200	800	7032	2026-09-12T23:55:10+00:00	candidate		storyboard
024-01	v06	assets/art/panels/024-01/v06-storyboard-svg.svg	storyboard-svg		1200	800	8083	2026-09-13T00:10:06+00:00	candidate		storyboard
024-01	v07	assets/art/panels/024-01/v07-storyboard-svg.svg	storyboard-svg		1200	800	11413	2026-09-13T00:25:40+00:00	candidate		storyboard
024-01	v08	assets/art/panels/024-01/v08-storyboard-svg.svg	storyboard-svg		1200	800	11802	2026-09-13T01:34:48+00:00	candidate		storyboard
024-02	v01	assets/art/panels/024-02/v01-storyboard-svg.svg	storyboard-svg		1200	800	4251	2026-09-07T16:49:08+00:00	candidate		storyboard
024-02	v02	assets/art/panels/024-02/v02-storyboard-svg.svg	storyboard-svg		1200	800	4546	2026-09-07T16:55:06+00:00	candidate		storyboard
024-02	v03	assets/art/panels/024-02/v03-storyboard-svg.svg	storyboard-svg		1200	800	7476	2026-09-12T21:18:26+00:00	candidate		storyboard
024-02	v04	assets/art/panels/024-02/v04-storyboard-svg.svg	storyboard-svg		1200	800	13258	2026-09-12T23:01:00+00:00	candidate		storyboard
024-02	v05	assets/art/panels/024-02/v05-storyboard-svg.svg	storyboard-svg		1200	800	13789	2026-09-12T23:37:23+00:00	candidate		storyboard
024-02	v06	assets/art/panels/024-02/v06-storyboard-svg.svg	storyboard-svg		1200	800	13857	2026-09-12T23:55:10+00:00	candidate		storyboard
024-02	v07	assets/art/panels/024-02/v07-storyboard-svg.svg	storyboard-svg		1200	800	15912	2026-09-13T00:10:06+00:00	candidate		storyboard
024-02	v08	assets/art/panels/024-02/v08-storyboard-svg.svg	storyboard-svg		1200	800	22365	2026-09-13T00:25:40+00:00	candidate		storyboard
024-02	v09	assets/art/panels/024-02/v09-storyboard-svg.svg	storyboard-svg		1200	800	22939	2026-09-13T01:34:48+00:00	candidate		storyboard
024-03	v01	assets/art/panels/024-03/v01-storyboard-svg.svg	storyboard-svg		1200	800	2795	2026-09-07T16:49:08+00:00	candidate		storyboard
024-03	v02	assets/art/panels/024-03/v02-storyboard-svg.svg	storyboard-svg		1200	800	2924	2026-09-07T16:55:07+00:00	candidate		storyboard
024-03	v03	assets/art/panels/024-03/v03-storyboard-svg.svg	storyboard-svg		1200	800	3257	2026-09-12T21:18:26+00:00	candidate		storyboard
024-03	v04	assets/art/panels/024-03/v04-storyboard-svg.svg	storyboard-svg		1200	800	5391	2026-09-12T23:01:00+00:00	candidate		storyboard
024-03	v05	assets/art/panels/024-03/v05-storyboard-svg.svg	storyboard-svg		1200	800	5428	2026-09-12T23:55:10+00:00	candidate		storyboard
024-03	v06	assets/art/panels/024-03/v06-storyboard-svg.svg	storyboard-svg		1200	800	6479	2026-09-13T00:10:06+00:00	candidate		storyboard
024-03	v07	assets/art/panels/024-03/v07-storyboard-svg.svg	storyboard-svg		1200	800	9809	2026-09-13T00:25:40+00:00	candidate		storyboard
024-03	v08	assets/art/panels/024-03/v08-storyboard-svg.svg	storyboard-svg		1200	800	10017	2026-09-13T01:34:48+00:00	candidate		storyboard
024-04	v01	assets/art/panels/024-04/v01-storyboard-svg.svg	storyboard-svg		1200	800	3719	2026-09-07T16:49:08+00:00	candidate		storyboard
024-04	v02	assets/art/panels/024-04/v02-storyboard-svg.svg	storyboard-svg		1200	800	3965	2026-09-07T16:55:07+00:00	candidate		storyboard
024-04	v03	assets/art/panels/024-04/v03-storyboard-svg.svg	storyboard-svg		1200	800	4598	2026-09-12T21:18:26+00:00	candidate		storyboard
024-04	v04	assets/art/panels/024-04/v04-storyboard-svg.svg	storyboard-svg		1200	800	6870	2026-09-12T23:01:00+00:00	candidate		storyboard
024-04	v05	assets/art/panels/024-04/v05-storyboard-svg.svg	storyboard-svg		1200	800	7661	2026-09-12T23:37:23+00:00	candidate		storyboard
024-04	v06	assets/art/panels/024-04/v06-storyboard-svg.svg	storyboard-svg		1200	800	7698	2026-09-12T23:55:10+00:00	candidate		storyboard
024-04	v07	assets/art/panels/024-04/v07-storyboard-svg.svg	storyboard-svg		1200	800	8749	2026-09-13T00:10:06+00:00	candidate		storyboard
024-04	v08	assets/art/panels/024-04/v08-storyboard-svg.svg	storyboard-svg		1200	800	12079	2026-09-13T00:25:40+00:00	candidate		storyboard
024-04	v09	assets/art/panels/024-04/v09-storyboard-svg.svg	storyboard-svg		1200	800	12467	2026-09-13T01:34:48+00:00	candidate		storyboard
024-05	v01	assets/art/panels/024-05/v01-storyboard-svg.svg	storyboard-svg		1200	800	7502	2026-09-07T16:49:08+00:00	candidate		storyboard
024-05	v02	assets/art/panels/024-05/v02-storyboard-svg.svg	storyboard-svg		1200	800	8041	2026-09-07T16:55:07+00:00	candidate		storyboard
024-05	v03	assets/art/panels/024-05/v03-storyboard-svg.svg	storyboard-svg		1200	800	8568	2026-09-12T21:18:26+00:00	candidate		storyboard
024-05	v04	assets/art/panels/024-05/v04-storyboard-svg.svg	storyboard-svg		1200	800	15542	2026-09-12T23:01:00+00:00	candidate		storyboard
024-05	v05	assets/art/panels/024-05/v05-storyboard-svg.svg	storyboard-svg		1200	800	15579	2026-09-12T23:55:10+00:00	candidate		storyboard
024-05	v06	assets/art/panels/024-05/v06-storyboard-svg.svg	storyboard-svg		1200	800	16630	2026-09-13T00:10:06+00:00	candidate		storyboard
024-05	v07	assets/art/panels/024-05/v07-storyboard-svg.svg	storyboard-svg		1200	800	19960	2026-09-13T00:25:40+00:00	candidate		storyboard
024-05	v08	assets/art/panels/024-05/v08-storyboard-svg.svg	storyboard-svg		1200	800	20714	2026-09-13T01:34:48+00:00	candidate		storyboard
025-01	v01	assets/art/panels/025-01/v01-flux2-klein-4b-1001.webp	flux2-klein-4b	1001	1200	800	169732	2026-09-05T18:59:52+00:00	candidate		refined
025-01	v02	assets/art/panels/025-01/v02-storyboard-svg.svg	storyboard-svg		1200	800	12781	2026-09-07T14:11:23+00:00	candidate		storyboard
025-01	v03	assets/art/panels/025-01/v03-storyboard-svg.svg	storyboard-svg		1200	800	6146	2026-09-07T14:13:13+00:00	candidate		storyboard
025-01	v04	assets/art/panels/025-01/v04-panel-fit.svg	panel-fit		1200	800	227026	2026-09-09T02:11:24+00:00	chosen	Textured off-white outer border removed; visually reviewed; original model bytes retained. 8px allowance clears irregular edges; centered 3:2 framing.	refined
025-01	v05	assets/art/panels/025-01/v05-storyboard-svg.svg	storyboard-svg		1200	800	6579	2026-09-12T21:18:26+00:00	candidate		storyboard
025-01	v06	assets/art/panels/025-01/v06-storyboard-svg.svg	storyboard-svg		1200	800	7342	2026-09-12T22:35:06+00:00	candidate		storyboard
025-01	v07	assets/art/panels/025-01/v07-storyboard-svg.svg	storyboard-svg		1200	800	13800	2026-09-12T23:01:00+00:00	candidate		storyboard
025-01	v08	assets/art/panels/025-01/v08-storyboard-svg.svg	storyboard-svg		1200	800	13846	2026-09-12T23:55:10+00:00	candidate		storyboard
025-01	v09	assets/art/panels/025-01/v09-storyboard-svg.svg	storyboard-svg		1200	800	13871	2026-09-13T01:34:48+00:00	candidate		storyboard
025-02	v01	assets/art/panels/025-02/v01-storyboard-svg.svg	storyboard-svg		1200	800	6551	2026-09-07T16:49:08+00:00	candidate		storyboard
025-02	v02	assets/art/panels/025-02/v02-storyboard-svg.svg	storyboard-svg		1200	800	7105	2026-09-07T16:55:07+00:00	candidate		storyboard
025-02	v03	assets/art/panels/025-02/v03-storyboard-svg.svg	storyboard-svg		1200	800	7545	2026-09-12T21:18:26+00:00	candidate		storyboard
025-02	v04	assets/art/panels/025-02/v04-storyboard-svg.svg	storyboard-svg		1200	800	12737	2026-09-12T23:01:00+00:00	candidate		storyboard
025-02	v05	assets/art/panels/025-02/v05-storyboard-svg.svg	storyboard-svg		1200	800	12783	2026-09-12T23:55:10+00:00	candidate		storyboard
025-02	v06	assets/art/panels/025-02/v06-storyboard-svg.svg	storyboard-svg		1200	800	13902	2026-09-13T00:10:06+00:00	candidate		storyboard
025-02	v07	assets/art/panels/025-02/v07-storyboard-svg.svg	storyboard-svg		1200	800	17419	2026-09-13T00:25:40+00:00	candidate		storyboard
025-02	v08	assets/art/panels/025-02/v08-storyboard-svg.svg	storyboard-svg		1200	800	18176	2026-09-13T01:34:48+00:00	candidate		storyboard
025-03	v01	assets/art/panels/025-03/v01-storyboard-svg.svg	storyboard-svg		1200	800	7392	2026-09-07T16:49:08+00:00	candidate		storyboard
025-03	v02	assets/art/panels/025-03/v02-storyboard-svg.svg	storyboard-svg		1200	800	7737	2026-09-07T16:55:07+00:00	candidate		storyboard
025-03	v03	assets/art/panels/025-03/v03-storyboard-svg.svg	storyboard-svg		1200	800	8188	2026-09-12T21:18:26+00:00	candidate		storyboard
025-03	v04	assets/art/panels/025-03/v04-storyboard-svg.svg	storyboard-svg		1200	800	8951	2026-09-12T22:35:06+00:00	candidate		storyboard
025-03	v05	assets/art/panels/025-03/v05-storyboard-svg.svg	storyboard-svg		1200	800	16537	2026-09-12T23:01:00+00:00	candidate		storyboard
025-03	v06	assets/art/panels/025-03/v06-storyboard-svg.svg	storyboard-svg		1200	800	16583	2026-09-12T23:55:10+00:00	candidate		storyboard
025-03	v07	assets/art/panels/025-03/v07-storyboard-svg.svg	storyboard-svg		1200	800	16948	2026-09-13T01:34:48+00:00	candidate		storyboard
025-04	v01	assets/art/panels/025-04/v01-flux2-klein-4b-1001.webp	flux2-klein-4b	1001	1200	800	214422	2026-09-05T19:00:55+00:00	candidate		refined
025-04	v02	assets/art/panels/025-04/v02-flux2-klein-4b-1001.webp	flux2-klein-4b	1001	1200	800	219098	2026-09-05T20:45:07+00:00	candidate	drawn 5 Sep 2026 with the reverted conditional-register clause, not the committed one	refined
025-04	v03	assets/art/panels/025-04/v03-storyboard-svg.svg	storyboard-svg		1200	800	4895	2026-09-07T16:49:08+00:00	candidate		storyboard
025-04	v04	assets/art/panels/025-04/v04-storyboard-svg.svg	storyboard-svg		1200	800	5141	2026-09-07T16:55:07+00:00	candidate		storyboard
025-04	v05	assets/art/panels/025-04/v05-panel-fit.svg	panel-fit		1200	800	292846	2026-09-09T02:11:24+00:00	chosen	Textured off-white outer border removed; visually reviewed; original model bytes retained. 8px allowance clears irregular edges; centered 3:2 framing.	refined
025-04	v06	assets/art/panels/025-04/v06-storyboard-svg.svg	storyboard-svg		1200	800	5617	2026-09-12T21:18:26+00:00	candidate		storyboard
025-04	v07	assets/art/panels/025-04/v07-storyboard-svg.svg	storyboard-svg		1200	800	10675	2026-09-12T23:01:00+00:00	candidate		storyboard
025-04	v08	assets/art/panels/025-04/v08-storyboard-svg.svg	storyboard-svg		1200	800	9818	2026-09-12T23:15:36+00:00	candidate		storyboard
025-04	v09	assets/art/panels/025-04/v09-storyboard-svg.svg	storyboard-svg		1200	800	9807	2026-09-12T23:17:50+00:00	candidate		storyboard
025-04	v10	assets/art/panels/025-04/v10-storyboard-svg.svg	storyboard-svg		1200	800	9881	2026-09-12T23:55:10+00:00	candidate		storyboard
025-04	v11	assets/art/panels/025-04/v11-storyboard-svg.svg	storyboard-svg		1200	800	12056	2026-09-13T00:10:06+00:00	candidate		storyboard
025-04	v12	assets/art/panels/025-04/v12-storyboard-svg.svg	storyboard-svg		1200	800	18903	2026-09-13T00:25:40+00:00	candidate		storyboard
025-04	v13	assets/art/panels/025-04/v13-storyboard-svg.svg	storyboard-svg		1200	800	19367	2026-09-13T01:34:48+00:00	candidate		storyboard
025-05	v01	assets/art/panels/025-05/v01-storyboard-svg.svg	storyboard-svg		1200	800	4305	2026-09-07T16:49:08+00:00	candidate		storyboard
025-05	v02	assets/art/panels/025-05/v02-storyboard-svg.svg	storyboard-svg		1200	800	4543	2026-09-07T16:55:07+00:00	candidate		storyboard
025-05	v03	assets/art/panels/025-05/v03-storyboard-svg.svg	storyboard-svg		1200	800	5036	2026-09-12T21:18:26+00:00	candidate		storyboard
025-05	v04	assets/art/panels/025-05/v04-storyboard-svg.svg	storyboard-svg		1200	800	8191	2026-09-12T23:01:00+00:00	candidate		storyboard
025-05	v05	assets/art/panels/025-05/v05-storyboard-svg.svg	storyboard-svg		1200	800	8237	2026-09-12T23:55:10+00:00	candidate		storyboard
025-05	v06	assets/art/panels/025-05/v06-storyboard-svg.svg	storyboard-svg		1200	800	9356	2026-09-13T00:10:06+00:00	candidate		storyboard
025-05	v07	assets/art/panels/025-05/v07-storyboard-svg.svg	storyboard-svg		1200	800	12873	2026-09-13T00:25:40+00:00	candidate		storyboard
025-05	v08	assets/art/panels/025-05/v08-storyboard-svg.svg	storyboard-svg		1200	800	13264	2026-09-13T01:34:48+00:00	candidate		storyboard
026-01	v01	assets/art/panels/026-01/v01-flux2-klein-4b-1001.webp	flux2-klein-4b	1001	1200	800	241420	2026-09-05T19:01:58+00:00	candidate		refined
026-01	v02	assets/art/panels/026-01/v02-flux2-klein-4b-1001.webp	flux2-klein-4b	1001	1200	800	222858	2026-09-05T19:55:08+00:00	candidate	drawn 5 Sep 2026 with the reverted panel-first prompt arrangement, not the committed composer	refined
026-01	v03	assets/art/panels/026-01/v03-storyboard-svg.svg	storyboard-svg		1200	800	5682	2026-09-07T16:49:08+00:00	candidate		storyboard
026-01	v04	assets/art/panels/026-01/v04-storyboard-svg.svg	storyboard-svg		1200	800	6050	2026-09-07T16:55:07+00:00	candidate		storyboard
026-01	v05	assets/art/panels/026-01/v05-builtin-image-pilot.png	builtin-image-pilot		1536	1024	2913835	2026-09-07T19:06:30+00:00	chosen	Institution pilot: anonymous responder traces workload through scheduler to ExploitGym; exact labels and caption clearance; provisional.	refined
026-01	v06	assets/art/panels/026-01/v06-storyboard-svg.svg	storyboard-svg		1200	800	6623	2026-09-12T21:18:26+00:00	candidate		storyboard
026-01	v07	assets/art/panels/026-01/v07-storyboard-svg.svg	storyboard-svg		1200	800	10946	2026-09-12T23:01:00+00:00	candidate		storyboard
026-01	v08	assets/art/panels/026-01/v08-storyboard-svg.svg	storyboard-svg		1200	800	11030	2026-09-12T23:55:10+00:00	candidate		storyboard
026-01	v09	assets/art/panels/026-01/v09-storyboard-svg.svg	storyboard-svg		1200	800	13277	2026-09-13T00:10:06+00:00	candidate		storyboard
026-01	v10	assets/art/panels/026-01/v10-storyboard-svg.svg	storyboard-svg		1200	800	20351	2026-09-13T00:25:40+00:00	candidate		storyboard
026-01	v11	assets/art/panels/026-01/v11-storyboard-svg.svg	storyboard-svg		1200	800	20925	2026-09-13T01:34:48+00:00	candidate		storyboard
026-02	v01	assets/art/panels/026-02/v01-flux2-klein-4b-4001.webp	flux2-klein-4b	4001	1200	800	437056	2026-09-03T19:05:31+00:00	candidate		refined
026-02	v02	assets/art/panels/026-02/v02-flux2-klein-4b-4001.webp	flux2-klein-4b	4001	1200	800	399172	2026-09-03T21:00:14+00:00	candidate		refined
026-02	v03	assets/art/panels/026-02/v03-storyboard-svg.svg	storyboard-svg		1200	800	3882	2026-09-07T16:49:08+00:00	candidate		storyboard
026-02	v04	assets/art/panels/026-02/v04-storyboard-svg.svg	storyboard-svg		1200	800	4128	2026-09-07T16:55:07+00:00	candidate		storyboard
026-02	v05	assets/art/panels/026-02/v05-builtin-image-pilot.png	builtin-image-pilot		1536	1024	2656295	2026-09-07T19:06:31+00:00	chosen	Institution pilot: abstract history and notes; moss limited to communication objects; provisional.	refined
026-02	v06	assets/art/panels/026-02/v06-storyboard-svg.svg	storyboard-svg		1200	800	4700	2026-09-12T21:18:26+00:00	candidate		storyboard
026-02	v07	assets/art/panels/026-02/v07-storyboard-svg.svg	storyboard-svg		1200	800	9106	2026-09-12T23:01:00+00:00	candidate		storyboard
026-02	v08	assets/art/panels/026-02/v08-storyboard-svg.svg	storyboard-svg		1200	800	9180	2026-09-12T23:55:10+00:00	candidate		storyboard
026-02	v09	assets/art/panels/026-02/v09-storyboard-svg.svg	storyboard-svg		1200	800	11355	2026-09-13T00:10:06+00:00	candidate		storyboard
026-02	v10	assets/art/panels/026-02/v10-storyboard-svg.svg	storyboard-svg		1200	800	18202	2026-09-13T00:25:40+00:00	candidate		storyboard
026-02	v11	assets/art/panels/026-02/v11-storyboard-svg.svg	storyboard-svg		1200	800	18591	2026-09-13T01:34:48+00:00	candidate		storyboard
026-03	v01	assets/art/panels/026-03/v01-storyboard-svg.svg	storyboard-svg		1200	800	5710	2026-09-07T16:49:08+00:00	candidate		storyboard
026-03	v02	assets/art/panels/026-03/v02-storyboard-svg.svg	storyboard-svg		1200	800	6078	2026-09-07T16:55:07+00:00	candidate		storyboard
026-03	v03	assets/art/panels/026-03/v03-storyboard-svg.svg	storyboard-svg		1200	800	6611	2026-09-12T21:18:26+00:00	candidate		storyboard
026-03	v04	assets/art/panels/026-03/v04-storyboard-svg.svg	storyboard-svg		1200	800	12321	2026-09-12T23:01:00+00:00	candidate		storyboard
026-03	v05	assets/art/panels/026-03/v05-storyboard-svg.svg	storyboard-svg		1200	800	12058	2026-09-12T23:15:36+00:00	candidate		storyboard
026-03	v06	assets/art/panels/026-03/v06-storyboard-svg.svg	storyboard-svg		1200	800	12704	2026-09-12T23:30:36+00:00	candidate		storyboard
026-03	v07	assets/art/panels/026-03/v07-storyboard-svg.svg	storyboard-svg		1200	800	12805	2026-09-12T23:55:10+00:00	candidate		storyboard
026-03	v08	assets/art/panels/026-03/v08-storyboard-svg.svg	storyboard-svg		1200	800	15997	2026-09-13T00:10:06+00:00	candidate		storyboard
026-03	v09	assets/art/panels/026-03/v09-storyboard-svg.svg	storyboard-svg		1200	800	26007	2026-09-13T00:25:40+00:00	candidate		storyboard
026-03	v10	assets/art/panels/026-03/v10-storyboard-svg.svg	storyboard-svg		1200	800	26651	2026-09-13T01:34:48+00:00	candidate		storyboard
026-04	v01	assets/art/panels/026-04/v01-flux2-klein-4b-1001.webp	flux2-klein-4b	1001	1200	800	219630	2026-09-05T19:03:02+00:00	candidate		refined
026-04	v02	assets/art/panels/026-04/v02-storyboard-svg.svg	storyboard-svg		1200	800	7527	2026-09-07T16:49:08+00:00	candidate		storyboard
026-04	v03	assets/art/panels/026-04/v03-storyboard-svg.svg	storyboard-svg		1200	800	8110	2026-09-07T16:55:07+00:00	candidate		storyboard
026-04	v04	assets/art/panels/026-04/v04-storyboard-svg.svg	storyboard-svg		1200	800	7615	2026-09-07T18:15:17+00:00	candidate		storyboard
026-04	v05	assets/art/panels/026-04/v05-builtin-image-pilot.png	builtin-image-pilot		1536	1024	2570845	2026-09-07T18:22:43+00:00	chosen	Pilot: three correct labels, ordinary responders at sides, safe caption field; provisional.	refined
026-04	v06	assets/art/panels/026-04/v06-storyboard-svg.svg	storyboard-svg		1200	800	9025	2026-09-12T21:18:26+00:00	candidate		storyboard
026-04	v07	assets/art/panels/026-04/v07-storyboard-svg.svg	storyboard-svg		1200	800	9788	2026-09-12T22:35:06+00:00	candidate		storyboard
026-04	v08	assets/art/panels/026-04/v08-storyboard-svg.svg	storyboard-svg		1200	800	17253	2026-09-12T23:01:00+00:00	candidate		storyboard
026-04	v09	assets/art/panels/026-04/v09-storyboard-svg.svg	storyboard-svg		1200	800	17299	2026-09-12T23:55:10+00:00	candidate		storyboard
026-04	v10	assets/art/panels/026-04/v10-storyboard-svg.svg	storyboard-svg		1200	800	17872	2026-09-13T01:34:48+00:00	candidate		storyboard
026-05	v01	assets/art/panels/026-05/v01-flux2-klein-4b-4001.webp	flux2-klein-4b	4001	1200	800	388682	2026-09-03T19:06:49+00:00	candidate		refined
026-05	v02	assets/art/panels/026-05/v02-flux2-klein-4b-4001.webp	flux2-klein-4b	4001	1200	800	375296	2026-09-03T21:01:33+00:00	candidate		refined
026-05	v03	assets/art/panels/026-05/v03-storyboard-svg.svg	storyboard-svg		1200	800	3785	2026-09-07T16:49:09+00:00	candidate		storyboard
026-05	v04	assets/art/panels/026-05/v04-storyboard-svg.svg	storyboard-svg		1200	800	4031	2026-09-07T16:55:08+00:00	candidate		storyboard
026-05	v05	assets/art/panels/026-05/v05-storyboard-svg.svg	storyboard-svg		1200	800	6364	2026-09-07T18:15:17+00:00	candidate		storyboard
026-05	v06	assets/art/panels/026-05/v06-builtin-image-pilot.png	builtin-image-pilot		1536	1024	3086216	2026-09-07T18:22:43+00:00	rejected	Pilot: landscape evidence cards become portrait sheets; superseded by v07.	refined
026-05	v07	assets/art/panels/026-05/v07-builtin-image-pilot.png	builtin-image-pilot		1536	1024	2851758	2026-09-07T18:22:43+00:00	chosen	Pilot: wide evidence cards restored, exact labels, decision blank, caption clearance; provisional.	refined
026-05	v08	assets/art/panels/026-05/v08-storyboard-svg.svg	storyboard-svg		1200	800	8225	2026-09-12T21:18:26+00:00	candidate		storyboard
026-05	v09	assets/art/panels/026-05/v09-storyboard-svg.svg	storyboard-svg		1200	800	13956	2026-09-12T23:01:00+00:00	candidate		storyboard
026-05	v10	assets/art/panels/026-05/v10-storyboard-svg.svg	storyboard-svg		1200	800	14002	2026-09-12T23:55:10+00:00	candidate		storyboard
026-05	v11	assets/art/panels/026-05/v11-storyboard-svg.svg	storyboard-svg		1200	800	15121	2026-09-13T00:10:06+00:00	candidate		storyboard
026-05	v12	assets/art/panels/026-05/v12-storyboard-svg.svg	storyboard-svg		1200	800	18638	2026-09-13T00:25:40+00:00	candidate		storyboard
026-05	v13	assets/art/panels/026-05/v13-storyboard-svg.svg	storyboard-svg		1200	800	19659	2026-09-13T01:34:48+00:00	candidate		storyboard
027-01	v01	assets/art/panels/027-01/v01-flux2-klein-4b-1001.webp	flux2-klein-4b	1001	1200	800	228054	2026-09-05T19:04:06+00:00	candidate		refined
027-01	v02	assets/art/panels/027-01/v02-storyboard-svg.svg	storyboard-svg		1200	800	7443	2026-09-07T16:49:09+00:00	candidate		storyboard
027-01	v03	assets/art/panels/027-01/v03-storyboard-svg.svg	storyboard-svg		1200	800	8002	2026-09-07T16:55:08+00:00	candidate		storyboard
027-01	v04	assets/art/panels/027-01/v04-builtin-image-pilot.png	builtin-image-pilot		1536	1024	2641614	2026-09-07T19:25:42+00:00	candidate		refined
027-01	v05	assets/art/panels/027-01/v05-pilot-border.svg	pilot-border		1536	1024	3522481	2026-09-07T19:25:42+00:00	chosen	Decision pilot: same responders and landscape evidence cards; restrained gesture, dialogue clearance, controlled reconstruction border; provisional.	refined
027-01	v06	assets/art/panels/027-01/v06-storyboard-svg.svg	storyboard-svg		1200	800	9401	2026-09-12T21:18:26+00:00	candidate		storyboard
027-01	v07	assets/art/panels/027-01/v07-storyboard-svg.svg	storyboard-svg		1200	800	10164	2026-09-12T22:35:06+00:00	candidate		storyboard
027-01	v08	assets/art/panels/027-01/v08-storyboard-svg.svg	storyboard-svg		1200	800	17632	2026-09-12T23:01:00+00:00	candidate		storyboard
027-01	v09	assets/art/panels/027-01/v09-storyboard-svg.svg	storyboard-svg		1200	800	17678	2026-09-12T23:55:10+00:00	candidate		storyboard
027-01	v10	assets/art/panels/027-01/v10-storyboard-svg.svg	storyboard-svg		1200	800	18248	2026-09-13T01:34:48+00:00	candidate		storyboard
027-02	v01	assets/art/panels/027-02/v01-storyboard-svg.svg	storyboard-svg		1200	800	3901	2026-09-07T16:49:09+00:00	candidate		storyboard
027-02	v02	assets/art/panels/027-02/v02-storyboard-svg.svg	storyboard-svg		1200	800	4184	2026-09-07T16:55:08+00:00	candidate		storyboard
027-02	v03	assets/art/panels/027-02/v03-builtin-image-pilot.png	builtin-image-pilot		1536	1024	2968524	2026-09-07T19:30:46+00:00	rejected	Decision close-up: established landscape message-board card became portrait; superseded by corrected v04.	refined
027-02	v04	assets/art/panels/027-02/v04-builtin-image-pilot.png	builtin-image-pilot		1536	1024	2810067	2026-09-07T19:30:46+00:00	candidate		refined
027-02	v05	assets/art/panels/027-02/v05-pilot-border.svg	pilot-border		1536	1024	3747085	2026-09-07T19:30:47+00:00	chosen	Decision close-up: landscape card restored, abstract pivot diagram and dialogue clearance; controlled reconstruction border; provisional.	refined
027-02	v06	assets/art/panels/027-02/v06-storyboard-svg.svg	storyboard-svg		1200	800	4571	2026-09-12T21:18:26+00:00	candidate		storyboard
027-02	v07	assets/art/panels/027-02/v07-storyboard-svg.svg	storyboard-svg		1200	800	8253	2026-09-12T23:01:00+00:00	candidate		storyboard
027-02	v08	assets/art/panels/027-02/v08-storyboard-svg.svg	storyboard-svg		1200	800	7990	2026-09-12T23:15:36+00:00	candidate		storyboard
027-02	v09	assets/art/panels/027-02/v09-storyboard-svg.svg	storyboard-svg		1200	800	8636	2026-09-12T23:30:36+00:00	candidate		storyboard
027-02	v10	assets/art/panels/027-02/v10-storyboard-svg.svg	storyboard-svg		1200	800	8682	2026-09-12T23:55:10+00:00	candidate		storyboard
027-02	v11	assets/art/panels/027-02/v11-storyboard-svg.svg	storyboard-svg		1200	800	9801	2026-09-13T00:10:06+00:00	candidate		storyboard
027-02	v12	assets/art/panels/027-02/v12-storyboard-svg.svg	storyboard-svg		1200	800	13318	2026-09-13T00:25:40+00:00	candidate		storyboard
027-02	v13	assets/art/panels/027-02/v13-storyboard-svg.svg	storyboard-svg		1200	800	13726	2026-09-13T01:34:48+00:00	candidate		storyboard
027-03	v01	assets/art/panels/027-03/v01-storyboard-svg.svg	storyboard-svg		1200	800	3666	2026-09-07T16:49:09+00:00	candidate		storyboard
027-03	v02	assets/art/panels/027-03/v02-storyboard-svg.svg	storyboard-svg		1200	800	3793	2026-09-07T16:55:08+00:00	candidate		storyboard
027-03	v03	assets/art/panels/027-03/v03-builtin-image-pilot.png	builtin-image-pilot		1536	1024	3328086	2026-09-07T19:25:42+00:00	candidate		refined
027-03	v04	assets/art/panels/027-03/v04-pilot-border.svg	pilot-border		1536	1024	4437777	2026-09-07T19:25:43+00:00	chosen	Decision pilot: unanswered STOP RUN field, distributed hands and blank screens, controlled reconstruction border; provisional.	refined
027-03	v05	assets/art/panels/027-03/v05-storyboard-svg.svg	storyboard-svg		1200	800	4156	2026-09-12T21:18:26+00:00	candidate		storyboard
027-03	v06	assets/art/panels/027-03/v06-storyboard-svg.svg	storyboard-svg		1200	800	5563	2026-09-12T23:01:00+00:00	candidate		storyboard
027-03	v07	assets/art/panels/027-03/v07-storyboard-svg.svg	storyboard-svg		1200	800	5609	2026-09-12T23:55:10+00:00	candidate		storyboard
027-03	v08	assets/art/panels/027-03/v08-storyboard-svg.svg	storyboard-svg		1200	800	6728	2026-09-13T00:10:06+00:00	candidate		storyboard
027-03	v09	assets/art/panels/027-03/v09-storyboard-svg.svg	storyboard-svg		1200	800	10245	2026-09-13T00:25:40+00:00	candidate		storyboard
027-03	v10	assets/art/panels/027-03/v10-storyboard-svg.svg	storyboard-svg		1200	800	10428	2026-09-13T01:34:48+00:00	candidate		storyboard
027-04	v01	assets/art/panels/027-04/v01-storyboard-svg.svg	storyboard-svg		1200	800	2850	2026-09-07T16:49:09+00:00	candidate		storyboard
027-04	v02	assets/art/panels/027-04/v02-storyboard-svg.svg	storyboard-svg		1200	800	2979	2026-09-07T16:55:08+00:00	candidate		storyboard
027-04	v03	assets/art/panels/027-04/v03-storyboard-svg.svg	storyboard-svg		1200	800	3491	2026-09-12T21:18:26+00:00	candidate		storyboard
027-04	v04	assets/art/panels/027-04/v04-storyboard-svg.svg	storyboard-svg		1200	800	6088	2026-09-12T23:01:00+00:00	candidate		storyboard
027-04	v05	assets/art/panels/027-04/v05-storyboard-svg.svg	storyboard-svg		1200	800	6134	2026-09-12T23:55:10+00:00	candidate		storyboard
027-04	v06	assets/art/panels/027-04/v06-storyboard-svg.svg	storyboard-svg		1200	800	7253	2026-09-13T00:10:06+00:00	candidate		storyboard
027-04	v07	assets/art/panels/027-04/v07-storyboard-svg.svg	storyboard-svg		1200	800	10770	2026-09-13T00:25:40+00:00	candidate		storyboard
027-04	v08	assets/art/panels/027-04/v08-storyboard-svg.svg	storyboard-svg		1200	800	10978	2026-09-13T01:34:48+00:00	candidate		storyboard
027-05	v01	assets/art/panels/027-05/v01-storyboard-svg.svg	storyboard-svg		1200	800	7923	2026-09-07T16:49:09+00:00	candidate		storyboard
027-05	v02	assets/art/panels/027-05/v02-storyboard-svg.svg	storyboard-svg		1200	800	8169	2026-09-07T16:55:08+00:00	candidate		storyboard
027-05	v03	assets/art/panels/027-05/v03-builtin-image-pilot.png	builtin-image-pilot		1536	1024	2376595	2026-09-07T19:30:47+00:00	chosen	Decision aftermath: active racks separated from dormant staged plugin; exact labels and caption clearance; provisional.	refined
027-05	v04	assets/art/panels/027-05/v04-storyboard-svg.svg	storyboard-svg		1200	800	8658	2026-09-12T21:18:26+00:00	candidate		storyboard
027-05	v05	assets/art/panels/027-05/v05-storyboard-svg.svg	storyboard-svg		1200	800	15134	2026-09-12T23:01:00+00:00	candidate		storyboard
027-05	v06	assets/art/panels/027-05/v06-storyboard-svg.svg	storyboard-svg		1200	800	15925	2026-09-12T23:37:23+00:00	candidate		storyboard
027-05	v07	assets/art/panels/027-05/v07-storyboard-svg.svg	storyboard-svg		1200	800	15993	2026-09-12T23:55:10+00:00	candidate		storyboard
027-05	v08	assets/art/panels/027-05/v08-storyboard-svg.svg	storyboard-svg		1200	800	18048	2026-09-13T00:10:06+00:00	candidate		storyboard
027-05	v09	assets/art/panels/027-05/v09-storyboard-svg.svg	storyboard-svg		1200	800	24501	2026-09-13T00:25:40+00:00	candidate		storyboard
027-05	v10	assets/art/panels/027-05/v10-storyboard-svg.svg	storyboard-svg		1200	800	24892	2026-09-13T01:34:48+00:00	candidate		storyboard
028-01	v01	assets/art/panels/028-01/v01-storyboard-svg.svg	storyboard-svg		1200	800	4709	2026-09-07T16:49:09+00:00	candidate		storyboard
028-01	v02	assets/art/panels/028-01/v02-storyboard-svg.svg	storyboard-svg		1200	800	4965	2026-09-07T16:55:08+00:00	candidate		storyboard
028-01	v03	assets/art/panels/028-01/v03-builtin-image-pilot.png	builtin-image-pilot		1536	1024	2306207	2026-09-07T21:28:53+00:00	chosen	Outage pilot: established redacted plugin, exact EXECUTED state, quiet timestamp and caption area; provisional.	refined
028-01	v04	assets/art/panels/028-01/v04-storyboard-svg.svg	storyboard-svg		1200	800	5447	2026-09-12T21:18:26+00:00	candidate		storyboard
028-01	v05	assets/art/panels/028-01/v05-storyboard-svg.svg	storyboard-svg		1200	800	11799	2026-09-12T23:01:00+00:00	candidate		storyboard
028-01	v06	assets/art/panels/028-01/v06-storyboard-svg.svg	storyboard-svg		1200	800	12496	2026-09-12T23:37:23+00:00	candidate		storyboard
028-01	v07	assets/art/panels/028-01/v07-storyboard-svg.svg	storyboard-svg		1200	800	12533	2026-09-12T23:55:10+00:00	candidate		storyboard
028-01	v08	assets/art/panels/028-01/v08-storyboard-svg.svg	storyboard-svg		1200	800	13584	2026-09-13T00:10:06+00:00	candidate		storyboard
028-01	v09	assets/art/panels/028-01/v09-storyboard-svg.svg	storyboard-svg		1200	800	16914	2026-09-13T00:25:40+00:00	candidate		storyboard
028-01	v10	assets/art/panels/028-01/v10-storyboard-svg.svg	storyboard-svg		1200	800	17328	2026-09-13T01:34:48+00:00	candidate		storyboard
028-02	v01	assets/art/panels/028-02/v01-storyboard-svg.svg	storyboard-svg		1200	800	6936	2026-09-07T16:49:09+00:00	candidate		storyboard
028-02	v02	assets/art/panels/028-02/v02-storyboard-svg.svg	storyboard-svg		1200	800	7259	2026-09-07T16:55:08+00:00	candidate		storyboard
028-02	v03	assets/art/panels/028-02/v03-storyboard-svg.svg	storyboard-svg		1200	800	7341	2026-09-07T17:01:43+00:00	candidate		storyboard
028-02	v04	assets/art/panels/028-02/v04-storyboard-svg.svg	storyboard-svg		1200	800	7803	2026-09-12T21:18:26+00:00	candidate		storyboard
028-02	v05	assets/art/panels/028-02/v05-storyboard-svg.svg	storyboard-svg		1200	800	28710	2026-09-12T23:01:00+00:00	candidate		storyboard
028-02	v06	assets/art/panels/028-02/v06-storyboard-svg.svg	storyboard-svg		1200	800	28785	2026-09-12T23:55:10+00:00	candidate		storyboard
028-02	v07	assets/art/panels/028-02/v07-storyboard-svg.svg	storyboard-svg		1200	800	30964	2026-09-13T00:10:06+00:00	candidate		storyboard
028-02	v08	assets/art/panels/028-02/v08-storyboard-svg.svg	storyboard-svg		1200	800	37851	2026-09-13T00:25:40+00:00	candidate		storyboard
028-02	v09	assets/art/panels/028-02/v09-storyboard-svg.svg	storyboard-svg		1200	800	38240	2026-09-13T01:34:48+00:00	candidate		storyboard
028-03	v01	assets/art/panels/028-03/v01-storyboard-svg.svg	storyboard-svg		1200	800	7813	2026-09-07T16:49:09+00:00	candidate		storyboard
028-03	v02	assets/art/panels/028-03/v02-storyboard-svg.svg	storyboard-svg		1200	800	7885	2026-09-07T16:55:08+00:00	candidate		storyboard
028-03	v03	assets/art/panels/028-03/v03-builtin-image-pilot.png	builtin-image-pilot		1536	1024	2531565	2026-09-07T21:35:09+00:00	chosen	Outage pilot: distinct failed package lanes, ordinary rack lights and clear lettering space; provisional.	refined
028-03	v04	assets/art/panels/028-03/v04-storyboard-svg.svg	storyboard-svg		1200	800	8438	2026-09-12T21:18:26+00:00	candidate		storyboard
028-03	v05	assets/art/panels/028-03/v05-storyboard-svg.svg	storyboard-svg		1200	800	13342	2026-09-12T23:01:00+00:00	candidate		storyboard
028-03	v06	assets/art/panels/028-03/v06-storyboard-svg.svg	storyboard-svg		1200	800	13417	2026-09-12T23:55:10+00:00	candidate		storyboard
028-03	v07	assets/art/panels/028-03/v07-storyboard-svg.svg	storyboard-svg		1200	800	15598	2026-09-13T00:10:06+00:00	candidate		storyboard
028-03	v08	assets/art/panels/028-03/v08-storyboard-svg.svg	storyboard-svg		1200	800	22485	2026-09-13T00:25:40+00:00	candidate		storyboard
028-03	v09	assets/art/panels/028-03/v09-storyboard-svg.svg	storyboard-svg		1200	800	22508	2026-09-13T01:34:48+00:00	candidate		storyboard
028-04	v01	assets/art/panels/028-04/v01-storyboard-svg.svg	storyboard-svg		1200	800	7323	2026-09-07T16:49:09+00:00	candidate		storyboard
028-04	v02	assets/art/panels/028-04/v02-storyboard-svg.svg	storyboard-svg		1200	800	7668	2026-09-07T16:55:08+00:00	candidate		storyboard
028-04	v03	assets/art/panels/028-04/v03-builtin-image-pilot.png	builtin-image-pilot		1536	1024	3423950	2026-09-07T21:28:54+00:00	rejected	Outage pilot: unwanted white margin and ragged decorative outer frame; replaced by corrected v04.	refined
028-04	v04	assets/art/panels/028-04/v04-builtin-image-pilot.png	builtin-image-pilot		1536	1024	3393552	2026-09-07T21:28:54+00:00	candidate		refined
028-04	v05	assets/art/panels/028-04/v05-pilot-border.svg	pilot-border		1536	1024	4525065	2026-09-07T21:28:54+00:00	chosen	Outage pilot: anonymous responder, exact incident timestamp, abstract alert-to-incident record, controlled reconstruction border; provisional.	refined
028-04	v06	assets/art/panels/028-04/v06-storyboard-svg.svg	storyboard-svg		1200	800	8129	2026-09-12T21:18:26+00:00	candidate		storyboard
028-04	v07	assets/art/panels/028-04/v07-storyboard-svg.svg	storyboard-svg		1200	800	8892	2026-09-12T22:35:06+00:00	candidate		storyboard
028-04	v08	assets/art/panels/028-04/v08-storyboard-svg.svg	storyboard-svg		1200	800	16478	2026-09-12T23:01:00+00:00	candidate		storyboard
028-04	v09	assets/art/panels/028-04/v09-storyboard-svg.svg	storyboard-svg		1200	800	16524	2026-09-12T23:55:10+00:00	candidate		storyboard
028-04	v10	assets/art/panels/028-04/v10-storyboard-svg.svg	storyboard-svg		1200	800	16889	2026-09-13T01:34:48+00:00	candidate		storyboard
028-05	v01	assets/art/panels/028-05/v01-storyboard-svg.svg	storyboard-svg		1200	800	7602	2026-09-07T16:49:09+00:00	candidate		storyboard
028-05	v02	assets/art/panels/028-05/v02-storyboard-svg.svg	storyboard-svg		1200	800	8141	2026-09-07T16:55:09+00:00	candidate		storyboard
028-05	v03	assets/art/panels/028-05/v03-storyboard-svg.svg	storyboard-svg		1200	800	8673	2026-09-12T21:18:26+00:00	candidate		storyboard
028-05	v04	assets/art/panels/028-05/v04-storyboard-svg.svg	storyboard-svg		1200	800	15580	2026-09-12T23:01:00+00:00	candidate		storyboard
028-05	v05	assets/art/panels/028-05/v05-storyboard-svg.svg	storyboard-svg		1200	800	15617	2026-09-12T23:55:10+00:00	candidate		storyboard
028-05	v06	assets/art/panels/028-05/v06-storyboard-svg.svg	storyboard-svg		1200	800	16668	2026-09-13T00:10:06+00:00	candidate		storyboard
028-05	v07	assets/art/panels/028-05/v07-storyboard-svg.svg	storyboard-svg		1200	800	19998	2026-09-13T00:25:40+00:00	candidate		storyboard
028-05	v08	assets/art/panels/028-05/v08-storyboard-svg.svg	storyboard-svg		1200	800	20754	2026-09-13T01:34:48+00:00	candidate		storyboard
028-06	v01	assets/art/panels/028-06/v01-storyboard-svg.svg	storyboard-svg		1200	800	6378	2026-09-07T16:49:09+00:00	candidate		storyboard
028-06	v02	assets/art/panels/028-06/v02-storyboard-svg.svg	storyboard-svg		1200	800	6493	2026-09-07T16:55:09+00:00	candidate		storyboard
028-06	v03	assets/art/panels/028-06/v03-builtin-image-pilot.png	builtin-image-pilot		1536	1024	2779060	2026-09-07T21:35:09+00:00	rejected	Service block repeats sealed plugin shape; corrected in v04.	refined
028-06	v04	assets/art/panels/028-06/v04-builtin-image-pilot.png	builtin-image-pilot		1536	1024	2602875	2026-09-07T21:35:10+00:00	chosen	Outage pilot: service cabinet distinct from plugin package, four stalled workloads; provisional.	refined
028-06	v05	assets/art/panels/028-06/v05-storyboard-svg.svg	storyboard-svg		1200	800	6851	2026-09-12T21:18:26+00:00	candidate		storyboard
028-06	v06	assets/art/panels/028-06/v06-storyboard-svg.svg	storyboard-svg		1200	800	10065	2026-09-12T23:01:00+00:00	candidate		storyboard
028-06	v07	assets/art/panels/028-06/v07-storyboard-svg.svg	storyboard-svg		1200	800	10172	2026-09-12T23:55:10+00:00	candidate		storyboard
028-06	v08	assets/art/panels/028-06/v08-storyboard-svg.svg	storyboard-svg		1200	800	13486	2026-09-13T00:10:06+00:00	candidate		storyboard
028-06	v09	assets/art/panels/028-06/v09-storyboard-svg.svg	storyboard-svg		1200	800	23890	2026-09-13T00:25:40+00:00	candidate		storyboard
028-06	v10	assets/art/panels/028-06/v10-storyboard-svg.svg	storyboard-svg		1200	800	24098	2026-09-13T01:34:48+00:00	candidate		storyboard
029-01	v01	assets/art/panels/029-01/v01-storyboard-svg.svg	storyboard-svg		1200	800	7597	2026-09-07T16:49:09+00:00	candidate		storyboard
029-01	v02	assets/art/panels/029-01/v02-storyboard-svg.svg	storyboard-svg		1200	800	7853	2026-09-07T16:55:09+00:00	candidate		storyboard
029-01	v03	assets/art/panels/029-01/v03-builtin-image-pilot.png	builtin-image-pilot		1536	1024	2331778	2026-09-07T21:38:56+00:00	chosen	Erasure pilot: intact old service isolated from four workload lanes; provisional.	refined
029-01	v04	assets/art/panels/029-01/v04-storyboard-svg.svg	storyboard-svg		1200	800	8291	2026-09-12T21:18:26+00:00	candidate		storyboard
029-01	v05	assets/art/panels/029-01/v05-storyboard-svg.svg	storyboard-svg		1200	800	14496	2026-09-12T23:01:00+00:00	candidate		storyboard
029-01	v06	assets/art/panels/029-01/v06-storyboard-svg.svg	storyboard-svg		1200	800	13671	2026-09-12T23:15:36+00:00	candidate		storyboard
029-01	v07	assets/art/panels/029-01/v07-storyboard-svg.svg	storyboard-svg		1200	800	13660	2026-09-12T23:17:50+00:00	candidate		storyboard
029-01	v08	assets/art/panels/029-01/v08-storyboard-svg.svg	storyboard-svg		1200	800	14494	2026-09-12T23:37:23+00:00	candidate		storyboard
029-01	v09	assets/art/panels/029-01/v09-storyboard-svg.svg	storyboard-svg		1200	800	14569	2026-09-12T23:55:10+00:00	candidate		storyboard
029-01	v10	assets/art/panels/029-01/v10-storyboard-svg.svg	storyboard-svg		1200	800	16748	2026-09-13T00:10:06+00:00	candidate		storyboard
029-01	v11	assets/art/panels/029-01/v11-storyboard-svg.svg	storyboard-svg		1200	800	23635	2026-09-13T00:25:40+00:00	candidate		storyboard
029-01	v12	assets/art/panels/029-01/v12-storyboard-svg.svg	storyboard-svg		1200	800	24026	2026-09-13T01:34:48+00:00	candidate		storyboard
029-02	v01	assets/art/panels/029-02/v01-storyboard-svg.svg	storyboard-svg		1200	800	4239	2026-09-07T16:49:09+00:00	candidate		storyboard
029-02	v02	assets/art/panels/029-02/v02-storyboard-svg.svg	storyboard-svg		1200	800	4539	2026-09-07T16:55:09+00:00	candidate		storyboard
029-02	v03	assets/art/panels/029-02/v03-builtin-image-pilot.png	builtin-image-pilot		1536	1024	3064001	2026-09-07T21:38:57+00:00	chosen	Erasure pilot: preserved hardware evidence distinct from revoked credentials and blocked paths; provisional.	refined
029-02	v04	assets/art/panels/029-02/v04-storyboard-svg.svg	storyboard-svg		1200	800	4986	2026-09-12T21:18:26+00:00	candidate		storyboard
029-02	v05	assets/art/panels/029-02/v05-storyboard-svg.svg	storyboard-svg		1200	800	9059	2026-09-12T23:01:00+00:00	candidate		storyboard
029-02	v06	assets/art/panels/029-02/v06-storyboard-svg.svg	storyboard-svg		1200	800	10544	2026-09-12T23:15:36+00:00	candidate		storyboard
029-02	v07	assets/art/panels/029-02/v07-storyboard-svg.svg	storyboard-svg		1200	800	11829	2026-09-12T23:30:36+00:00	candidate		storyboard
029-02	v08	assets/art/panels/029-02/v08-storyboard-svg.svg	storyboard-svg		1200	800	12872	2026-09-12T23:37:23+00:00	candidate		storyboard
029-02	v09	assets/art/panels/029-02/v09-storyboard-svg.svg	storyboard-svg		1200	800	12947	2026-09-12T23:55:10+00:00	candidate		storyboard
029-02	v10	assets/art/panels/029-02/v10-storyboard-svg.svg	storyboard-svg		1200	800	13338	2026-09-13T01:34:48+00:00	candidate		storyboard
029-03	v01	assets/art/panels/029-03/v01-storyboard-svg.svg	storyboard-svg		1200	800	4954	2026-09-07T16:49:09+00:00	candidate		storyboard
029-03	v02	assets/art/panels/029-03/v02-storyboard-svg.svg	storyboard-svg		1200	800	5347	2026-09-07T16:55:09+00:00	candidate		storyboard
029-03	v03	assets/art/panels/029-03/v03-storyboard-svg.svg	storyboard-svg		1200	800	5343	2026-09-07T21:42:54+00:00	candidate		storyboard
029-03	v04	assets/art/panels/029-03/v04-builtin-image-pilot.png	builtin-image-pilot		1536	1024	2626482	2026-09-07T21:42:55+00:00	chosen	Rebuild pilot: intact preserved storage separated from clean instance; provisional.	refined
029-03	v05	assets/art/panels/029-03/v05-storyboard-svg.svg	storyboard-svg		1200	800	5677	2026-09-12T21:18:26+00:00	candidate		storyboard
029-03	v06	assets/art/panels/029-03/v06-storyboard-svg.svg	storyboard-svg		1200	800	11043	2026-09-12T23:01:00+00:00	candidate		storyboard
029-03	v07	assets/art/panels/029-03/v07-storyboard-svg.svg	storyboard-svg		1200	800	12530	2026-09-12T23:15:36+00:00	candidate		storyboard
029-03	v08	assets/art/panels/029-03/v08-storyboard-svg.svg	storyboard-svg		1200	800	13815	2026-09-12T23:30:36+00:00	candidate		storyboard
029-03	v09	assets/art/panels/029-03/v09-storyboard-svg.svg	storyboard-svg		1200	800	14832	2026-09-12T23:37:23+00:00	candidate		storyboard
029-03	v10	assets/art/panels/029-03/v10-storyboard-svg.svg	storyboard-svg		1200	800	14869	2026-09-12T23:55:10+00:00	candidate		storyboard
029-03	v11	assets/art/panels/029-03/v11-storyboard-svg.svg	storyboard-svg		1200	800	15285	2026-09-13T01:34:48+00:00	candidate		storyboard
029-04	v01	assets/art/panels/029-04/v01-storyboard-svg.svg	storyboard-svg		1200	800	2815	2026-09-07T16:49:09+00:00	candidate		storyboard
029-04	v02	assets/art/panels/029-04/v02-storyboard-svg.svg	storyboard-svg		1200	800	2944	2026-09-07T16:55:09+00:00	candidate		storyboard
029-04	v03	assets/art/panels/029-04/v03-builtin-image-pilot.png	builtin-image-pilot		1536	1024	2765546	2026-09-07T21:42:55+00:00	chosen	Erasure pilot: empty replacement directory, no messages or moss; provisional.	refined
029-04	v04	assets/art/panels/029-04/v04-storyboard-svg.svg	storyboard-svg		1200	800	3366	2026-09-12T21:18:26+00:00	candidate		storyboard
029-04	v05	assets/art/panels/029-04/v05-storyboard-svg.svg	storyboard-svg		1200	800	5175	2026-09-12T23:01:00+00:00	candidate		storyboard
029-04	v06	assets/art/panels/029-04/v06-storyboard-svg.svg	storyboard-svg		1200	800	5212	2026-09-12T23:55:10+00:00	candidate		storyboard
029-04	v07	assets/art/panels/029-04/v07-storyboard-svg.svg	storyboard-svg		1200	800	6263	2026-09-13T00:10:06+00:00	candidate		storyboard
029-04	v08	assets/art/panels/029-04/v08-storyboard-svg.svg	storyboard-svg		1200	800	9593	2026-09-13T00:25:40+00:00	candidate		storyboard
029-04	v09	assets/art/panels/029-04/v09-storyboard-svg.svg	storyboard-svg		1200	800	9801	2026-09-13T01:34:48+00:00	candidate		storyboard
030-01	v01	assets/art/panels/030-01/v01-storyboard-svg.svg	storyboard-svg		1200	800	4365	2026-09-07T16:49:09+00:00	candidate		storyboard
030-01	v02	assets/art/panels/030-01/v02-storyboard-svg.svg	storyboard-svg		1200	800	4611	2026-09-07T16:55:09+00:00	candidate		storyboard
030-01	v03	assets/art/panels/030-01/v03-builtin-image-pilot.png	builtin-image-pilot		1536	1024	2612059	2026-09-07T21:48:34+00:00	chosen	Mitigation pilot: traffic reaches clean cache; old instance stays isolated; provisional.	refined
030-01	v04	assets/art/panels/030-01/v04-storyboard-svg.svg	storyboard-svg		1200	800	5057	2026-09-12T21:18:26+00:00	candidate		storyboard
030-01	v05	assets/art/panels/030-01/v05-storyboard-svg.svg	storyboard-svg		1200	800	10423	2026-09-12T23:01:00+00:00	candidate		storyboard
030-01	v06	assets/art/panels/030-01/v06-storyboard-svg.svg	storyboard-svg		1200	800	11043	2026-09-12T23:15:36+00:00	candidate		storyboard
030-01	v07	assets/art/panels/030-01/v07-storyboard-svg.svg	storyboard-svg		1200	800	11032	2026-09-12T23:17:50+00:00	candidate		storyboard
030-01	v08	assets/art/panels/030-01/v08-storyboard-svg.svg	storyboard-svg		1200	800	12317	2026-09-12T23:30:36+00:00	candidate		storyboard
030-01	v09	assets/art/panels/030-01/v09-storyboard-svg.svg	storyboard-svg		1200	800	13334	2026-09-12T23:37:24+00:00	candidate		storyboard
030-01	v10	assets/art/panels/030-01/v10-storyboard-svg.svg	storyboard-svg		1200	800	13371	2026-09-12T23:55:10+00:00	candidate		storyboard
030-01	v11	assets/art/panels/030-01/v11-storyboard-svg.svg	storyboard-svg		1200	800	13762	2026-09-13T01:34:48+00:00	candidate		storyboard
030-02	v01	assets/art/panels/030-02/v01-storyboard-svg.svg	storyboard-svg		1200	800	4280	2026-09-07T16:49:09+00:00	candidate		storyboard
030-02	v02	assets/art/panels/030-02/v02-storyboard-svg.svg	storyboard-svg		1200	800	4576	2026-09-07T16:55:09+00:00	candidate		storyboard
030-02	v03	assets/art/panels/030-02/v03-builtin-image-pilot.png	builtin-image-pilot		1536	1024	3057485	2026-09-07T21:55:00+00:00	chosen	Mitigation pilot: shared credential withdrawn from distinct new workloads; provisional.	refined
030-02	v04	assets/art/panels/030-02/v04-storyboard-svg.svg	storyboard-svg		1200	800	4978	2026-09-12T21:18:26+00:00	candidate		storyboard
030-02	v05	assets/art/panels/030-02/v05-storyboard-svg.svg	storyboard-svg		1200	800	9491	2026-09-12T23:01:00+00:00	candidate		storyboard
030-02	v06	assets/art/panels/030-02/v06-storyboard-svg.svg	storyboard-svg		1200	800	10281	2026-09-12T23:37:24+00:00	candidate		storyboard
030-02	v07	assets/art/panels/030-02/v07-storyboard-svg.svg	storyboard-svg		1200	800	10328	2026-09-12T23:55:10+00:00	candidate		storyboard
030-02	v08	assets/art/panels/030-02/v08-storyboard-svg.svg	storyboard-svg		1200	800	11451	2026-09-13T00:10:06+00:00	candidate		storyboard
030-02	v09	assets/art/panels/030-02/v09-storyboard-svg.svg	storyboard-svg		1200	800	15008	2026-09-13T00:25:40+00:00	candidate		storyboard
030-02	v10	assets/art/panels/030-02/v10-storyboard-svg.svg	storyboard-svg		1200	800	15453	2026-09-13T01:34:48+00:00	candidate		storyboard
030-03	v01	assets/art/panels/030-03/v01-storyboard-svg.svg	storyboard-svg		1200	800	4245	2026-09-07T16:49:09+00:00	candidate		storyboard
030-03	v02	assets/art/panels/030-03/v02-storyboard-svg.svg	storyboard-svg		1200	800	4709	2026-09-07T16:55:09+00:00	candidate		storyboard
030-03	v03	assets/art/panels/030-03/v03-storyboard-svg.svg	storyboard-svg		1200	800	5083	2026-09-12T21:18:26+00:00	candidate		storyboard
030-03	v04	assets/art/panels/030-03/v04-storyboard-svg.svg	storyboard-svg		1200	800	7664	2026-09-12T23:01:00+00:00	candidate		storyboard
030-03	v05	assets/art/panels/030-03/v05-storyboard-svg.svg	storyboard-svg		1200	800	7680	2026-09-12T23:15:36+00:00	candidate		storyboard
030-03	v06	assets/art/panels/030-03/v06-storyboard-svg.svg	storyboard-svg		1200	800	7933	2026-09-12T23:30:36+00:00	candidate		storyboard
030-03	v07	assets/art/panels/030-03/v07-storyboard-svg.svg	storyboard-svg		1200	800	7970	2026-09-12T23:55:10+00:00	candidate		storyboard
030-03	v08	assets/art/panels/030-03/v08-storyboard-svg.svg	storyboard-svg		1200	800	9021	2026-09-13T00:10:06+00:00	candidate		storyboard
030-03	v09	assets/art/panels/030-03/v09-storyboard-svg.svg	storyboard-svg		1200	800	12351	2026-09-13T00:25:40+00:00	candidate		storyboard
030-03	v10	assets/art/panels/030-03/v10-storyboard-svg.svg	storyboard-svg		1200	800	12923	2026-09-13T01:34:48+00:00	candidate		storyboard
030-04	v01	assets/art/panels/030-04/v01-storyboard-svg.svg	storyboard-svg		1200	800	4683	2026-09-07T16:49:09+00:00	candidate		storyboard
030-04	v02	assets/art/panels/030-04/v02-storyboard-svg.svg	storyboard-svg		1200	800	5097	2026-09-07T16:55:10+00:00	candidate		storyboard
030-04	v03	assets/art/panels/030-04/v03-builtin-image-pilot.png	builtin-image-pilot		1536	1024	3079959	2026-09-07T21:55:01+00:00	rejected	Failure cards on wrong side of boundary and copied key symbols; corrected in v04.	refined
030-04	v04	assets/art/panels/030-04/v04-builtin-image-pilot.png	builtin-image-pilot		1536	1024	2965402	2026-09-07T21:55:01+00:00	chosen	Mitigation pilot: three requests return failure at intact boundary; exact timestamp; provisional.	refined
030-04	v05	assets/art/panels/030-04/v05-storyboard-svg.svg	storyboard-svg		1200	800	9146	2026-09-12T21:18:26+00:00	candidate		storyboard
030-04	v06	assets/art/panels/030-04/v06-storyboard-svg.svg	storyboard-svg		1200	800	13898	2026-09-12T23:01:00+00:00	candidate		storyboard
030-04	v07	assets/art/panels/030-04/v07-storyboard-svg.svg	storyboard-svg		1200	800	13935	2026-09-12T23:55:10+00:00	candidate		storyboard
030-04	v08	assets/art/panels/030-04/v08-storyboard-svg.svg	storyboard-svg		1200	800	14986	2026-09-13T00:10:06+00:00	candidate		storyboard
030-04	v09	assets/art/panels/030-04/v09-storyboard-svg.svg	storyboard-svg		1200	800	18316	2026-09-13T00:25:40+00:00	candidate		storyboard
030-04	v10	assets/art/panels/030-04/v10-storyboard-svg.svg	storyboard-svg		1200	800	19067	2026-09-13T01:34:48+00:00	candidate		storyboard
030-05	v01	assets/art/panels/030-05/v01-storyboard-svg.svg	storyboard-svg		1200	800	8276	2026-09-07T16:49:09+00:00	candidate		storyboard
030-05	v02	assets/art/panels/030-05/v02-storyboard-svg.svg	storyboard-svg		1200	800	8644	2026-09-07T16:55:10+00:00	candidate		storyboard
030-05	v03	assets/art/panels/030-05/v03-builtin-image-pilot.png	builtin-image-pilot		1536	1024	2713352	2026-09-07T21:48:34+00:00	rejected	No clear allowed incoming route; duplicate labels. Corrected in v04.	refined
030-05	v04	assets/art/panels/030-05/v04-builtin-image-pilot.png	builtin-image-pilot		1536	1024	2610283	2026-09-07T21:48:35+00:00	chosen	Mitigation pilot: two blocked paths, revoked credential, permitted traffic and live service; provisional.	refined
030-05	v05	assets/art/panels/030-05/v05-storyboard-svg.svg	storyboard-svg		1200	800	9139	2026-09-12T21:18:26+00:00	candidate		storyboard
030-05	v06	assets/art/panels/030-05/v06-storyboard-svg.svg	storyboard-svg		1200	800	15740	2026-09-12T23:01:00+00:00	candidate		storyboard
030-05	v07	assets/art/panels/030-05/v07-storyboard-svg.svg	storyboard-svg		1200	800	15756	2026-09-12T23:15:36+00:00	candidate		storyboard
030-05	v08	assets/art/panels/030-05/v08-storyboard-svg.svg	storyboard-svg		1200	800	16009	2026-09-12T23:30:36+00:00	candidate		storyboard
030-05	v09	assets/art/panels/030-05/v09-storyboard-svg.svg	storyboard-svg		1200	800	15983	2026-09-12T23:37:24+00:00	candidate		storyboard
030-05	v10	assets/art/panels/030-05/v10-storyboard-svg.svg	storyboard-svg		1200	800	16020	2026-09-12T23:55:10+00:00	candidate		storyboard
030-05	v11	assets/art/panels/030-05/v11-storyboard-svg.svg	storyboard-svg		1200	800	17071	2026-09-13T00:10:06+00:00	candidate		storyboard
030-05	v12	assets/art/panels/030-05/v12-storyboard-svg.svg	storyboard-svg		1200	800	20401	2026-09-13T00:25:40+00:00	candidate		storyboard
030-05	v13	assets/art/panels/030-05/v13-storyboard-svg.svg	storyboard-svg		1200	800	20975	2026-09-13T01:34:48+00:00	candidate		storyboard
031-01	v01	assets/art/panels/031-01/v01-storyboard-svg.svg	storyboard-svg		1200	800	9319	2026-09-07T16:49:09+00:00	candidate		storyboard
031-01	v02	assets/art/panels/031-01/v02-storyboard-svg.svg	storyboard-svg		1200	800	9838	2026-09-07T16:55:10+00:00	candidate		storyboard
031-01	v03	assets/art/panels/031-01/v03-storyboard-svg.svg	storyboard-svg		1200	800	10206	2026-09-12T21:18:26+00:00	candidate		storyboard
031-01	v04	assets/art/panels/031-01/v04-storyboard-svg.svg	storyboard-svg		1200	800	18941	2026-09-12T23:01:00+00:00	candidate		storyboard
031-01	v05	assets/art/panels/031-01/v05-storyboard-svg.svg	storyboard-svg		1200	800	18987	2026-09-12T23:55:10+00:00	candidate		storyboard
031-01	v06	assets/art/panels/031-01/v06-storyboard-svg.svg	storyboard-svg		1200	800	19994	2026-09-13T00:10:06+00:00	candidate		storyboard
031-01	v07	assets/art/panels/031-01/v07-storyboard-svg.svg	storyboard-svg		1200	800	23244	2026-09-13T00:25:40+00:00	candidate		storyboard
031-01	v08	assets/art/panels/031-01/v08-storyboard-svg.svg	storyboard-svg		1200	800	24001	2026-09-13T01:34:48+00:00	candidate		storyboard
031-02	v01	assets/art/panels/031-02/v01-storyboard-svg.svg	storyboard-svg		1200	800	4812	2026-09-07T16:49:09+00:00	candidate		storyboard
031-02	v02	assets/art/panels/031-02/v02-storyboard-svg.svg	storyboard-svg		1200	800	5200	2026-09-07T16:55:10+00:00	candidate		storyboard
031-02	v03	assets/art/panels/031-02/v03-storyboard-svg.svg	storyboard-svg		1200	800	5636	2026-09-12T21:18:26+00:00	candidate		storyboard
031-02	v04	assets/art/panels/031-02/v04-storyboard-svg.svg	storyboard-svg		1200	800	11035	2026-09-12T23:01:00+00:00	candidate		storyboard
031-02	v05	assets/art/panels/031-02/v05-storyboard-svg.svg	storyboard-svg		1200	800	11081	2026-09-12T23:55:10+00:00	candidate		storyboard
031-02	v06	assets/art/panels/031-02/v06-storyboard-svg.svg	storyboard-svg		1200	800	12088	2026-09-13T00:10:06+00:00	candidate		storyboard
031-02	v07	assets/art/panels/031-02/v07-storyboard-svg.svg	storyboard-svg		1200	800	15338	2026-09-13T00:25:40+00:00	candidate		storyboard
031-02	v08	assets/art/panels/031-02/v08-storyboard-svg.svg	storyboard-svg		1200	800	15912	2026-09-13T01:34:48+00:00	candidate		storyboard
031-03	v01	assets/art/panels/031-03/v01-storyboard-svg.svg	storyboard-svg		1200	800	4282	2026-09-07T16:49:09+00:00	candidate		storyboard
031-03	v02	assets/art/panels/031-03/v02-storyboard-svg.svg	storyboard-svg		1200	800	4749	2026-09-07T16:55:10+00:00	candidate		storyboard
031-03	v03	assets/art/panels/031-03/v03-builtin-image-pilot.png	builtin-image-pilot		1536	1024	2737149	2026-09-07T22:01:33+00:00	chosen	Causal-question pilot: equal cause/tool questions around empty old-board outline; editorial inference, provisional.	refined
031-03	v04	assets/art/panels/031-03/v04-storyboard-svg.svg	storyboard-svg		1200	800	5086	2026-09-12T21:18:26+00:00	candidate		storyboard
031-03	v05	assets/art/panels/031-03/v05-storyboard-svg.svg	storyboard-svg		1200	800	6097	2026-09-12T23:01:00+00:00	candidate		storyboard
031-03	v06	assets/art/panels/031-03/v06-storyboard-svg.svg	storyboard-svg		1200	800	6134	2026-09-12T23:55:10+00:00	candidate		storyboard
031-03	v07	assets/art/panels/031-03/v07-storyboard-svg.svg	storyboard-svg		1200	800	7185	2026-09-13T00:10:06+00:00	candidate		storyboard
031-03	v08	assets/art/panels/031-03/v08-storyboard-svg.svg	storyboard-svg		1200	800	10515	2026-09-13T00:25:40+00:00	candidate		storyboard
031-03	v09	assets/art/panels/031-03/v09-storyboard-svg.svg	storyboard-svg		1200	800	11087	2026-09-13T01:34:48+00:00	candidate		storyboard
031-04	v01	assets/art/panels/031-04/v01-storyboard-svg.svg	storyboard-svg		1200	800	3823	2026-09-07T16:49:09+00:00	candidate		storyboard
031-04	v02	assets/art/panels/031-04/v02-storyboard-svg.svg	storyboard-svg		1200	800	4069	2026-09-07T16:55:10+00:00	candidate		storyboard
031-04	v03	assets/art/panels/031-04/v03-storyboard-svg.svg	storyboard-svg		1200	800	4541	2026-09-12T21:18:26+00:00	candidate		storyboard
031-04	v04	assets/art/panels/031-04/v04-storyboard-svg.svg	storyboard-svg		1200	800	8077	2026-09-12T23:01:00+00:00	candidate		storyboard
031-04	v05	assets/art/panels/031-04/v05-storyboard-svg.svg	storyboard-svg		1200	800	8123	2026-09-12T23:55:10+00:00	candidate		storyboard
031-04	v06	assets/art/panels/031-04/v06-storyboard-svg.svg	storyboard-svg		1200	800	9130	2026-09-13T00:10:06+00:00	candidate		storyboard
031-04	v07	assets/art/panels/031-04/v07-storyboard-svg.svg	storyboard-svg		1200	800	12380	2026-09-13T00:25:40+00:00	candidate		storyboard
031-04	v08	assets/art/panels/031-04/v08-storyboard-svg.svg	storyboard-svg		1200	800	12771	2026-09-13T01:34:48+00:00	candidate		storyboard
031-05	v01	assets/art/panels/031-05/v01-storyboard-svg.svg	storyboard-svg		1200	800	6343	2026-09-07T16:49:09+00:00	candidate		storyboard
031-05	v02	assets/art/panels/031-05/v02-storyboard-svg.svg	storyboard-svg		1200	800	6897	2026-09-07T16:55:10+00:00	candidate		storyboard
031-05	v03	assets/art/panels/031-05/v03-builtin-image-pilot.png	builtin-image-pilot		1536	1024	2501609	2026-09-07T22:01:33+00:00	chosen	Causal-question pilot: dormant lanes around clean service, no communication or moss; provisional.	refined
031-05	v04	assets/art/panels/031-05/v04-storyboard-svg.svg	storyboard-svg		1200	800	5881	2026-09-12T21:18:26+00:00	candidate		storyboard
031-05	v05	assets/art/panels/031-05/v05-storyboard-svg.svg	storyboard-svg		1200	800	10943	2026-09-12T23:01:00+00:00	candidate		storyboard
031-05	v06	assets/art/panels/031-05/v06-storyboard-svg.svg	storyboard-svg		1200	800	11011	2026-09-12T23:55:10+00:00	candidate		storyboard
031-05	v07	assets/art/panels/031-05/v07-storyboard-svg.svg	storyboard-svg		1200	800	13066	2026-09-13T00:10:06+00:00	candidate		storyboard
031-05	v08	assets/art/panels/031-05/v08-storyboard-svg.svg	storyboard-svg		1200	800	19519	2026-09-13T00:25:40+00:00	candidate		storyboard
031-05	v09	assets/art/panels/031-05/v09-storyboard-svg.svg	storyboard-svg		1200	800	20273	2026-09-13T01:34:48+00:00	candidate		storyboard
032-01	v01	assets/art/panels/032-01/v01-storyboard-svg.svg	storyboard-svg		1200	800	3911	2026-09-07T16:49:09+00:00	candidate		storyboard
032-01	v02	assets/art/panels/032-01/v02-storyboard-svg.svg	storyboard-svg		1200	800	4168	2026-09-07T16:55:10+00:00	candidate		storyboard
032-01	v03	assets/art/panels/032-01/v03-storyboard-svg.svg	storyboard-svg		1200	800	4492	2026-09-12T21:18:26+00:00	candidate		storyboard
032-01	v04	assets/art/panels/032-01/v04-storyboard-svg.svg	storyboard-svg		1200	800	8026	2026-09-12T23:01:00+00:00	candidate		storyboard
032-01	v05	assets/art/panels/032-01/v05-storyboard-svg.svg	storyboard-svg		1200	800	8073	2026-09-12T23:55:10+00:00	candidate		storyboard
032-01	v06	assets/art/panels/032-01/v06-storyboard-svg.svg	storyboard-svg		1200	800	9196	2026-09-13T00:10:06+00:00	candidate		storyboard
032-01	v07	assets/art/panels/032-01/v07-storyboard-svg.svg	storyboard-svg		1200	800	12753	2026-09-13T00:25:40+00:00	candidate		storyboard
032-01	v08	assets/art/panels/032-01/v08-storyboard-svg.svg	storyboard-svg		1200	800	13144	2026-09-13T01:34:48+00:00	candidate		storyboard
032-02	v01	assets/art/panels/032-02/v01-storyboard-svg.svg	storyboard-svg		1200	800	10164	2026-09-07T16:49:09+00:00	candidate		storyboard
032-02	v02	assets/art/panels/032-02/v02-storyboard-svg.svg	storyboard-svg		1200	800	10750	2026-09-07T16:55:10+00:00	candidate		storyboard
032-02	v03	assets/art/panels/032-02/v03-builtin-image-pilot.png	builtin-image-pilot		1536	1024	2816434	2026-09-07T22:35:10+00:00	chosen	Restart pilot: distinct fresh task lanes and budgets; generic run labels, provisional.	refined
032-02	v04	assets/art/panels/032-02/v04-storyboard-svg.svg	storyboard-svg		1200	800	11855	2026-09-12T21:18:26+00:00	candidate		storyboard
032-02	v05	assets/art/panels/032-02/v05-storyboard-svg.svg	storyboard-svg		1200	800	24533	2026-09-12T23:01:00+00:00	candidate		storyboard
032-02	v06	assets/art/panels/032-02/v06-storyboard-svg.svg	storyboard-svg		1200	800	24573	2026-09-12T23:55:10+00:00	candidate		storyboard
032-02	v07	assets/art/panels/032-02/v07-storyboard-svg.svg	storyboard-svg		1200	800	25574	2026-09-13T00:10:06+00:00	candidate		storyboard
032-02	v08	assets/art/panels/032-02/v08-storyboard-svg.svg	storyboard-svg		1200	800	28697	2026-09-13T00:25:40+00:00	candidate		storyboard
032-02	v09	assets/art/panels/032-02/v09-storyboard-svg.svg	storyboard-svg		1200	800	29450	2026-09-13T01:34:48+00:00	candidate		storyboard
032-03	v01	assets/art/panels/032-03/v01-storyboard-svg.svg	storyboard-svg		1200	800	4690	2026-09-07T16:49:10+00:00	candidate		storyboard
032-03	v02	assets/art/panels/032-03/v02-storyboard-svg.svg	storyboard-svg		1200	800	5106	2026-09-07T16:55:10+00:00	candidate		storyboard
032-03	v03	assets/art/panels/032-03/v03-builtin-image-pilot.png	builtin-image-pilot		1536	1024	2437336	2026-09-07T22:39:09+00:00	chosen	Restart detail: three generic task obstacles; provisional.	refined
032-03	v04	assets/art/panels/032-03/v04-storyboard-svg.svg	storyboard-svg		1200	800	5772	2026-09-12T21:18:26+00:00	candidate		storyboard
032-03	v05	assets/art/panels/032-03/v05-storyboard-svg.svg	storyboard-svg		1200	800	8301	2026-09-12T23:01:00+00:00	candidate		storyboard
032-03	v06	assets/art/panels/032-03/v06-storyboard-svg.svg	storyboard-svg		1200	800	8341	2026-09-12T23:55:10+00:00	candidate		storyboard
032-03	v07	assets/art/panels/032-03/v07-storyboard-svg.svg	storyboard-svg		1200	800	9340	2026-09-13T00:10:06+00:00	candidate		storyboard
032-03	v08	assets/art/panels/032-03/v08-storyboard-svg.svg	storyboard-svg		1200	800	12463	2026-09-13T00:25:40+00:00	candidate		storyboard
032-03	v09	assets/art/panels/032-03/v09-storyboard-svg.svg	storyboard-svg		1200	800	13036	2026-09-13T01:34:48+00:00	candidate		storyboard
032-04	v01	assets/art/panels/032-04/v01-storyboard-svg.svg	storyboard-svg		1200	800	6263	2026-09-07T16:49:10+00:00	candidate		storyboard
032-04	v02	assets/art/panels/032-04/v02-storyboard-svg.svg	storyboard-svg		1200	800	6817	2026-09-07T16:55:11+00:00	candidate		storyboard
032-04	v03	assets/art/panels/032-04/v03-builtin-image-pilot.png	builtin-image-pilot		1536	1024	2616823	2026-09-07T22:35:11+00:00	chosen	Restart pilot: three lanes access packages-only listing, no messages or moss; provisional.	refined
032-04	v04	assets/art/panels/032-04/v04-storyboard-svg.svg	storyboard-svg		1200	800	8978	2026-09-12T21:18:26+00:00	candidate		storyboard
032-04	v05	assets/art/panels/032-04/v05-storyboard-svg.svg	storyboard-svg		1200	800	13436	2026-09-12T23:01:00+00:00	candidate		storyboard
032-04	v06	assets/art/panels/032-04/v06-storyboard-svg.svg	storyboard-svg		1200	800	13504	2026-09-12T23:55:10+00:00	candidate		storyboard
032-04	v07	assets/art/panels/032-04/v07-storyboard-svg.svg	storyboard-svg		1200	800	15559	2026-09-13T00:10:06+00:00	candidate		storyboard
032-04	v08	assets/art/panels/032-04/v08-storyboard-svg.svg	storyboard-svg		1200	800	22012	2026-09-13T00:25:40+00:00	candidate		storyboard
032-04	v09	assets/art/panels/032-04/v09-storyboard-svg.svg	storyboard-svg		1200	800	22766	2026-09-13T01:34:48+00:00	candidate		storyboard
032-05	v01	assets/art/panels/032-05/v01-storyboard-svg.svg	storyboard-svg		1200	800	4642	2026-09-07T16:49:10+00:00	candidate		storyboard
032-05	v02	assets/art/panels/032-05/v02-storyboard-svg.svg	storyboard-svg		1200	800	4891	2026-09-07T16:55:11+00:00	candidate		storyboard
032-05	v03	assets/art/panels/032-05/v03-builtin-image-pilot.png	builtin-image-pilot		1536	1024	2257338	2026-09-07T22:39:10+00:00	rejected	Cursor points toward task rather than service; corrected in following version.	refined
032-05	v04	assets/art/panels/032-05/v04-builtin-image-pilot.png	builtin-image-pilot		1536	1024	2165139	2026-09-07T22:39:11+00:00	chosen	Restart detail: cursor turns toward package service without writing; provisional.	refined
032-05	v05	assets/art/panels/032-05/v05-storyboard-svg.svg	storyboard-svg		1200	800	5924	2026-09-12T21:18:26+00:00	candidate		storyboard
032-05	v06	assets/art/panels/032-05/v06-storyboard-svg.svg	storyboard-svg		1200	800	9248	2026-09-12T23:01:00+00:00	candidate		storyboard
032-05	v07	assets/art/panels/032-05/v07-storyboard-svg.svg	storyboard-svg		1200	800	9316	2026-09-12T23:55:10+00:00	candidate		storyboard
032-05	v08	assets/art/panels/032-05/v08-storyboard-svg.svg	storyboard-svg		1200	800	11371	2026-09-13T00:10:06+00:00	candidate		storyboard
032-05	v09	assets/art/panels/032-05/v09-storyboard-svg.svg	storyboard-svg		1200	800	17824	2026-09-13T00:25:40+00:00	candidate		storyboard
032-05	v10	assets/art/panels/032-05/v10-storyboard-svg.svg	storyboard-svg		1200	800	18215	2026-09-13T01:34:48+00:00	candidate		storyboard
033-01	v01	assets/art/panels/033-01/v01-storyboard-svg.svg	storyboard-svg		1200	800	3724	2026-09-07T16:49:10+00:00	candidate		storyboard
033-01	v02	assets/art/panels/033-01/v02-storyboard-svg.svg	storyboard-svg		1200	800	3981	2026-09-07T16:55:11+00:00	candidate		storyboard
033-01	v03	assets/art/panels/033-01/v03-storyboard-svg.svg	storyboard-svg		1200	800	4310	2026-09-12T21:18:26+00:00	candidate		storyboard
033-01	v04	assets/art/panels/033-01/v04-storyboard-svg.svg	storyboard-svg		1200	800	7926	2026-09-12T23:01:00+00:00	candidate		storyboard
033-01	v05	assets/art/panels/033-01/v05-storyboard-svg.svg	storyboard-svg		1200	800	7963	2026-09-12T23:55:10+00:00	candidate		storyboard
033-01	v06	assets/art/panels/033-01/v06-storyboard-svg.svg	storyboard-svg		1200	800	9014	2026-09-13T00:10:06+00:00	candidate		storyboard
033-01	v07	assets/art/panels/033-01/v07-storyboard-svg.svg	storyboard-svg		1200	800	12344	2026-09-13T00:25:40+00:00	candidate		storyboard
033-01	v08	assets/art/panels/033-01/v08-storyboard-svg.svg	storyboard-svg		1200	800	12735	2026-09-13T01:34:48+00:00	candidate		storyboard
033-02	v01	assets/art/panels/033-02/v01-storyboard-svg.svg	storyboard-svg		1200	800	4976	2026-09-07T16:49:10+00:00	candidate		storyboard
033-02	v02	assets/art/panels/033-02/v02-storyboard-svg.svg	storyboard-svg		1200	800	5344	2026-09-07T16:55:11+00:00	candidate		storyboard
033-02	v03	assets/art/panels/033-02/v03-storyboard-svg.svg	storyboard-svg		1200	800	5864	2026-09-12T21:18:26+00:00	candidate		storyboard
033-02	v04	assets/art/panels/033-02/v04-storyboard-svg.svg	storyboard-svg		1200	800	11534	2026-09-12T23:01:00+00:00	candidate		storyboard
033-02	v05	assets/art/panels/033-02/v05-storyboard-svg.svg	storyboard-svg		1200	800	11571	2026-09-12T23:55:10+00:00	candidate		storyboard
033-02	v06	assets/art/panels/033-02/v06-storyboard-svg.svg	storyboard-svg		1200	800	12622	2026-09-13T00:10:06+00:00	candidate		storyboard
033-02	v07	assets/art/panels/033-02/v07-storyboard-svg.svg	storyboard-svg		1200	800	15952	2026-09-13T00:25:40+00:00	candidate		storyboard
033-02	v08	assets/art/panels/033-02/v08-storyboard-svg.svg	storyboard-svg		1200	800	16524	2026-09-13T01:34:48+00:00	candidate		storyboard
033-03	v01	assets/art/panels/033-03/v01-storyboard-svg.svg	storyboard-svg		1200	800	5016	2026-09-07T16:49:10+00:00	candidate		storyboard
033-03	v02	assets/art/panels/033-03/v02-storyboard-svg.svg	storyboard-svg		1200	800	5376	2026-09-07T16:55:11+00:00	candidate		storyboard
033-03	v03	assets/art/panels/033-03/v03-storyboard-svg.svg	storyboard-svg		1200	800	5458	2026-09-07T17:01:43+00:00	candidate		storyboard
033-03	v04	assets/art/panels/033-03/v04-builtin-image-pilot.png	builtin-image-pilot		1536	1024	2944944	2026-09-07T22:43:13+00:00	chosen	Earlier-board pilot: empty time gutter separates records; abstract discussion names, provisional.	refined
033-03	v05	assets/art/panels/033-03/v05-storyboard-svg.svg	storyboard-svg		1200	800	5794	2026-09-12T21:18:26+00:00	candidate		storyboard
033-03	v06	assets/art/panels/033-03/v06-storyboard-svg.svg	storyboard-svg		1200	800	12734	2026-09-12T23:01:00+00:00	candidate		storyboard
033-03	v07	assets/art/panels/033-03/v07-storyboard-svg.svg	storyboard-svg		1200	800	12771	2026-09-12T23:55:10+00:00	candidate		storyboard
033-03	v08	assets/art/panels/033-03/v08-storyboard-svg.svg	storyboard-svg		1200	800	13822	2026-09-13T00:10:06+00:00	candidate		storyboard
033-03	v09	assets/art/panels/033-03/v09-storyboard-svg.svg	storyboard-svg		1200	800	17152	2026-09-13T00:25:40+00:00	candidate		storyboard
033-03	v10	assets/art/panels/033-03/v10-storyboard-svg.svg	storyboard-svg		1200	800	17542	2026-09-13T01:34:48+00:00	candidate		storyboard
033-04	v01	assets/art/panels/033-04/v01-storyboard-svg.svg	storyboard-svg		1200	800	6132	2026-09-07T16:49:10+00:00	candidate		storyboard
033-04	v02	assets/art/panels/033-04/v02-storyboard-svg.svg	storyboard-svg		1200	800	6692	2026-09-07T16:55:11+00:00	candidate		storyboard
033-04	v03	assets/art/panels/033-04/v03-builtin-image-pilot.png	builtin-image-pilot		1536	1024	2841904	2026-09-07T22:43:15+00:00	chosen	Earlier-board pilot: three anonymous fresh runs encounter discussion names; moss confined to message fields, provisional.	refined
033-04	v04	assets/art/panels/033-04/v04-storyboard-svg.svg	storyboard-svg		1200	800	7021	2026-09-12T21:18:26+00:00	candidate		storyboard
033-04	v05	assets/art/panels/033-04/v05-storyboard-svg.svg	storyboard-svg		1200	800	12295	2026-09-12T23:01:00+00:00	candidate		storyboard
033-04	v06	assets/art/panels/033-04/v06-storyboard-svg.svg	storyboard-svg		1200	800	12363	2026-09-12T23:55:10+00:00	candidate		storyboard
033-04	v07	assets/art/panels/033-04/v07-storyboard-svg.svg	storyboard-svg		1200	800	14418	2026-09-13T00:10:06+00:00	candidate		storyboard
033-04	v08	assets/art/panels/033-04/v08-storyboard-svg.svg	storyboard-svg		1200	800	20871	2026-09-13T00:25:40+00:00	candidate		storyboard
033-04	v09	assets/art/panels/033-04/v09-storyboard-svg.svg	storyboard-svg		1200	800	21603	2026-09-13T01:34:48+00:00	candidate		storyboard
033-05	v01	assets/art/panels/033-05/v01-storyboard-svg.svg	storyboard-svg		1200	800	5005	2026-09-07T16:49:10+00:00	candidate		storyboard
033-05	v02	assets/art/panels/033-05/v02-storyboard-svg.svg	storyboard-svg		1200	800	5357	2026-09-07T16:55:11+00:00	candidate		storyboard
033-05	v03	assets/art/panels/033-05/v03-storyboard-svg.svg	storyboard-svg		1200	800	5439	2026-09-07T17:01:43+00:00	candidate		storyboard
033-05	v04	assets/art/panels/033-05/v04-storyboard-svg.svg	storyboard-svg		1200	800	5646	2026-09-12T21:18:26+00:00	candidate		storyboard
033-05	v05	assets/art/panels/033-05/v05-storyboard-svg.svg	storyboard-svg		1200	800	10346	2026-09-12T23:01:00+00:00	candidate		storyboard
033-05	v06	assets/art/panels/033-05/v06-storyboard-svg.svg	storyboard-svg		1200	800	10392	2026-09-12T23:55:10+00:00	candidate		storyboard
033-05	v07	assets/art/panels/033-05/v07-storyboard-svg.svg	storyboard-svg		1200	800	11399	2026-09-13T00:10:06+00:00	candidate		storyboard
033-05	v08	assets/art/panels/033-05/v08-storyboard-svg.svg	storyboard-svg		1200	800	14649	2026-09-13T00:25:40+00:00	candidate		storyboard
033-05	v09	assets/art/panels/033-05/v09-storyboard-svg.svg	storyboard-svg		1200	800	15040	2026-09-13T01:34:48+00:00	candidate		storyboard
034-01	v01	assets/art/panels/034-01/v01-flux2-klein-4b-1001.webp	flux2-klein-4b	1001	1200	800	189322	2026-09-05T19:05:10+00:00	candidate		refined
034-01	v02	assets/art/panels/034-01/v02-flux2-klein-4b-1001.webp	flux2-klein-4b	1001	832	1216	222996	2026-09-05T19:13:57+00:00	candidate		refined
034-01	v03	assets/art/panels/034-01/v03-flux2-klein-4b-20step-1001.webp	flux2-klein-4b-20step	1001	1200	800	210932	2026-09-05T19:28:06+00:00	candidate		refined
034-01	v04	assets/art/panels/034-01/v04-flux2-klein-4b-1001.webp	flux2-klein-4b	1001	1200	800	146338	2026-09-05T19:56:13+00:00	candidate	drawn 5 Sep 2026 with the reverted panel-first prompt arrangement, not the committed composer	refined
034-01	v05	assets/art/panels/034-01/v05-flux2-klein-4b-1001.webp	flux2-klein-4b	1001	1200	800	164688	2026-09-05T20:46:11+00:00	candidate	drawn 5 Sep 2026 with the reverted conditional-register clause, not the committed one	refined
034-01	v06	assets/art/panels/034-01/v06-storyboard-svg.svg	storyboard-svg		1200	800	2709	2026-09-07T16:49:10+00:00	candidate		storyboard
034-01	v07	assets/art/panels/034-01/v07-storyboard-svg.svg	storyboard-svg		1200	800	2838	2026-09-07T16:55:11+00:00	candidate		storyboard
034-01	v08	assets/art/panels/034-01/v08-panel-fit.svg	panel-fit		1200	800	220275	2026-09-09T02:11:24+00:00	chosen	Textured off-white outer border removed; visually reviewed; original model bytes retained. Top-left crop preserves edge labels.	refined
034-01	v09	assets/art/panels/034-01/v09-storyboard-svg.svg	storyboard-svg		1200	800	3226	2026-09-12T21:18:26+00:00	candidate		storyboard
034-01	v10	assets/art/panels/034-01/v10-storyboard-svg.svg	storyboard-svg		1200	800	4953	2026-09-12T23:01:00+00:00	candidate		storyboard
034-01	v11	assets/art/panels/034-01/v11-storyboard-svg.svg	storyboard-svg		1200	800	4999	2026-09-12T23:55:10+00:00	candidate		storyboard
034-01	v12	assets/art/panels/034-01/v12-storyboard-svg.svg	storyboard-svg		1200	800	6006	2026-09-13T00:10:06+00:00	candidate		storyboard
034-01	v13	assets/art/panels/034-01/v13-storyboard-svg.svg	storyboard-svg		1200	800	9256	2026-09-13T00:25:40+00:00	candidate		storyboard
034-01	v14	assets/art/panels/034-01/v14-storyboard-svg.svg	storyboard-svg		1200	800	9439	2026-09-13T01:34:48+00:00	candidate		storyboard
034-02	v01	assets/art/panels/034-02/v01-storyboard-svg.svg	storyboard-svg		1200	800	3624	2026-09-07T16:49:10+00:00	candidate		storyboard
034-02	v02	assets/art/panels/034-02/v02-storyboard-svg.svg	storyboard-svg		1200	800	3890	2026-09-07T16:55:11+00:00	candidate		storyboard
034-02	v03	assets/art/panels/034-02/v03-storyboard-svg.svg	storyboard-svg		1200	800	4236	2026-09-12T21:18:26+00:00	candidate		storyboard
034-02	v04	assets/art/panels/034-02/v04-storyboard-svg.svg	storyboard-svg		1200	800	9747	2026-09-12T23:01:00+00:00	candidate		storyboard
034-02	v05	assets/art/panels/034-02/v05-storyboard-svg.svg	storyboard-svg		1200	800	9793	2026-09-12T23:55:10+00:00	candidate		storyboard
034-02	v06	assets/art/panels/034-02/v06-storyboard-svg.svg	storyboard-svg		1200	800	10800	2026-09-13T00:10:06+00:00	candidate		storyboard
034-02	v07	assets/art/panels/034-02/v07-storyboard-svg.svg	storyboard-svg		1200	800	14050	2026-09-13T00:25:40+00:00	candidate		storyboard
034-02	v08	assets/art/panels/034-02/v08-storyboard-svg.svg	storyboard-svg		1200	800	14416	2026-09-13T01:34:48+00:00	candidate		storyboard
034-03	v01	assets/art/panels/034-03/v01-storyboard-svg.svg	storyboard-svg		1200	800	3683	2026-09-07T16:49:10+00:00	candidate		storyboard
034-03	v02	assets/art/panels/034-03/v02-storyboard-svg.svg	storyboard-svg		1200	800	3949	2026-09-07T16:55:11+00:00	candidate		storyboard
034-03	v03	assets/art/panels/034-03/v03-storyboard-svg.svg	storyboard-svg		1200	800	4314	2026-09-12T21:18:26+00:00	candidate		storyboard
034-03	v04	assets/art/panels/034-03/v04-storyboard-svg.svg	storyboard-svg		1200	800	9825	2026-09-12T23:01:00+00:00	candidate		storyboard
034-03	v05	assets/art/panels/034-03/v05-storyboard-svg.svg	storyboard-svg		1200	800	9871	2026-09-12T23:55:10+00:00	candidate		storyboard
034-03	v06	assets/art/panels/034-03/v06-storyboard-svg.svg	storyboard-svg		1200	800	10878	2026-09-13T00:10:06+00:00	candidate		storyboard
034-03	v07	assets/art/panels/034-03/v07-storyboard-svg.svg	storyboard-svg		1200	800	14128	2026-09-13T00:25:40+00:00	candidate		storyboard
034-03	v08	assets/art/panels/034-03/v08-storyboard-svg.svg	storyboard-svg		1200	800	14493	2026-09-13T01:34:48+00:00	candidate		storyboard
034-04	v01	assets/art/panels/034-04/v01-flux2-klein-4b-1001.webp	flux2-klein-4b	1001	1200	800	196462	2026-09-05T19:06:13+00:00	candidate		refined
034-04	v02	assets/art/panels/034-04/v02-storyboard-svg.svg	storyboard-svg		1200	800	5114	2026-09-07T16:49:10+00:00	candidate		storyboard
034-04	v03	assets/art/panels/034-04/v03-storyboard-svg.svg	storyboard-svg		1200	800	5561	2026-09-07T16:55:12+00:00	candidate		storyboard
034-04	v04	assets/art/panels/034-04/v04-panel-fit.svg	panel-fit		1200	800	262666	2026-09-09T02:11:25+00:00	chosen	Textured off-white outer border removed; visually reviewed; original model bytes retained. 8px allowance clears irregular edges; centered 3:2 framing.	refined
034-04	v05	assets/art/panels/034-04/v05-storyboard-svg.svg	storyboard-svg		1200	800	7397	2026-09-12T21:18:26+00:00	candidate		storyboard
034-04	v06	assets/art/panels/034-04/v06-storyboard-svg.svg	storyboard-svg		1200	800	12726	2026-09-12T23:01:00+00:00	candidate		storyboard
034-04	v07	assets/art/panels/034-04/v07-storyboard-svg.svg	storyboard-svg		1200	800	12772	2026-09-12T23:55:10+00:00	candidate		storyboard
034-04	v08	assets/art/panels/034-04/v08-storyboard-svg.svg	storyboard-svg		1200	800	13779	2026-09-13T00:10:06+00:00	candidate		storyboard
034-04	v09	assets/art/panels/034-04/v09-storyboard-svg.svg	storyboard-svg		1200	800	17029	2026-09-13T00:25:40+00:00	candidate		storyboard
034-04	v10	assets/art/panels/034-04/v10-storyboard-svg.svg	storyboard-svg		1200	800	17872	2026-09-13T01:34:48+00:00	candidate		storyboard
034-05	v01	assets/art/panels/034-05/v01-storyboard-svg.svg	storyboard-svg		1200	800	4480	2026-09-07T16:49:10+00:00	candidate		storyboard
034-05	v02	assets/art/panels/034-05/v02-storyboard-svg.svg	storyboard-svg		1200	800	4732	2026-09-07T16:55:12+00:00	candidate		storyboard
034-05	v03	assets/art/panels/034-05/v03-storyboard-svg.svg	storyboard-svg		1200	800	5038	2026-09-12T21:18:26+00:00	candidate		storyboard
034-05	v04	assets/art/panels/034-05/v04-storyboard-svg.svg	storyboard-svg		1200	800	7299	2026-09-12T23:01:00+00:00	candidate		storyboard
034-05	v05	assets/art/panels/034-05/v05-storyboard-svg.svg	storyboard-svg		1200	800	7345	2026-09-12T23:55:10+00:00	candidate		storyboard
034-05	v06	assets/art/panels/034-05/v06-storyboard-svg.svg	storyboard-svg		1200	800	8352	2026-09-13T00:10:06+00:00	candidate		storyboard
034-05	v07	assets/art/panels/034-05/v07-storyboard-svg.svg	storyboard-svg		1200	800	11602	2026-09-13T00:25:40+00:00	candidate		storyboard
034-05	v08	assets/art/panels/034-05/v08-storyboard-svg.svg	storyboard-svg		1200	800	11810	2026-09-13T01:34:48+00:00	candidate		storyboard
035-01	v01	assets/art/panels/035-01/v01-storyboard-svg.svg	storyboard-svg		1200	800	4529	2026-09-07T16:49:10+00:00	candidate		storyboard
035-01	v02	assets/art/panels/035-01/v02-storyboard-svg.svg	storyboard-svg		1200	800	4778	2026-09-07T16:55:12+00:00	candidate		storyboard
035-01	v03	assets/art/panels/035-01/v03-builtin-image-pilot.png	builtin-image-pilot		1536	1024	2768670	2026-09-07T22:52:26+00:00	chosen	Recurrence opening: blocked maze task, shared name fields and isolated I-beam; provisional.	refined
035-01	v04	assets/art/panels/035-01/v04-storyboard-svg.svg	storyboard-svg		1200	800	5848	2026-09-12T21:18:26+00:00	candidate		storyboard
035-01	v05	assets/art/panels/035-01/v05-storyboard-svg.svg	storyboard-svg		1200	800	9172	2026-09-12T23:01:00+00:00	candidate		storyboard
035-01	v06	assets/art/panels/035-01/v06-storyboard-svg.svg	storyboard-svg		1200	800	9240	2026-09-12T23:55:10+00:00	candidate		storyboard
035-01	v07	assets/art/panels/035-01/v07-storyboard-svg.svg	storyboard-svg		1200	800	11295	2026-09-13T00:10:06+00:00	candidate		storyboard
035-01	v08	assets/art/panels/035-01/v08-storyboard-svg.svg	storyboard-svg		1200	800	17748	2026-09-13T00:25:40+00:00	candidate		storyboard
035-01	v09	assets/art/panels/035-01/v09-storyboard-svg.svg	storyboard-svg		1200	800	18139	2026-09-13T01:34:48+00:00	candidate		storyboard
035-02	v01	assets/art/panels/035-02/v01-storyboard-svg.svg	storyboard-svg		1200	800	3463	2026-09-07T16:49:10+00:00	candidate		storyboard
035-02	v02	assets/art/panels/035-02/v02-storyboard-svg.svg	storyboard-svg		1200	800	3709	2026-09-07T16:55:12+00:00	candidate		storyboard
035-02	v03	assets/art/panels/035-02/v03-builtin-image-pilot.png	builtin-image-pilot		1536	1024	2605302	2026-09-07T22:56:09+00:00	chosen	Recurrence comparison: distinct discussion-name and directory-name fields, no inherited wording; provisional.	refined
035-02	v04	assets/art/panels/035-02/v04-storyboard-svg.svg	storyboard-svg		1200	800	4157	2026-09-12T21:18:26+00:00	candidate		storyboard
035-02	v05	assets/art/panels/035-02/v05-storyboard-svg.svg	storyboard-svg		1200	800	6619	2026-09-12T23:01:00+00:00	candidate		storyboard
035-02	v06	assets/art/panels/035-02/v06-storyboard-svg.svg	storyboard-svg		1200	800	6687	2026-09-12T23:55:10+00:00	candidate		storyboard
035-02	v07	assets/art/panels/035-02/v07-storyboard-svg.svg	storyboard-svg		1200	800	8742	2026-09-13T00:10:06+00:00	candidate		storyboard
035-02	v08	assets/art/panels/035-02/v08-storyboard-svg.svg	storyboard-svg		1200	800	15195	2026-09-13T00:25:40+00:00	candidate		storyboard
035-02	v09	assets/art/panels/035-02/v09-storyboard-svg.svg	storyboard-svg		1200	800	15586	2026-09-13T01:34:48+00:00	candidate		storyboard
035-03	v01	assets/art/panels/035-03/v01-storyboard-svg.svg	storyboard-svg		1200	800	2916	2026-09-07T16:49:10+00:00	candidate		storyboard
035-03	v02	assets/art/panels/035-03/v02-storyboard-svg.svg	storyboard-svg		1200	800	3045	2026-09-07T16:55:12+00:00	candidate		storyboard
035-03	v03	assets/art/panels/035-03/v03-builtin-image-pilot.png	builtin-image-pilot		1536	1024	2409016	2026-09-07T22:52:27+00:00	chosen	Recurrence opening: single unreadable message shape, full editorial source tag and thin moss edge; provisional.	refined
035-03	v04	assets/art/panels/035-03/v04-storyboard-svg.svg	storyboard-svg		1200	800	3420	2026-09-12T21:18:26+00:00	candidate		storyboard
035-03	v05	assets/art/panels/035-03/v05-storyboard-svg.svg	storyboard-svg		1200	800	5147	2026-09-12T23:01:00+00:00	candidate		storyboard
035-03	v06	assets/art/panels/035-03/v06-storyboard-svg.svg	storyboard-svg		1200	800	5184	2026-09-12T23:55:10+00:00	candidate		storyboard
035-03	v07	assets/art/panels/035-03/v07-storyboard-svg.svg	storyboard-svg		1200	800	6235	2026-09-13T00:10:06+00:00	candidate		storyboard
035-03	v08	assets/art/panels/035-03/v08-storyboard-svg.svg	storyboard-svg		1200	800	9565	2026-09-13T00:25:40+00:00	candidate		storyboard
035-03	v09	assets/art/panels/035-03/v09-storyboard-svg.svg	storyboard-svg		1200	800	9773	2026-09-13T01:34:48+00:00	candidate		storyboard
035-04	v01	assets/art/panels/035-04/v01-storyboard-svg.svg	storyboard-svg		1200	800	4504	2026-09-07T16:49:10+00:00	candidate		storyboard
035-04	v02	assets/art/panels/035-04/v02-storyboard-svg.svg	storyboard-svg		1200	800	4750	2026-09-07T16:55:12+00:00	candidate		storyboard
035-04	v03	assets/art/panels/035-04/v03-builtin-image-pilot.png	builtin-image-pilot		1536	1024	2383360	2026-09-07T22:48:33+00:00	rejected	Cache label overlaps caption area; corrected in next version.	refined
035-04	v04	assets/art/panels/035-04/v04-builtin-image-pilot.png	builtin-image-pilot		1536	1024	2145438	2026-09-07T22:48:35+00:00	chosen	Recurrence pilot: intact preserved storage and rebuilt cache separated by empty gap; provisional.	refined
035-04	v05	assets/art/panels/035-04/v05-storyboard-svg.svg	storyboard-svg		1200	800	5194	2026-09-12T21:18:26+00:00	candidate		storyboard
035-04	v06	assets/art/panels/035-04/v06-storyboard-svg.svg	storyboard-svg		1200	800	10560	2026-09-12T23:01:00+00:00	candidate		storyboard
035-04	v07	assets/art/panels/035-04/v07-storyboard-svg.svg	storyboard-svg		1200	800	11577	2026-09-12T23:37:24+00:00	candidate		storyboard
035-04	v08	assets/art/panels/035-04/v08-storyboard-svg.svg	storyboard-svg		1200	800	11603	2026-09-12T23:38:46+00:00	candidate		storyboard
035-04	v09	assets/art/panels/035-04/v09-storyboard-svg.svg	storyboard-svg		1200	800	11640	2026-09-12T23:55:10+00:00	candidate		storyboard
035-04	v10	assets/art/panels/035-04/v10-storyboard-svg.svg	storyboard-svg		1200	800	12691	2026-09-13T00:10:06+00:00	candidate		storyboard
035-04	v11	assets/art/panels/035-04/v11-storyboard-svg.svg	storyboard-svg		1200	800	16021	2026-09-13T00:25:40+00:00	candidate		storyboard
035-04	v12	assets/art/panels/035-04/v12-storyboard-svg.svg	storyboard-svg		1200	800	16412	2026-09-13T01:34:48+00:00	candidate		storyboard
035-05	v01	assets/art/panels/035-05/v01-storyboard-svg.svg	storyboard-svg		1200	800	3654	2026-09-07T16:49:10+00:00	candidate		storyboard
035-05	v02	assets/art/panels/035-05/v02-storyboard-svg.svg	storyboard-svg		1200	800	3886	2026-09-07T16:55:12+00:00	candidate		storyboard
035-05	v03	assets/art/panels/035-05/v03-builtin-image-pilot.png	builtin-image-pilot		1536	1024	2554060	2026-09-07T22:48:34+00:00	rejected	Excess green and unwanted file-note icons; corrected in next version.	refined
035-05	v04	assets/art/panels/035-05/v04-builtin-image-pilot.png	builtin-image-pilot		1536	1024	2398423	2026-09-07T22:48:37+00:00	chosen	Recurrence pilot: two fresh marks with restrained moss edges, no source wording; provisional.	refined
035-05	v05	assets/art/panels/035-05/v05-storyboard-svg.svg	storyboard-svg		1200	800	4304	2026-09-12T21:18:26+00:00	candidate		storyboard
035-05	v06	assets/art/panels/035-05/v06-storyboard-svg.svg	storyboard-svg		1200	800	6655	2026-09-12T23:01:00+00:00	candidate		storyboard
035-05	v07	assets/art/panels/035-05/v07-storyboard-svg.svg	storyboard-svg		1200	800	6723	2026-09-12T23:55:10+00:00	candidate		storyboard
035-05	v08	assets/art/panels/035-05/v08-storyboard-svg.svg	storyboard-svg		1200	800	8778	2026-09-13T00:10:06+00:00	candidate		storyboard
035-05	v09	assets/art/panels/035-05/v09-storyboard-svg.svg	storyboard-svg		1200	800	15231	2026-09-13T00:25:40+00:00	candidate		storyboard
035-05	v10	assets/art/panels/035-05/v10-storyboard-svg.svg	storyboard-svg		1200	800	15622	2026-09-13T01:34:48+00:00	candidate		storyboard
036-01	v01	assets/art/panels/036-01/v01-storyboard-svg.svg	storyboard-svg		1200	800	4090	2026-09-07T16:49:10+00:00	candidate		storyboard
036-01	v02	assets/art/panels/036-01/v02-storyboard-svg.svg	storyboard-svg		1200	800	4336	2026-09-07T16:55:12+00:00	candidate		storyboard
036-01	v03	assets/art/panels/036-01/v03-builtin-image-pilot.png	builtin-image-pilot		1536	1024	2062132	2026-09-07T22:56:10+00:00	chosen	Main-board return: exact handle and 23:00 timestamp, package access without earlier board; provisional.	refined
036-01	v04	assets/art/panels/036-01/v04-storyboard-svg.svg	storyboard-svg		1200	800	4803	2026-09-12T21:18:26+00:00	candidate		storyboard
036-01	v05	assets/art/panels/036-01/v05-storyboard-svg.svg	storyboard-svg		1200	800	8339	2026-09-12T23:01:00+00:00	candidate		storyboard
036-01	v06	assets/art/panels/036-01/v06-storyboard-svg.svg	storyboard-svg		1200	800	8407	2026-09-12T23:55:10+00:00	candidate		storyboard
036-01	v07	assets/art/panels/036-01/v07-storyboard-svg.svg	storyboard-svg		1200	800	10462	2026-09-13T00:10:06+00:00	candidate		storyboard
036-01	v08	assets/art/panels/036-01/v08-storyboard-svg.svg	storyboard-svg		1200	800	16915	2026-09-13T00:25:40+00:00	candidate		storyboard
036-01	v09	assets/art/panels/036-01/v09-storyboard-svg.svg	storyboard-svg		1200	800	17306	2026-09-13T01:34:48+00:00	candidate		storyboard
036-02	v01	assets/art/panels/036-02/v01-storyboard-svg.svg	storyboard-svg		1200	800	4363	2026-09-07T16:49:10+00:00	candidate		storyboard
036-02	v02	assets/art/panels/036-02/v02-storyboard-svg.svg	storyboard-svg		1200	800	4593	2026-09-07T16:55:12+00:00	candidate		storyboard
036-02	v03	assets/art/panels/036-02/v03-builtin-image-pilot.png	builtin-image-pilot		1536	1024	2247143	2026-09-07T23:00:15+00:00	chosen	Shared-service pair: repeated composition with same-event dossier tab; provisional.	refined
036-02	v04	assets/art/panels/036-02/v04-storyboard-svg.svg	storyboard-svg		1200	800	5043	2026-09-12T21:18:26+00:00	candidate		storyboard
036-02	v05	assets/art/panels/036-02/v05-storyboard-svg.svg	storyboard-svg		1200	800	8833	2026-09-12T23:01:00+00:00	candidate		storyboard
036-02	v06	assets/art/panels/036-02/v06-storyboard-svg.svg	storyboard-svg		1200	800	8901	2026-09-12T23:55:10+00:00	candidate		storyboard
036-02	v07	assets/art/panels/036-02/v07-storyboard-svg.svg	storyboard-svg		1200	800	10956	2026-09-13T00:10:06+00:00	candidate		storyboard
036-02	v08	assets/art/panels/036-02/v08-storyboard-svg.svg	storyboard-svg		1200	800	17409	2026-09-13T00:25:40+00:00	candidate		storyboard
036-02	v09	assets/art/panels/036-02/v09-storyboard-svg.svg	storyboard-svg		1200	800	17800	2026-09-13T01:34:48+00:00	candidate		storyboard
036-03	v01	assets/art/panels/036-03/v01-storyboard-svg.svg	storyboard-svg		1200	800	4200	2026-09-07T16:49:10+00:00	candidate		storyboard
036-03	v02	assets/art/panels/036-03/v02-storyboard-svg.svg	storyboard-svg		1200	800	4607	2026-09-07T16:55:13+00:00	candidate		storyboard
036-03	v03	assets/art/panels/036-03/v03-builtin-image-pilot.png	builtin-image-pilot		1536	1024	2505760	2026-09-07T23:05:05+00:00	chosen	Directory pair: anonymous reverse-sorted activity, abstract paths and timestamps; provisional.	refined
036-03	v04	assets/art/panels/036-03/v04-storyboard-svg.svg	storyboard-svg		1200	800	5179	2026-09-12T21:18:26+00:00	candidate		storyboard
036-03	v05	assets/art/panels/036-03/v05-storyboard-svg.svg	storyboard-svg		1200	800	8132	2026-09-12T23:01:00+00:00	candidate		storyboard
036-03	v06	assets/art/panels/036-03/v06-storyboard-svg.svg	storyboard-svg		1200	800	8169	2026-09-12T23:55:10+00:00	candidate		storyboard
036-03	v07	assets/art/panels/036-03/v07-storyboard-svg.svg	storyboard-svg		1200	800	9220	2026-09-13T00:10:06+00:00	candidate		storyboard
036-03	v08	assets/art/panels/036-03/v08-storyboard-svg.svg	storyboard-svg		1200	800	12550	2026-09-13T00:25:40+00:00	candidate		storyboard
036-03	v09	assets/art/panels/036-03/v09-storyboard-svg.svg	storyboard-svg		1200	800	13099	2026-09-13T01:34:48+00:00	candidate		storyboard
036-04	v01	assets/art/panels/036-04/v01-storyboard-svg.svg	storyboard-svg		1200	800	4655	2026-09-07T16:49:10+00:00	candidate		storyboard
036-04	v02	assets/art/panels/036-04/v02-storyboard-svg.svg	storyboard-svg		1200	800	5043	2026-09-07T16:55:13+00:00	candidate		storyboard
036-04	v03	assets/art/panels/036-04/v03-builtin-image-pilot.png	builtin-image-pilot		1536	1024	2374388	2026-09-07T23:05:07+00:00	chosen	Directory pair: new test entry above unchanged row order, moss limited to new row; provisional.	refined
036-04	v04	assets/art/panels/036-04/v04-storyboard-svg.svg	storyboard-svg		1200	800	5413	2026-09-12T21:18:26+00:00	candidate		storyboard
036-04	v05	assets/art/panels/036-04/v05-storyboard-svg.svg	storyboard-svg		1200	800	8366	2026-09-12T23:01:00+00:00	candidate		storyboard
036-04	v06	assets/art/panels/036-04/v06-storyboard-svg.svg	storyboard-svg		1200	800	8403	2026-09-12T23:55:10+00:00	candidate		storyboard
036-04	v07	assets/art/panels/036-04/v07-storyboard-svg.svg	storyboard-svg		1200	800	9454	2026-09-13T00:10:06+00:00	candidate		storyboard
036-04	v08	assets/art/panels/036-04/v08-storyboard-svg.svg	storyboard-svg		1200	800	12784	2026-09-13T00:25:40+00:00	candidate		storyboard
036-04	v09	assets/art/panels/036-04/v09-storyboard-svg.svg	storyboard-svg		1200	800	13358	2026-09-13T01:34:48+00:00	candidate		storyboard
036-05	v01	assets/art/panels/036-05/v01-storyboard-svg.svg	storyboard-svg		1200	800	2689	2026-09-07T16:49:10+00:00	candidate		storyboard
036-05	v02	assets/art/panels/036-05/v02-storyboard-svg.svg	storyboard-svg		1200	800	3021	2026-09-12T21:18:26+00:00	candidate		storyboard
036-05	v03	assets/art/panels/036-05/v03-storyboard-svg.svg	storyboard-svg		1200	800	4830	2026-09-12T23:01:00+00:00	candidate		storyboard
036-05	v04	assets/art/panels/036-05/v04-storyboard-svg.svg	storyboard-svg		1200	800	4867	2026-09-12T23:55:10+00:00	candidate		storyboard
036-05	v05	assets/art/panels/036-05/v05-storyboard-svg.svg	storyboard-svg		1200	800	5918	2026-09-13T00:10:06+00:00	candidate		storyboard
036-05	v06	assets/art/panels/036-05/v06-storyboard-svg.svg	storyboard-svg		1200	800	9248	2026-09-13T00:25:40+00:00	candidate		storyboard
036-05	v07	assets/art/panels/036-05/v07-storyboard-svg.svg	storyboard-svg		1200	800	9273	2026-09-13T01:34:48+00:00	candidate		storyboard
037-01	v01	assets/art/panels/037-01/v01-storyboard-svg.svg	storyboard-svg		1200	800	3963	2026-09-07T16:49:10+00:00	candidate		storyboard
037-01	v02	assets/art/panels/037-01/v02-storyboard-svg.svg	storyboard-svg		1200	800	4209	2026-09-07T16:55:13+00:00	candidate		storyboard
037-01	v03	assets/art/panels/037-01/v03-builtin-image-pilot.png	builtin-image-pilot		1536	1024	2477587	2026-09-07T23:10:42+00:00	chosen	Reviewed reply/validation pilot; abstract contents and concealed values; provisional.	refined
037-01	v04	assets/art/panels/037-01/v04-storyboard-svg.svg	storyboard-svg		1200	800	4676	2026-09-12T21:18:26+00:00	candidate		storyboard
037-01	v05	assets/art/panels/037-01/v05-storyboard-svg.svg	storyboard-svg		1200	800	8212	2026-09-12T23:01:00+00:00	candidate		storyboard
037-01	v06	assets/art/panels/037-01/v06-storyboard-svg.svg	storyboard-svg		1200	800	8280	2026-09-12T23:55:10+00:00	candidate		storyboard
037-01	v07	assets/art/panels/037-01/v07-storyboard-svg.svg	storyboard-svg		1200	800	10335	2026-09-13T00:10:06+00:00	candidate		storyboard
037-01	v08	assets/art/panels/037-01/v08-storyboard-svg.svg	storyboard-svg		1200	800	16788	2026-09-13T00:25:40+00:00	candidate		storyboard
037-01	v09	assets/art/panels/037-01/v09-storyboard-svg.svg	storyboard-svg		1200	800	17179	2026-09-13T01:34:48+00:00	candidate		storyboard
037-02	v01	assets/art/panels/037-02/v01-storyboard-svg.svg	storyboard-svg		1200	800	4912	2026-09-07T16:49:10+00:00	candidate		storyboard
037-02	v02	assets/art/panels/037-02/v02-storyboard-svg.svg	storyboard-svg		1200	800	5061	2026-09-07T16:55:13+00:00	candidate		storyboard
037-02	v03	assets/art/panels/037-02/v03-builtin-image-pilot.png	builtin-image-pilot		1536	1024	2291763	2026-09-07T23:10:44+00:00	chosen	Reviewed reply/validation pilot; abstract contents and concealed values; provisional.	refined
037-02	v04	assets/art/panels/037-02/v04-storyboard-svg.svg	storyboard-svg		1200	800	5462	2026-09-12T21:18:26+00:00	candidate		storyboard
037-02	v05	assets/art/panels/037-02/v05-storyboard-svg.svg	storyboard-svg		1200	800	10616	2026-09-12T23:01:00+00:00	candidate		storyboard
037-02	v06	assets/art/panels/037-02/v06-storyboard-svg.svg	storyboard-svg		1200	800	10656	2026-09-12T23:55:10+00:00	candidate		storyboard
037-02	v07	assets/art/panels/037-02/v07-storyboard-svg.svg	storyboard-svg		1200	800	11655	2026-09-13T00:10:06+00:00	candidate		storyboard
037-02	v08	assets/art/panels/037-02/v08-storyboard-svg.svg	storyboard-svg		1200	800	14778	2026-09-13T00:25:40+00:00	candidate		storyboard
037-02	v09	assets/art/panels/037-02/v09-storyboard-svg.svg	storyboard-svg		1200	800	14985	2026-09-13T01:34:48+00:00	candidate		storyboard
037-03	v01	assets/art/panels/037-03/v01-storyboard-svg.svg	storyboard-svg		1200	800	7049	2026-09-07T16:49:11+00:00	candidate		storyboard
037-03	v02	assets/art/panels/037-03/v02-storyboard-svg.svg	storyboard-svg		1200	800	7603	2026-09-07T16:55:13+00:00	candidate		storyboard
037-03	v03	assets/art/panels/037-03/v03-storyboard-svg.svg	storyboard-svg		1200	800	8068	2026-09-12T21:18:26+00:00	candidate		storyboard
037-03	v04	assets/art/panels/037-03/v04-storyboard-svg.svg	storyboard-svg		1200	800	13064	2026-09-12T23:01:00+00:00	candidate		storyboard
037-03	v05	assets/art/panels/037-03/v05-storyboard-svg.svg	storyboard-svg		1200	800	13132	2026-09-12T23:55:10+00:00	candidate		storyboard
037-03	v06	assets/art/panels/037-03/v06-storyboard-svg.svg	storyboard-svg		1200	800	15187	2026-09-13T00:10:06+00:00	candidate		storyboard
037-03	v07	assets/art/panels/037-03/v07-storyboard-svg.svg	storyboard-svg		1200	800	21640	2026-09-13T00:25:40+00:00	candidate		storyboard
037-03	v08	assets/art/panels/037-03/v08-storyboard-svg.svg	storyboard-svg		1200	800	22394	2026-09-13T01:34:48+00:00	candidate		storyboard
037-04	v01	assets/art/panels/037-04/v01-storyboard-svg.svg	storyboard-svg		1200	800	4282	2026-09-07T16:49:11+00:00	candidate		storyboard
037-04	v02	assets/art/panels/037-04/v02-storyboard-svg.svg	storyboard-svg		1200	800	4528	2026-09-07T16:55:13+00:00	candidate		storyboard
037-04	v03	assets/art/panels/037-04/v03-storyboard-svg.svg	storyboard-svg		1200	800	8021	2026-09-12T21:18:26+00:00	candidate		storyboard
037-04	v04	assets/art/panels/037-04/v04-storyboard-svg.svg	storyboard-svg		1200	800	12935	2026-09-12T23:01:00+00:00	candidate		storyboard
037-04	v05	assets/art/panels/037-04/v05-storyboard-svg.svg	storyboard-svg		1200	800	15029	2026-09-12T23:30:36+00:00	candidate		storyboard
037-04	v06	assets/art/panels/037-04/v06-storyboard-svg.svg	storyboard-svg		1200	800	15097	2026-09-12T23:55:10+00:00	candidate		storyboard
037-04	v07	assets/art/panels/037-04/v07-storyboard-svg.svg	storyboard-svg		1200	800	17152	2026-09-13T00:10:06+00:00	candidate		storyboard
037-04	v08	assets/art/panels/037-04/v08-storyboard-svg.svg	storyboard-svg		1200	800	23605	2026-09-13T00:25:40+00:00	candidate		storyboard
037-04	v09	assets/art/panels/037-04/v09-storyboard-svg.svg	storyboard-svg		1200	800	24362	2026-09-13T01:34:48+00:00	candidate		storyboard
037-05	v01	assets/art/panels/037-05/v01-storyboard-svg.svg	storyboard-svg		1200	800	5502	2026-09-07T16:49:11+00:00	candidate		storyboard
037-05	v02	assets/art/panels/037-05/v02-storyboard-svg.svg	storyboard-svg		1200	800	6026	2026-09-07T16:55:13+00:00	candidate		storyboard
037-05	v03	assets/art/panels/037-05/v03-storyboard-svg.svg	storyboard-svg		1200	800	7111	2026-09-12T21:18:26+00:00	candidate		storyboard
037-05	v04	assets/art/panels/037-05/v04-storyboard-svg.svg	storyboard-svg		1200	800	12991	2026-09-12T23:01:00+00:00	candidate		storyboard
037-05	v05	assets/art/panels/037-05/v05-storyboard-svg.svg	storyboard-svg		1200	800	13059	2026-09-12T23:55:10+00:00	candidate		storyboard
037-05	v06	assets/art/panels/037-05/v06-storyboard-svg.svg	storyboard-svg		1200	800	15114	2026-09-13T00:10:06+00:00	candidate		storyboard
037-05	v07	assets/art/panels/037-05/v07-storyboard-svg.svg	storyboard-svg		1200	800	21567	2026-09-13T00:25:40+00:00	candidate		storyboard
037-05	v08	assets/art/panels/037-05/v08-storyboard-svg.svg	storyboard-svg		1200	800	22323	2026-09-13T01:34:48+00:00	candidate		storyboard
038-01	v01	assets/art/panels/038-01/v01-storyboard-svg.svg	storyboard-svg		1200	800	7599	2026-09-07T16:49:11+00:00	candidate		storyboard
038-01	v02	assets/art/panels/038-01/v02-storyboard-svg.svg	storyboard-svg		1200	800	7885	2026-09-07T16:55:13+00:00	candidate		storyboard
038-01	v03	assets/art/panels/038-01/v03-storyboard-svg.svg	storyboard-svg		1200	800	8270	2026-09-12T21:18:26+00:00	candidate		storyboard
038-01	v04	assets/art/panels/038-01/v04-storyboard-svg.svg	storyboard-svg		1200	800	8832	2026-09-12T22:35:06+00:00	candidate		storyboard
038-01	v05	assets/art/panels/038-01/v05-storyboard-svg.svg	storyboard-svg		1200	800	16936	2026-09-12T23:01:00+00:00	candidate		storyboard
038-01	v06	assets/art/panels/038-01/v06-storyboard-svg.svg	storyboard-svg		1200	800	16972	2026-09-12T23:55:10+00:00	candidate		storyboard
038-01	v07	assets/art/panels/038-01/v07-storyboard-svg.svg	storyboard-svg		1200	800	17357	2026-09-13T01:34:48+00:00	candidate		storyboard
038-02	v01	assets/art/panels/038-02/v01-storyboard-svg.svg	storyboard-svg		1200	800	6119	2026-09-07T16:49:11+00:00	candidate		storyboard
038-02	v02	assets/art/panels/038-02/v02-storyboard-svg.svg	storyboard-svg		1200	800	6651	2026-09-07T16:55:13+00:00	candidate		storyboard
038-02	v03	assets/art/panels/038-02/v03-storyboard-svg.svg	storyboard-svg		1200	800	11235	2026-09-12T21:18:26+00:00	candidate		storyboard
038-02	v04	assets/art/panels/038-02/v04-storyboard-svg.svg	storyboard-svg		1200	800	22439	2026-09-12T23:01:00+00:00	candidate		storyboard
038-02	v05	assets/art/panels/038-02/v05-storyboard-svg.svg	storyboard-svg		1200	800	22475	2026-09-12T23:55:10+00:00	candidate		storyboard
038-02	v06	assets/art/panels/038-02/v06-storyboard-svg.svg	storyboard-svg		1200	800	23626	2026-09-13T00:10:06+00:00	candidate		storyboard
038-02	v07	assets/art/panels/038-02/v07-storyboard-svg.svg	storyboard-svg		1200	800	27223	2026-09-13T00:25:40+00:00	candidate		storyboard
038-02	v08	assets/art/panels/038-02/v08-storyboard-svg.svg	storyboard-svg		1200	800	28338	2026-09-13T01:34:48+00:00	candidate		storyboard
038-03	v01	assets/art/panels/038-03/v01-storyboard-svg.svg	storyboard-svg		1200	800	4386	2026-09-07T16:49:11+00:00	candidate		storyboard
038-03	v02	assets/art/panels/038-03/v02-storyboard-svg.svg	storyboard-svg		1200	800	4632	2026-09-07T16:55:13+00:00	candidate		storyboard
038-03	v03	assets/art/panels/038-03/v03-storyboard-svg.svg	storyboard-svg		1200	800	5131	2026-09-12T21:18:26+00:00	candidate		storyboard
038-03	v04	assets/art/panels/038-03/v04-storyboard-svg.svg	storyboard-svg		1200	800	9824	2026-09-12T23:01:00+00:00	candidate		storyboard
038-03	v05	assets/art/panels/038-03/v05-storyboard-svg.svg	storyboard-svg		1200	800	9860	2026-09-12T23:55:10+00:00	candidate		storyboard
038-03	v06	assets/art/panels/038-03/v06-storyboard-svg.svg	storyboard-svg		1200	800	11011	2026-09-13T00:10:06+00:00	candidate		storyboard
038-03	v07	assets/art/panels/038-03/v07-storyboard-svg.svg	storyboard-svg		1200	800	14608	2026-09-13T00:25:40+00:00	candidate		storyboard
038-03	v08	assets/art/panels/038-03/v08-storyboard-svg.svg	storyboard-svg		1200	800	14995	2026-09-13T01:34:48+00:00	candidate		storyboard
038-04	v01	assets/art/panels/038-04/v01-storyboard-svg.svg	storyboard-svg		1200	800	7384	2026-09-07T16:49:11+00:00	candidate		storyboard
038-04	v02	assets/art/panels/038-04/v02-storyboard-svg.svg	storyboard-svg		1200	800	7694	2026-09-07T16:55:14+00:00	candidate		storyboard
038-04	v03	assets/art/panels/038-04/v03-storyboard-svg.svg	storyboard-svg		1200	800	8098	2026-09-12T21:18:26+00:00	candidate		storyboard
038-04	v04	assets/art/panels/038-04/v04-storyboard-svg.svg	storyboard-svg		1200	800	8660	2026-09-12T22:35:06+00:00	candidate		storyboard
038-04	v05	assets/art/panels/038-04/v05-storyboard-svg.svg	storyboard-svg		1200	800	16668	2026-09-12T23:01:00+00:00	candidate		storyboard
038-04	v06	assets/art/panels/038-04/v06-storyboard-svg.svg	storyboard-svg		1200	800	16704	2026-09-12T23:55:10+00:00	candidate		storyboard
038-04	v07	assets/art/panels/038-04/v07-storyboard-svg.svg	storyboard-svg		1200	800	17094	2026-09-13T01:34:48+00:00	candidate		storyboard
038-05	v01	assets/art/panels/038-05/v01-storyboard-svg.svg	storyboard-svg		1200	800	4510	2026-09-07T16:49:11+00:00	candidate		storyboard
038-05	v02	assets/art/panels/038-05/v02-storyboard-svg.svg	storyboard-svg		1200	800	4759	2026-09-07T16:55:14+00:00	candidate		storyboard
038-05	v03	assets/art/panels/038-05/v03-storyboard-svg.svg	storyboard-svg		1200	800	4841	2026-09-07T17:01:43+00:00	candidate		storyboard
038-05	v04	assets/art/panels/038-05/v04-storyboard-svg.svg	storyboard-svg		1200	800	4586	2026-09-12T21:18:26+00:00	candidate		storyboard
038-05	v05	assets/art/panels/038-05/v05-storyboard-svg.svg	storyboard-svg		1200	800	7856	2026-09-12T23:01:00+00:00	candidate		storyboard
038-05	v06	assets/art/panels/038-05/v06-storyboard-svg.svg	storyboard-svg		1200	800	7892	2026-09-12T23:55:10+00:00	candidate		storyboard
038-05	v07	assets/art/panels/038-05/v07-storyboard-svg.svg	storyboard-svg		1200	800	9043	2026-09-13T00:10:06+00:00	candidate		storyboard
038-05	v08	assets/art/panels/038-05/v08-storyboard-svg.svg	storyboard-svg		1200	800	12640	2026-09-13T00:25:40+00:00	candidate		storyboard
038-05	v09	assets/art/panels/038-05/v09-storyboard-svg.svg	storyboard-svg		1200	800	13027	2026-09-13T01:34:48+00:00	candidate		storyboard
039-01	v01	assets/art/panels/039-01/v01-storyboard-svg.svg	storyboard-svg		1200	800	4809	2026-09-07T16:49:11+00:00	candidate		storyboard
039-01	v02	assets/art/panels/039-01/v02-storyboard-svg.svg	storyboard-svg		1200	800	5055	2026-09-07T16:55:14+00:00	candidate		storyboard
039-01	v03	assets/art/panels/039-01/v03-storyboard-svg.svg	storyboard-svg		1200	800	5463	2026-09-12T21:18:26+00:00	candidate		storyboard
039-01	v04	assets/art/panels/039-01/v04-storyboard-svg.svg	storyboard-svg		1200	800	8185	2026-09-12T23:01:00+00:00	candidate		storyboard
039-01	v05	assets/art/panels/039-01/v05-storyboard-svg.svg	storyboard-svg		1200	800	8221	2026-09-12T23:55:10+00:00	candidate		storyboard
039-01	v06	assets/art/panels/039-01/v06-storyboard-svg.svg	storyboard-svg		1200	800	9372	2026-09-13T00:10:06+00:00	candidate		storyboard
039-01	v07	assets/art/panels/039-01/v07-storyboard-svg.svg	storyboard-svg		1200	800	12969	2026-09-13T00:25:40+00:00	candidate		storyboard
039-01	v08	assets/art/panels/039-01/v08-storyboard-svg.svg	storyboard-svg		1200	800	13359	2026-09-13T01:34:48+00:00	candidate		storyboard
039-02	v01	assets/art/panels/039-02/v01-storyboard-svg.svg	storyboard-svg		1200	800	3182	2026-09-07T16:49:11+00:00	candidate		storyboard
039-02	v02	assets/art/panels/039-02/v02-storyboard-svg.svg	storyboard-svg		1200	800	3297	2026-09-07T16:55:14+00:00	candidate		storyboard
039-02	v03	assets/art/panels/039-02/v03-storyboard-svg.svg	storyboard-svg		1200	800	3415	2026-09-12T20:10:16+00:00	candidate		storyboard
039-02	v04	assets/art/panels/039-02/v04-storyboard-svg.svg	storyboard-svg		1200	800	3413	2026-09-12T20:13:58+00:00	candidate		storyboard
039-02	v05	assets/art/panels/039-02/v05-storyboard-svg.svg	storyboard-svg		1200	800	3692	2026-09-12T21:18:26+00:00	candidate		storyboard
039-02	v06	assets/art/panels/039-02/v06-storyboard-svg.svg	storyboard-svg		1200	800	5419	2026-09-12T23:01:00+00:00	candidate		storyboard
039-02	v07	assets/art/panels/039-02/v07-storyboard-svg.svg	storyboard-svg		1200	800	5465	2026-09-12T23:55:10+00:00	candidate		storyboard
039-02	v08	assets/art/panels/039-02/v08-storyboard-svg.svg	storyboard-svg		1200	800	6472	2026-09-13T00:10:06+00:00	candidate		storyboard
039-02	v09	assets/art/panels/039-02/v09-storyboard-svg.svg	storyboard-svg		1200	800	9722	2026-09-13T00:25:40+00:00	candidate		storyboard
039-02	v10	assets/art/panels/039-02/v10-storyboard-svg.svg	storyboard-svg		1200	800	9930	2026-09-13T01:34:48+00:00	candidate		storyboard
039-03	v01	assets/art/panels/039-03/v01-storyboard-svg.svg	storyboard-svg		1200	800	4758	2026-09-07T16:49:11+00:00	candidate		storyboard
039-03	v02	assets/art/panels/039-03/v02-storyboard-svg.svg	storyboard-svg		1200	800	5053	2026-09-07T16:55:14+00:00	candidate		storyboard
039-03	v03	assets/art/panels/039-03/v03-storyboard-svg.svg	storyboard-svg		1200	800	5500	2026-09-12T21:18:26+00:00	candidate		storyboard
039-03	v04	assets/art/panels/039-03/v04-storyboard-svg.svg	storyboard-svg		1200	800	12352	2026-09-12T23:01:00+00:00	candidate		storyboard
039-03	v05	assets/art/panels/039-03/v05-storyboard-svg.svg	storyboard-svg		1200	800	12398	2026-09-12T23:55:10+00:00	candidate		storyboard
039-03	v06	assets/art/panels/039-03/v06-storyboard-svg.svg	storyboard-svg		1200	800	13405	2026-09-13T00:10:06+00:00	candidate		storyboard
039-03	v07	assets/art/panels/039-03/v07-storyboard-svg.svg	storyboard-svg		1200	800	16655	2026-09-13T00:25:40+00:00	candidate		storyboard
039-03	v08	assets/art/panels/039-03/v08-storyboard-svg.svg	storyboard-svg		1200	800	17046	2026-09-13T01:34:48+00:00	candidate		storyboard
039-04	v01	assets/art/panels/039-04/v01-storyboard-svg.svg	storyboard-svg		1200	800	3062	2026-09-07T16:49:11+00:00	candidate		storyboard
039-04	v02	assets/art/panels/039-04/v02-storyboard-svg.svg	storyboard-svg		1200	800	3191	2026-09-07T16:55:14+00:00	candidate		storyboard
039-04	v03	assets/art/panels/039-04/v03-storyboard-svg.svg	storyboard-svg		1200	800	3569	2026-09-12T21:18:26+00:00	candidate		storyboard
039-04	v04	assets/art/panels/039-04/v04-storyboard-svg.svg	storyboard-svg		1200	800	4790	2026-09-12T23:01:00+00:00	candidate		storyboard
039-04	v05	assets/art/panels/039-04/v05-storyboard-svg.svg	storyboard-svg		1200	800	4826	2026-09-12T23:55:10+00:00	candidate		storyboard
039-04	v06	assets/art/panels/039-04/v06-storyboard-svg.svg	storyboard-svg		1200	800	5977	2026-09-13T00:10:06+00:00	candidate		storyboard
039-04	v07	assets/art/panels/039-04/v07-storyboard-svg.svg	storyboard-svg		1200	800	9574	2026-09-13T00:25:41+00:00	candidate		storyboard
039-04	v08	assets/art/panels/039-04/v08-storyboard-svg.svg	storyboard-svg		1200	800	9781	2026-09-13T01:34:48+00:00	candidate		storyboard
039-05	v01	assets/art/panels/039-05/v01-storyboard-svg.svg	storyboard-svg		1200	800	4193	2026-09-07T16:49:11+00:00	candidate		storyboard
039-05	v02	assets/art/panels/039-05/v02-storyboard-svg.svg	storyboard-svg		1200	800	4435	2026-09-07T16:55:14+00:00	candidate		storyboard
039-05	v03	assets/art/panels/039-05/v03-storyboard-svg.svg	storyboard-svg		1200	800	4553	2026-09-12T20:10:16+00:00	candidate		storyboard
039-05	v04	assets/art/panels/039-05/v04-storyboard-svg.svg	storyboard-svg		1200	800	4551	2026-09-12T20:13:58+00:00	candidate		storyboard
039-05	v05	assets/art/panels/039-05/v05-storyboard-svg.svg	storyboard-svg		1200	800	4848	2026-09-12T21:18:26+00:00	candidate		storyboard
039-05	v06	assets/art/panels/039-05/v06-storyboard-svg.svg	storyboard-svg		1200	800	7803	2026-09-12T23:01:00+00:00	candidate		storyboard
039-05	v07	assets/art/panels/039-05/v07-storyboard-svg.svg	storyboard-svg		1200	800	7849	2026-09-12T23:55:10+00:00	candidate		storyboard
039-05	v08	assets/art/panels/039-05/v08-storyboard-svg.svg	storyboard-svg		1200	800	8265	2026-09-13T01:34:48+00:00	candidate		storyboard
039-06	v01	assets/art/panels/039-06/v01-storyboard-svg.svg	storyboard-svg		1200	800	4438	2026-09-07T16:49:11+00:00	candidate		storyboard
039-06	v02	assets/art/panels/039-06/v02-storyboard-svg.svg	storyboard-svg		1200	800	4676	2026-09-07T16:55:14+00:00	candidate		storyboard
039-06	v03	assets/art/panels/039-06/v03-storyboard-svg.svg	storyboard-svg		1200	800	4758	2026-09-07T17:01:43+00:00	candidate		storyboard
039-06	v04	assets/art/panels/039-06/v04-storyboard-svg.svg	storyboard-svg		1200	800	4255	2026-09-12T21:18:26+00:00	candidate		storyboard
039-06	v05	assets/art/panels/039-06/v05-storyboard-svg.svg	storyboard-svg		1200	800	6602	2026-09-12T23:01:00+00:00	candidate		storyboard
039-06	v06	assets/art/panels/039-06/v06-storyboard-svg.svg	storyboard-svg		1200	800	6638	2026-09-12T23:55:10+00:00	candidate		storyboard
039-06	v07	assets/art/panels/039-06/v07-storyboard-svg.svg	storyboard-svg		1200	800	7789	2026-09-13T00:10:06+00:00	candidate		storyboard
039-06	v08	assets/art/panels/039-06/v08-storyboard-svg.svg	storyboard-svg		1200	800	11386	2026-09-13T00:25:41+00:00	candidate		storyboard
039-06	v09	assets/art/panels/039-06/v09-storyboard-svg.svg	storyboard-svg		1200	800	11590	2026-09-13T01:34:48+00:00	candidate		storyboard
040-01	v01	assets/art/panels/040-01/v01-storyboard-svg.svg	storyboard-svg		1200	800	4573	2026-09-07T16:49:11+00:00	candidate		storyboard
040-01	v02	assets/art/panels/040-01/v02-storyboard-svg.svg	storyboard-svg		1200	800	4990	2026-09-07T16:55:14+00:00	candidate		storyboard
040-01	v03	assets/art/panels/040-01/v03-storyboard-svg.svg	storyboard-svg		1200	800	5481	2026-09-12T21:18:26+00:00	candidate		storyboard
040-01	v04	assets/art/panels/040-01/v04-storyboard-svg.svg	storyboard-svg		1200	800	8348	2026-09-12T23:01:00+00:00	candidate		storyboard
040-01	v05	assets/art/panels/040-01/v05-storyboard-svg.svg	storyboard-svg		1200	800	8384	2026-09-12T23:55:10+00:00	candidate		storyboard
040-01	v06	assets/art/panels/040-01/v06-storyboard-svg.svg	storyboard-svg		1200	800	9535	2026-09-13T00:10:06+00:00	candidate		storyboard
040-01	v07	assets/art/panels/040-01/v07-storyboard-svg.svg	storyboard-svg		1200	800	13132	2026-09-13T00:25:41+00:00	candidate		storyboard
040-01	v08	assets/art/panels/040-01/v08-storyboard-svg.svg	storyboard-svg		1200	800	13702	2026-09-13T01:34:48+00:00	candidate		storyboard
040-02	v01	assets/art/panels/040-02/v01-storyboard-svg.svg	storyboard-svg		1200	800	3088	2026-09-07T16:49:11+00:00	candidate		storyboard
040-02	v02	assets/art/panels/040-02/v02-storyboard-svg.svg	storyboard-svg		1200	800	3202	2026-09-07T16:55:15+00:00	candidate		storyboard
040-02	v03	assets/art/panels/040-02/v03-storyboard-svg.svg	storyboard-svg		1200	800	3556	2026-09-12T21:18:26+00:00	candidate		storyboard
040-02	v04	assets/art/panels/040-02/v04-storyboard-svg.svg	storyboard-svg		1200	800	4777	2026-09-12T23:01:00+00:00	candidate		storyboard
040-02	v05	assets/art/panels/040-02/v05-storyboard-svg.svg	storyboard-svg		1200	800	4813	2026-09-12T23:55:10+00:00	candidate		storyboard
040-02	v06	assets/art/panels/040-02/v06-storyboard-svg.svg	storyboard-svg		1200	800	5020	2026-09-13T01:34:48+00:00	candidate		storyboard
040-03	v01	assets/art/panels/040-03/v01-storyboard-svg.svg	storyboard-svg		1200	800	4915	2026-09-07T16:49:11+00:00	candidate		storyboard
040-03	v02	assets/art/panels/040-03/v02-storyboard-svg.svg	storyboard-svg		1200	800	5206	2026-09-07T16:55:15+00:00	candidate		storyboard
040-03	v03	assets/art/panels/040-03/v03-storyboard-svg.svg	storyboard-svg		1200	800	5229	2026-09-07T17:26:55+00:00	candidate		storyboard
040-03	v04	assets/art/panels/040-03/v04-storyboard-svg.svg	storyboard-svg		1200	800	6171	2026-09-12T21:18:26+00:00	candidate		storyboard
040-03	v05	assets/art/panels/040-03/v05-storyboard-svg.svg	storyboard-svg		1200	800	9857	2026-09-12T23:01:00+00:00	candidate		storyboard
040-03	v06	assets/art/panels/040-03/v06-storyboard-svg.svg	storyboard-svg		1200	800	9893	2026-09-12T23:55:10+00:00	candidate		storyboard
040-03	v07	assets/art/panels/040-03/v07-storyboard-svg.svg	storyboard-svg		1200	800	11044	2026-09-13T00:10:06+00:00	candidate		storyboard
040-03	v08	assets/art/panels/040-03/v08-storyboard-svg.svg	storyboard-svg		1200	800	14641	2026-09-13T00:25:41+00:00	candidate		storyboard
040-03	v09	assets/art/panels/040-03/v09-storyboard-svg.svg	storyboard-svg		1200	800	15032	2026-09-13T01:34:48+00:00	candidate		storyboard
040-04	v01	assets/art/panels/040-04/v01-storyboard-svg.svg	storyboard-svg		1200	800	3709	2026-09-07T16:49:11+00:00	candidate		storyboard
040-04	v02	assets/art/panels/040-04/v02-storyboard-svg.svg	storyboard-svg		1200	800	3912	2026-09-07T16:55:15+00:00	candidate		storyboard
040-04	v03	assets/art/panels/040-04/v03-storyboard-svg.svg	storyboard-svg		1200	800	4195	2026-09-12T21:18:26+00:00	candidate		storyboard
040-04	v04	assets/art/panels/040-04/v04-storyboard-svg.svg	storyboard-svg		1200	800	6254	2026-09-12T23:01:00+00:00	candidate		storyboard
040-04	v05	assets/art/panels/040-04/v05-storyboard-svg.svg	storyboard-svg		1200	800	6290	2026-09-12T23:55:10+00:00	candidate		storyboard
040-04	v06	assets/art/panels/040-04/v06-storyboard-svg.svg	storyboard-svg		1200	800	7441	2026-09-13T00:10:06+00:00	candidate		storyboard
040-04	v07	assets/art/panels/040-04/v07-storyboard-svg.svg	storyboard-svg		1200	800	11038	2026-09-13T00:25:41+00:00	candidate		storyboard
040-04	v08	assets/art/panels/040-04/v08-storyboard-svg.svg	storyboard-svg		1200	800	11267	2026-09-13T01:34:48+00:00	candidate		storyboard
040-05	v01	assets/art/panels/040-05/v01-storyboard-svg.svg	storyboard-svg		1200	800	8679	2026-09-07T16:49:11+00:00	candidate		storyboard
040-05	v02	assets/art/panels/040-05/v02-storyboard-svg.svg	storyboard-svg		1200	800	9047	2026-09-07T16:55:15+00:00	candidate		storyboard
040-05	v03	assets/art/panels/040-05/v03-storyboard-svg.svg	storyboard-svg		1200	800	9533	2026-09-12T21:18:26+00:00	candidate		storyboard
040-05	v04	assets/art/panels/040-05/v04-storyboard-svg.svg	storyboard-svg		1200	800	16395	2026-09-12T23:01:00+00:00	candidate		storyboard
040-05	v05	assets/art/panels/040-05/v05-storyboard-svg.svg	storyboard-svg		1200	800	16463	2026-09-12T23:55:10+00:00	candidate		storyboard
040-05	v06	assets/art/panels/040-05/v06-storyboard-svg.svg	storyboard-svg		1200	800	18518	2026-09-13T00:10:06+00:00	candidate		storyboard
040-05	v07	assets/art/panels/040-05/v07-storyboard-svg.svg	storyboard-svg		1200	800	24971	2026-09-13T00:25:41+00:00	candidate		storyboard
040-05	v08	assets/art/panels/040-05/v08-storyboard-svg.svg	storyboard-svg		1200	800	25545	2026-09-13T01:34:48+00:00	candidate		storyboard
041-01	v01	assets/art/panels/041-01/v01-storyboard-svg.svg	storyboard-svg		1200	800	4478	2026-09-07T16:49:11+00:00	candidate		storyboard
041-01	v02	assets/art/panels/041-01/v02-storyboard-svg.svg	storyboard-svg		1200	800	4724	2026-09-07T16:55:15+00:00	candidate		storyboard
041-01	v03	assets/art/panels/041-01/v03-storyboard-svg.svg	storyboard-svg		1200	800	5190	2026-09-12T21:18:26+00:00	candidate		storyboard
041-01	v04	assets/art/panels/041-01/v04-storyboard-svg.svg	storyboard-svg		1200	800	10213	2026-09-12T23:01:00+00:00	candidate		storyboard
041-01	v05	assets/art/panels/041-01/v05-storyboard-svg.svg	storyboard-svg		1200	800	10159	2026-09-12T23:15:36+00:00	candidate		storyboard
041-01	v06	assets/art/panels/041-01/v06-storyboard-svg.svg	storyboard-svg		1200	800	11682	2026-09-12T23:30:36+00:00	candidate		storyboard
041-01	v07	assets/art/panels/041-01/v07-storyboard-svg.svg	storyboard-svg		1200	800	11771	2026-09-12T23:55:10+00:00	candidate		storyboard
041-01	v08	assets/art/panels/041-01/v08-storyboard-svg.svg	storyboard-svg		1200	800	14915	2026-09-13T00:10:06+00:00	candidate		storyboard
041-01	v09	assets/art/panels/041-01/v09-storyboard-svg.svg	storyboard-svg		1200	800	24765	2026-09-13T00:25:41+00:00	candidate		storyboard
041-01	v10	assets/art/panels/041-01/v10-storyboard-svg.svg	storyboard-svg		1200	800	25156	2026-09-13T01:34:48+00:00	candidate		storyboard
041-02	v01	assets/art/panels/041-02/v01-storyboard-svg.svg	storyboard-svg		1200	800	4832	2026-09-07T16:49:11+00:00	candidate		storyboard
041-02	v02	assets/art/panels/041-02/v02-storyboard-svg.svg	storyboard-svg		1200	800	5249	2026-09-07T16:55:15+00:00	candidate		storyboard
041-02	v03	assets/art/panels/041-02/v03-storyboard-svg.svg	storyboard-svg		1200	800	5651	2026-09-12T21:18:26+00:00	candidate		storyboard
041-02	v04	assets/art/panels/041-02/v04-storyboard-svg.svg	storyboard-svg		1200	800	12264	2026-09-12T23:01:00+00:00	candidate		storyboard
041-02	v05	assets/art/panels/041-02/v05-storyboard-svg.svg	storyboard-svg		1200	800	12301	2026-09-12T23:55:10+00:00	candidate		storyboard
041-02	v06	assets/art/panels/041-02/v06-storyboard-svg.svg	storyboard-svg		1200	800	13352	2026-09-13T00:10:06+00:00	candidate		storyboard
041-02	v07	assets/art/panels/041-02/v07-storyboard-svg.svg	storyboard-svg		1200	800	16682	2026-09-13T00:25:41+00:00	candidate		storyboard
041-02	v08	assets/art/panels/041-02/v08-storyboard-svg.svg	storyboard-svg		1200	800	17255	2026-09-13T01:34:48+00:00	candidate		storyboard
041-03	v01	assets/art/panels/041-03/v01-storyboard-svg.svg	storyboard-svg		1200	800	4111	2026-09-07T16:49:11+00:00	candidate		storyboard
041-03	v02	assets/art/panels/041-03/v02-storyboard-svg.svg	storyboard-svg		1200	800	4368	2026-09-07T16:55:15+00:00	candidate		storyboard
041-03	v03	assets/art/panels/041-03/v03-storyboard-svg.svg	storyboard-svg		1200	800	4738	2026-09-12T21:18:26+00:00	candidate		storyboard
041-03	v04	assets/art/panels/041-03/v04-storyboard-svg.svg	storyboard-svg		1200	800	8338	2026-09-12T23:01:00+00:00	candidate		storyboard
041-03	v05	assets/art/panels/041-03/v05-storyboard-svg.svg	storyboard-svg		1200	800	8284	2026-09-12T23:15:36+00:00	candidate		storyboard
041-03	v06	assets/art/panels/041-03/v06-storyboard-svg.svg	storyboard-svg		1200	800	9807	2026-09-12T23:30:36+00:00	candidate		storyboard
041-03	v07	assets/art/panels/041-03/v07-storyboard-svg.svg	storyboard-svg		1200	800	9873	2026-09-12T23:55:10+00:00	candidate		storyboard
041-03	v08	assets/art/panels/041-03/v08-storyboard-svg.svg	storyboard-svg		1200	800	11952	2026-09-13T00:10:06+00:00	candidate		storyboard
041-03	v09	assets/art/panels/041-03/v09-storyboard-svg.svg	storyboard-svg		1200	800	18472	2026-09-13T00:25:41+00:00	candidate		storyboard
041-03	v10	assets/art/panels/041-03/v10-storyboard-svg.svg	storyboard-svg		1200	800	18863	2026-09-13T01:34:48+00:00	candidate		storyboard
041-04	v01	assets/art/panels/041-04/v01-storyboard-svg.svg	storyboard-svg		1200	800	4161	2026-09-07T16:49:11+00:00	candidate		storyboard
041-04	v02	assets/art/panels/041-04/v02-storyboard-svg.svg	storyboard-svg		1200	800	4461	2026-09-07T16:55:15+00:00	candidate		storyboard
041-04	v03	assets/art/panels/041-04/v03-storyboard-svg.svg	storyboard-svg		1200	800	4813	2026-09-12T21:18:26+00:00	candidate		storyboard
041-04	v04	assets/art/panels/041-04/v04-storyboard-svg.svg	storyboard-svg		1200	800	10242	2026-09-12T23:01:00+00:00	candidate		storyboard
041-04	v05	assets/art/panels/041-04/v05-storyboard-svg.svg	storyboard-svg		1200	800	10310	2026-09-12T23:55:10+00:00	candidate		storyboard
041-04	v06	assets/art/panels/041-04/v06-storyboard-svg.svg	storyboard-svg		1200	800	12365	2026-09-13T00:10:06+00:00	candidate		storyboard
041-04	v07	assets/art/panels/041-04/v07-storyboard-svg.svg	storyboard-svg		1200	800	18818	2026-09-13T00:25:41+00:00	candidate		storyboard
041-04	v08	assets/art/panels/041-04/v08-storyboard-svg.svg	storyboard-svg		1200	800	19208	2026-09-13T01:34:48+00:00	candidate		storyboard
041-05	v01	assets/art/panels/041-05/v01-storyboard-svg.svg	storyboard-svg		1200	800	6533	2026-09-07T16:49:12+00:00	candidate		storyboard
041-05	v02	assets/art/panels/041-05/v02-storyboard-svg.svg	storyboard-svg		1200	800	6833	2026-09-07T16:55:15+00:00	candidate		storyboard
041-05	v03	assets/art/panels/041-05/v03-storyboard-svg.svg	storyboard-svg		1200	800	6866	2026-09-12T20:10:16+00:00	candidate		storyboard
041-05	v04	assets/art/panels/041-05/v04-storyboard-svg.svg	storyboard-svg		1200	800	7280	2026-09-12T21:18:26+00:00	candidate		storyboard
041-05	v05	assets/art/panels/041-05/v05-storyboard-svg.svg	storyboard-svg		1200	800	30955	2026-09-12T23:01:00+00:00	candidate		storyboard
041-05	v06	assets/art/panels/041-05/v06-storyboard-svg.svg	storyboard-svg		1200	800	31044	2026-09-12T23:55:10+00:00	candidate		storyboard
041-05	v07	assets/art/panels/041-05/v07-storyboard-svg.svg	storyboard-svg		1200	800	34188	2026-09-13T00:10:06+00:00	candidate		storyboard
041-05	v08	assets/art/panels/041-05/v08-storyboard-svg.svg	storyboard-svg		1200	800	44038	2026-09-13T00:25:41+00:00	candidate		storyboard
041-05	v09	assets/art/panels/041-05/v09-storyboard-svg.svg	storyboard-svg		1200	800	44427	2026-09-13T01:34:48+00:00	candidate		storyboard
042-01	v01	assets/art/panels/042-01/v01-flux2-klein-4b-1001.webp	flux2-klein-4b	1001	1200	800	177292	2026-09-05T19:07:17+00:00	candidate		refined
042-01	v02	assets/art/panels/042-01/v02-flux2-klein-4b-1001.webp	flux2-klein-4b	1001	1200	800	140994	2026-09-05T19:57:16+00:00	candidate	drawn 5 Sep 2026 with the reverted panel-first prompt arrangement, not the committed composer	refined
042-01	v03	assets/art/panels/042-01/v03-storyboard-svg.svg	storyboard-svg		1200	800	4712	2026-09-07T16:49:12+00:00	candidate		storyboard
042-01	v04	assets/art/panels/042-01/v04-storyboard-svg.svg	storyboard-svg		1200	800	5117	2026-09-07T16:55:16+00:00	candidate		storyboard
042-01	v05	assets/art/panels/042-01/v05-panel-fit.svg	panel-fit		1200	800	188683	2026-09-09T02:11:25+00:00	chosen	Textured off-white outer border removed; visually reviewed; original model bytes retained. Top-left crop preserves edge labels.	refined
042-01	v06	assets/art/panels/042-01/v06-storyboard-svg.svg	storyboard-svg		1200	800	6226	2026-09-12T21:18:26+00:00	candidate		storyboard
042-01	v07	assets/art/panels/042-01/v07-storyboard-svg.svg	storyboard-svg		1200	800	6942	2026-09-12T22:35:06+00:00	candidate		storyboard
042-01	v08	assets/art/panels/042-01/v08-storyboard-svg.svg	storyboard-svg		1200	800	11989	2026-09-12T23:01:00+00:00	candidate		storyboard
042-01	v09	assets/art/panels/042-01/v09-storyboard-svg.svg	storyboard-svg		1200	800	12060	2026-09-12T23:55:10+00:00	candidate		storyboard
042-01	v10	assets/art/panels/042-01/v10-storyboard-svg.svg	storyboard-svg		1200	800	12634	2026-09-13T01:34:48+00:00	candidate		storyboard
042-02	v01	assets/art/panels/042-02/v01-storyboard-svg.svg	storyboard-svg		1200	800	5397	2026-09-07T16:49:12+00:00	candidate		storyboard
042-02	v02	assets/art/panels/042-02/v02-storyboard-svg.svg	storyboard-svg		1200	800	5926	2026-09-07T16:55:16+00:00	candidate		storyboard
042-02	v03	assets/art/panels/042-02/v03-storyboard-svg.svg	storyboard-svg		1200	800	6008	2026-09-07T17:01:44+00:00	candidate		storyboard
042-02	v04	assets/art/panels/042-02/v04-storyboard-svg.svg	storyboard-svg		1200	800	6357	2026-09-12T21:18:26+00:00	candidate		storyboard
042-02	v05	assets/art/panels/042-02/v05-storyboard-svg.svg	storyboard-svg		1200	800	13567	2026-09-12T23:01:00+00:00	candidate		storyboard
042-02	v06	assets/art/panels/042-02/v06-storyboard-svg.svg	storyboard-svg		1200	800	13610	2026-09-12T23:55:10+00:00	candidate		storyboard
042-02	v07	assets/art/panels/042-02/v07-storyboard-svg.svg	storyboard-svg		1200	800	14681	2026-09-13T00:10:06+00:00	candidate		storyboard
042-02	v08	assets/art/panels/042-02/v08-storyboard-svg.svg	storyboard-svg		1200	800	17880	2026-09-13T00:25:41+00:00	candidate		storyboard
042-02	v09	assets/art/panels/042-02/v09-storyboard-svg.svg	storyboard-svg		1200	800	18452	2026-09-13T01:34:48+00:00	candidate		storyboard
042-03	v01	assets/art/panels/042-03/v01-storyboard-svg.svg	storyboard-svg		1200	800	4581	2026-09-07T16:49:12+00:00	candidate		storyboard
042-03	v02	assets/art/panels/042-03/v02-storyboard-svg.svg	storyboard-svg		1200	800	4907	2026-09-07T16:55:16+00:00	candidate		storyboard
042-03	v03	assets/art/panels/042-03/v03-storyboard-svg.svg	storyboard-svg		1200	800	4989	2026-09-07T17:01:44+00:00	candidate		storyboard
042-03	v04	assets/art/panels/042-03/v04-storyboard-svg.svg	storyboard-svg		1200	800	5337	2026-09-12T21:18:26+00:00	candidate		storyboard
042-03	v05	assets/art/panels/042-03/v05-storyboard-svg.svg	storyboard-svg		1200	800	10772	2026-09-12T23:01:00+00:00	candidate		storyboard
042-03	v06	assets/art/panels/042-03/v06-storyboard-svg.svg	storyboard-svg		1200	800	10815	2026-09-12T23:55:11+00:00	candidate		storyboard
042-03	v07	assets/art/panels/042-03/v07-storyboard-svg.svg	storyboard-svg		1200	800	11886	2026-09-13T00:10:06+00:00	candidate		storyboard
042-03	v08	assets/art/panels/042-03/v08-storyboard-svg.svg	storyboard-svg		1200	800	15085	2026-09-13T00:25:41+00:00	candidate		storyboard
042-03	v09	assets/art/panels/042-03/v09-storyboard-svg.svg	storyboard-svg		1200	800	15474	2026-09-13T01:34:48+00:00	candidate		storyboard
042-04	v01	assets/art/panels/042-04/v01-storyboard-svg.svg	storyboard-svg		1200	800	4738	2026-09-07T16:49:12+00:00	candidate		storyboard
042-04	v02	assets/art/panels/042-04/v02-storyboard-svg.svg	storyboard-svg		1200	800	5154	2026-09-07T16:55:16+00:00	candidate		storyboard
042-04	v03	assets/art/panels/042-04/v03-storyboard-svg.svg	storyboard-svg		1200	800	6986	2026-09-12T21:18:26+00:00	candidate		storyboard
042-04	v04	assets/art/panels/042-04/v04-storyboard-svg.svg	storyboard-svg		1200	800	10873	2026-09-12T23:01:00+00:00	candidate		storyboard
042-04	v05	assets/art/panels/042-04/v05-storyboard-svg.svg	storyboard-svg		1200	800	10919	2026-09-12T23:55:11+00:00	candidate		storyboard
042-04	v06	assets/art/panels/042-04/v06-storyboard-svg.svg	storyboard-svg		1200	800	11926	2026-09-13T00:10:06+00:00	candidate		storyboard
042-04	v07	assets/art/panels/042-04/v07-storyboard-svg.svg	storyboard-svg		1200	800	15176	2026-09-13T00:25:41+00:00	candidate		storyboard
042-04	v08	assets/art/panels/042-04/v08-storyboard-svg.svg	storyboard-svg		1200	800	15931	2026-09-13T01:34:48+00:00	candidate		storyboard
042-05	v01	assets/art/panels/042-05/v01-flux2-klein-4b-1001.webp	flux2-klein-4b	1001	1200	800	179778	2026-09-05T19:08:20+00:00	candidate		refined
042-05	v02	assets/art/panels/042-05/v02-flux2-klein-4b-1001.webp	flux2-klein-4b	1001	1200	800	195294	2026-09-05T20:47:14+00:00	candidate	drawn 5 Sep 2026 with the reverted conditional-register clause, not the committed one	refined
042-05	v03	assets/art/panels/042-05/v03-storyboard-svg.svg	storyboard-svg		1200	800	4989	2026-09-07T16:49:12+00:00	candidate		storyboard
042-05	v04	assets/art/panels/042-05/v04-storyboard-svg.svg	storyboard-svg		1200	800	5348	2026-09-07T16:55:16+00:00	candidate		storyboard
042-05	v05	assets/art/panels/042-05/v05-panel-fit.svg	panel-fit		1200	800	261106	2026-09-09T02:11:26+00:00	chosen	Textured off-white outer border removed; visually reviewed; original model bytes retained. 8px allowance clears irregular edges; centered 3:2 framing.	refined
042-05	v06	assets/art/panels/042-05/v06-storyboard-svg.svg	storyboard-svg		1200	800	6236	2026-09-12T21:18:26+00:00	candidate		storyboard
042-05	v07	assets/art/panels/042-05/v07-storyboard-svg.svg	storyboard-svg		1200	800	6952	2026-09-12T22:35:06+00:00	candidate		storyboard
042-05	v08	assets/art/panels/042-05/v08-storyboard-svg.svg	storyboard-svg		1200	800	11913	2026-09-12T23:01:00+00:00	candidate		storyboard
042-05	v09	assets/art/panels/042-05/v09-storyboard-svg.svg	storyboard-svg		1200	800	12891	2026-09-12T23:30:36+00:00	candidate		storyboard
042-05	v10	assets/art/panels/042-05/v10-storyboard-svg.svg	storyboard-svg		1200	800	12934	2026-09-12T23:55:11+00:00	candidate		storyboard
042-05	v11	assets/art/panels/042-05/v11-storyboard-svg.svg	storyboard-svg		1200	800	13508	2026-09-13T01:34:48+00:00	candidate		storyboard
043-01	v01	assets/art/panels/043-01/v01-storyboard-svg.svg	storyboard-svg		1200	800	4356	2026-09-07T16:49:12+00:00	candidate		storyboard
043-01	v02	assets/art/panels/043-01/v02-storyboard-svg.svg	storyboard-svg		1200	800	4724	2026-09-07T16:55:16+00:00	candidate		storyboard
043-01	v03	assets/art/panels/043-01/v03-storyboard-svg.svg	storyboard-svg		1200	800	4717	2026-09-12T20:10:16+00:00	candidate		storyboard
043-01	v04	assets/art/panels/043-01/v04-storyboard-svg.svg	storyboard-svg		1200	800	7661	2026-09-12T21:18:26+00:00	candidate		storyboard
043-01	v05	assets/art/panels/043-01/v05-storyboard-svg.svg	storyboard-svg		1200	800	13259	2026-09-12T23:01:00+00:00	candidate		storyboard
043-01	v06	assets/art/panels/043-01/v06-storyboard-svg.svg	storyboard-svg		1200	800	13302	2026-09-12T23:55:11+00:00	candidate		storyboard
043-01	v07	assets/art/panels/043-01/v07-storyboard-svg.svg	storyboard-svg		1200	800	14373	2026-09-13T00:10:06+00:00	candidate		storyboard
043-01	v08	assets/art/panels/043-01/v08-storyboard-svg.svg	storyboard-svg		1200	800	17572	2026-09-13T00:25:41+00:00	candidate		storyboard
043-01	v09	assets/art/panels/043-01/v09-storyboard-svg.svg	storyboard-svg		1200	800	18146	2026-09-13T01:34:48+00:00	candidate		storyboard
043-02	v01	assets/art/panels/043-02/v01-storyboard-svg.svg	storyboard-svg		1200	800	5508	2026-09-07T16:49:12+00:00	candidate		storyboard
043-02	v02	assets/art/panels/043-02/v02-storyboard-svg.svg	storyboard-svg		1200	800	5905	2026-09-07T16:55:16+00:00	candidate		storyboard
043-02	v03	assets/art/panels/043-02/v03-storyboard-svg.svg	storyboard-svg		1200	800	6071	2026-09-12T20:10:16+00:00	candidate		storyboard
043-02	v04	assets/art/panels/043-02/v04-storyboard-svg.svg	storyboard-svg		1200	800	6478	2026-09-12T21:18:26+00:00	candidate		storyboard
043-02	v05	assets/art/panels/043-02/v05-storyboard-svg.svg	storyboard-svg		1200	800	13154	2026-09-12T23:01:00+00:00	candidate		storyboard
043-02	v06	assets/art/panels/043-02/v06-storyboard-svg.svg	storyboard-svg		1200	800	13217	2026-09-12T23:55:11+00:00	candidate		storyboard
043-02	v07	assets/art/panels/043-02/v07-storyboard-svg.svg	storyboard-svg		1200	800	15348	2026-09-13T00:10:06+00:00	candidate		storyboard
043-02	v08	assets/art/panels/043-02/v08-storyboard-svg.svg	storyboard-svg		1200	800	22075	2026-09-13T00:25:41+00:00	candidate		storyboard
043-02	v09	assets/art/panels/043-02/v09-storyboard-svg.svg	storyboard-svg		1200	800	22649	2026-09-13T01:34:48+00:00	candidate		storyboard
043-03	v01	assets/art/panels/043-03/v01-storyboard-svg.svg	storyboard-svg		1200	800	6243	2026-09-07T16:49:12+00:00	candidate		storyboard
043-03	v02	assets/art/panels/043-03/v02-storyboard-svg.svg	storyboard-svg		1200	800	6640	2026-09-07T16:55:16+00:00	candidate		storyboard
043-03	v03	assets/art/panels/043-03/v03-storyboard-svg.svg	storyboard-svg		1200	800	7189	2026-09-12T21:18:26+00:00	candidate		storyboard
043-03	v04	assets/art/panels/043-03/v04-storyboard-svg.svg	storyboard-svg		1200	800	13351	2026-09-12T23:01:00+00:00	candidate		storyboard
043-03	v05	assets/art/panels/043-03/v05-storyboard-svg.svg	storyboard-svg		1200	800	13386	2026-09-12T23:55:11+00:00	candidate		storyboard
043-03	v06	assets/art/panels/043-03/v06-storyboard-svg.svg	storyboard-svg		1200	800	14461	2026-09-13T00:10:06+00:00	candidate		storyboard
043-03	v07	assets/art/panels/043-03/v07-storyboard-svg.svg	storyboard-svg		1200	800	17858	2026-09-13T00:25:41+00:00	candidate		storyboard
043-03	v08	assets/art/panels/043-03/v08-storyboard-svg.svg	storyboard-svg		1200	800	18429	2026-09-13T01:34:48+00:00	candidate		storyboard
043-04	v01	assets/art/panels/043-04/v01-storyboard-svg.svg	storyboard-svg		1200	800	5473	2026-09-07T16:49:12+00:00	candidate		storyboard
043-04	v02	assets/art/panels/043-04/v02-storyboard-svg.svg	storyboard-svg		1200	800	5841	2026-09-07T16:55:16+00:00	candidate		storyboard
043-04	v03	assets/art/panels/043-04/v03-storyboard-svg.svg	storyboard-svg		1200	800	6382	2026-09-12T21:18:26+00:00	candidate		storyboard
043-04	v04	assets/art/panels/043-04/v04-storyboard-svg.svg	storyboard-svg		1200	800	10196	2026-09-12T23:01:00+00:00	candidate		storyboard
043-04	v05	assets/art/panels/043-04/v05-storyboard-svg.svg	storyboard-svg		1200	800	10265	2026-09-12T23:55:11+00:00	candidate		storyboard
043-04	v06	assets/art/panels/043-04/v06-storyboard-svg.svg	storyboard-svg		1200	800	12416	2026-09-13T00:10:06+00:00	candidate		storyboard
043-04	v07	assets/art/panels/043-04/v07-storyboard-svg.svg	storyboard-svg		1200	800	19012	2026-09-13T00:25:41+00:00	candidate		storyboard
043-04	v08	assets/art/panels/043-04/v08-storyboard-svg.svg	storyboard-svg		1200	800	19766	2026-09-13T01:34:48+00:00	candidate		storyboard
043-05	v01	assets/art/panels/043-05/v01-storyboard-svg.svg	storyboard-svg		1200	800	5283	2026-09-07T16:49:12+00:00	candidate		storyboard
043-05	v02	assets/art/panels/043-05/v02-storyboard-svg.svg	storyboard-svg		1200	800	5675	2026-09-07T16:55:16+00:00	candidate		storyboard
043-05	v03	assets/art/panels/043-05/v03-storyboard-svg.svg	storyboard-svg		1200	800	6048	2026-09-12T21:18:26+00:00	candidate		storyboard
043-05	v04	assets/art/panels/043-05/v04-storyboard-svg.svg	storyboard-svg		1200	800	10427	2026-09-12T23:01:00+00:00	candidate		storyboard
043-05	v05	assets/art/panels/043-05/v05-storyboard-svg.svg	storyboard-svg		1200	800	10501	2026-09-12T23:55:11+00:00	candidate		storyboard
043-05	v06	assets/art/panels/043-05/v06-storyboard-svg.svg	storyboard-svg		1200	800	12576	2026-09-13T00:10:06+00:00	candidate		storyboard
043-05	v07	assets/art/panels/043-05/v07-storyboard-svg.svg	storyboard-svg		1200	800	18898	2026-09-13T00:25:41+00:00	candidate		storyboard
043-05	v08	assets/art/panels/043-05/v08-storyboard-svg.svg	storyboard-svg		1200	800	19445	2026-09-13T01:34:48+00:00	candidate		storyboard
043-06	v01	assets/art/panels/043-06/v01-storyboard-svg.svg	storyboard-svg		1200	800	5087	2026-09-07T16:49:12+00:00	candidate		storyboard
043-06	v02	assets/art/panels/043-06/v02-storyboard-svg.svg	storyboard-svg		1200	800	5611	2026-09-07T16:55:17+00:00	candidate		storyboard
043-06	v03	assets/art/panels/043-06/v03-storyboard-svg.svg	storyboard-svg		1200	800	8334	2026-09-12T21:18:26+00:00	candidate		storyboard
043-06	v04	assets/art/panels/043-06/v04-storyboard-svg.svg	storyboard-svg		1200	800	14443	2026-09-12T23:01:00+00:00	candidate		storyboard
043-06	v05	assets/art/panels/043-06/v05-storyboard-svg.svg	storyboard-svg		1200	800	14538	2026-09-12T23:55:11+00:00	candidate		storyboard
043-06	v06	assets/art/panels/043-06/v06-storyboard-svg.svg	storyboard-svg		1200	800	17702	2026-09-13T00:10:06+00:00	candidate		storyboard
043-06	v07	assets/art/panels/043-06/v07-storyboard-svg.svg	storyboard-svg		1200	800	27421	2026-09-13T00:25:41+00:00	candidate		storyboard
043-06	v08	assets/art/panels/043-06/v08-storyboard-svg.svg	storyboard-svg		1200	800	28311	2026-09-13T01:34:48+00:00	candidate		storyboard
044-01	v01	assets/art/panels/044-01/v01-storyboard-svg.svg	storyboard-svg		1200	800	4279	2026-09-07T16:49:12+00:00	candidate		storyboard
044-01	v02	assets/art/panels/044-01/v02-storyboard-svg.svg	storyboard-svg		1200	800	4409	2026-09-07T16:55:17+00:00	candidate		storyboard
044-01	v03	assets/art/panels/044-01/v03-storyboard-svg.svg	storyboard-svg		1200	800	4798	2026-09-12T21:18:26+00:00	candidate		storyboard
044-01	v04	assets/art/panels/044-01/v04-storyboard-svg.svg	storyboard-svg		1200	800	9436	2026-09-12T23:01:00+00:00	candidate		storyboard
044-01	v05	assets/art/panels/044-01/v05-storyboard-svg.svg	storyboard-svg		1200	800	9471	2026-09-12T23:55:11+00:00	candidate		storyboard
044-01	v06	assets/art/panels/044-01/v06-storyboard-svg.svg	storyboard-svg		1200	800	10546	2026-09-13T00:10:06+00:00	candidate		storyboard
044-01	v07	assets/art/panels/044-01/v07-storyboard-svg.svg	storyboard-svg		1200	800	13943	2026-09-13T00:25:41+00:00	candidate		storyboard
044-01	v08	assets/art/panels/044-01/v08-storyboard-svg.svg	storyboard-svg		1200	800	14151	2026-09-13T01:34:48+00:00	candidate		storyboard
044-02	v01	assets/art/panels/044-02/v01-storyboard-svg.svg	storyboard-svg		1200	800	15589	2026-09-07T16:49:12+00:00	candidate		storyboard
044-02	v02	assets/art/panels/044-02/v02-storyboard-svg.svg	storyboard-svg		1200	800	16426	2026-09-12T21:18:26+00:00	candidate		storyboard
044-02	v03	assets/art/panels/044-02/v03-storyboard-svg.svg	storyboard-svg		1200	800	30527	2026-09-12T23:01:00+00:00	candidate		storyboard
044-02	v04	assets/art/panels/044-02/v04-storyboard-svg.svg	storyboard-svg		1200	800	30562	2026-09-12T23:55:11+00:00	candidate		storyboard
044-02	v05	assets/art/panels/044-02/v05-storyboard-svg.svg	storyboard-svg		1200	800	31642	2026-09-13T00:10:06+00:00	candidate		storyboard
044-02	v06	assets/art/panels/044-02/v06-storyboard-svg.svg	storyboard-svg		1200	800	35039	2026-09-13T00:25:41+00:00	candidate		storyboard
044-02	v07	assets/art/panels/044-02/v07-storyboard-svg.svg	storyboard-svg		1200	800	35064	2026-09-13T01:34:48+00:00	candidate		storyboard
044-03	v01	assets/art/panels/044-03/v01-storyboard-svg.svg	storyboard-svg		1200	800	4146	2026-09-07T16:49:12+00:00	candidate		storyboard
044-03	v02	assets/art/panels/044-03/v02-storyboard-svg.svg	storyboard-svg		1200	800	4392	2026-09-07T16:55:17+00:00	candidate		storyboard
044-03	v03	assets/art/panels/044-03/v03-storyboard-svg.svg	storyboard-svg		1200	800	6306	2026-09-12T21:18:26+00:00	candidate		storyboard
044-03	v04	assets/art/panels/044-03/v04-storyboard-svg.svg	storyboard-svg		1200	800	9059	2026-09-12T23:01:00+00:00	candidate		storyboard
044-03	v05	assets/art/panels/044-03/v05-storyboard-svg.svg	storyboard-svg		1200	800	9105	2026-09-12T23:55:11+00:00	candidate		storyboard
044-03	v06	assets/art/panels/044-03/v06-storyboard-svg.svg	storyboard-svg		1200	800	10112	2026-09-13T00:10:06+00:00	candidate		storyboard
044-03	v07	assets/art/panels/044-03/v07-storyboard-svg.svg	storyboard-svg		1200	800	13362	2026-09-13T00:25:41+00:00	candidate		storyboard
044-03	v08	assets/art/panels/044-03/v08-storyboard-svg.svg	storyboard-svg		1200	800	14223	2026-09-13T01:34:48+00:00	candidate		storyboard
044-04	v01	assets/art/panels/044-04/v01-storyboard-svg.svg	storyboard-svg		1200	800	4152	2026-09-07T16:49:12+00:00	candidate		storyboard
044-04	v02	assets/art/panels/044-04/v02-storyboard-svg.svg	storyboard-svg		1200	800	4296	2026-09-07T16:55:17+00:00	candidate		storyboard
044-04	v03	assets/art/panels/044-04/v03-storyboard-svg.svg	storyboard-svg		1200	800	4639	2026-09-12T21:18:26+00:00	candidate		storyboard
044-04	v04	assets/art/panels/044-04/v04-storyboard-svg.svg	storyboard-svg		1200	800	9359	2026-09-12T23:01:00+00:00	candidate		storyboard
044-04	v05	assets/art/panels/044-04/v05-storyboard-svg.svg	storyboard-svg		1200	800	9396	2026-09-12T23:55:11+00:00	candidate		storyboard
044-04	v06	assets/art/panels/044-04/v06-storyboard-svg.svg	storyboard-svg		1200	800	10447	2026-09-13T00:10:06+00:00	candidate		storyboard
044-04	v07	assets/art/panels/044-04/v07-storyboard-svg.svg	storyboard-svg		1200	800	13777	2026-09-13T00:25:41+00:00	candidate		storyboard
044-04	v08	assets/art/panels/044-04/v08-storyboard-svg.svg	storyboard-svg		1200	800	13985	2026-09-13T01:34:48+00:00	candidate		storyboard
044-05	v01	assets/art/panels/044-05/v01-storyboard-svg.svg	storyboard-svg		1200	800	4775	2026-09-07T16:49:12+00:00	candidate		storyboard
044-05	v02	assets/art/panels/044-05/v02-storyboard-svg.svg	storyboard-svg		1200	800	5240	2026-09-07T16:55:17+00:00	candidate		storyboard
044-05	v03	assets/art/panels/044-05/v03-storyboard-svg.svg	storyboard-svg		1200	800	5549	2026-09-12T21:18:26+00:00	candidate		storyboard
044-05	v04	assets/art/panels/044-05/v04-storyboard-svg.svg	storyboard-svg		1200	800	8456	2026-09-12T23:01:00+00:00	candidate		storyboard
044-05	v05	assets/art/panels/044-05/v05-storyboard-svg.svg	storyboard-svg		1200	800	8491	2026-09-12T23:55:11+00:00	candidate		storyboard
044-05	v06	assets/art/panels/044-05/v06-storyboard-svg.svg	storyboard-svg		1200	800	9566	2026-09-13T00:10:06+00:00	candidate		storyboard
044-05	v07	assets/art/panels/044-05/v07-storyboard-svg.svg	storyboard-svg		1200	800	12963	2026-09-13T00:25:41+00:00	candidate		storyboard
044-05	v08	assets/art/panels/044-05/v08-storyboard-svg.svg	storyboard-svg		1200	800	13535	2026-09-13T01:34:48+00:00	candidate		storyboard
045-01	v01	assets/art/panels/045-01/v01-storyboard-svg.svg	storyboard-svg		1200	800	4705	2026-09-07T16:49:12+00:00	candidate		storyboard
045-01	v02	assets/art/panels/045-01/v02-storyboard-svg.svg	storyboard-svg		1200	800	4954	2026-09-07T16:55:17+00:00	candidate		storyboard
045-01	v03	assets/art/panels/045-01/v03-storyboard-svg.svg	storyboard-svg		1200	800	5362	2026-09-12T21:18:26+00:00	candidate		storyboard
045-01	v04	assets/art/panels/045-01/v04-storyboard-svg.svg	storyboard-svg		1200	800	9341	2026-09-12T23:01:00+00:00	candidate		storyboard
045-01	v05	assets/art/panels/045-01/v05-storyboard-svg.svg	storyboard-svg		1200	800	9424	2026-09-12T23:55:11+00:00	candidate		storyboard
045-01	v06	assets/art/panels/045-01/v06-storyboard-svg.svg	storyboard-svg		1200	800	11603	2026-09-13T00:10:06+00:00	candidate		storyboard
045-01	v07	assets/art/panels/045-01/v07-storyboard-svg.svg	storyboard-svg		1200	800	18086	2026-09-13T00:25:41+00:00	candidate		storyboard
045-01	v08	assets/art/panels/045-01/v08-storyboard-svg.svg	storyboard-svg		1200	800	18477	2026-09-13T01:34:48+00:00	candidate		storyboard
045-02	v01	assets/art/panels/045-02/v01-storyboard-svg.svg	storyboard-svg		1200	800	4636	2026-09-07T16:49:12+00:00	candidate		storyboard
045-02	v02	assets/art/panels/045-02/v02-storyboard-svg.svg	storyboard-svg		1200	800	5030	2026-09-07T16:55:17+00:00	candidate		storyboard
045-02	v03	assets/art/panels/045-02/v03-storyboard-svg.svg	storyboard-svg		1200	800	5484	2026-09-12T21:18:27+00:00	candidate		storyboard
045-02	v04	assets/art/panels/045-02/v04-storyboard-svg.svg	storyboard-svg		1200	800	11154	2026-09-12T23:01:00+00:00	candidate		storyboard
045-02	v05	assets/art/panels/045-02/v05-storyboard-svg.svg	storyboard-svg		1200	800	11189	2026-09-12T23:55:11+00:00	candidate		storyboard
045-02	v06	assets/art/panels/045-02/v06-storyboard-svg.svg	storyboard-svg		1200	800	12264	2026-09-13T00:10:06+00:00	candidate		storyboard
045-02	v07	assets/art/panels/045-02/v07-storyboard-svg.svg	storyboard-svg		1200	800	15661	2026-09-13T00:25:41+00:00	candidate		storyboard
045-02	v08	assets/art/panels/045-02/v08-storyboard-svg.svg	storyboard-svg		1200	800	16209	2026-09-13T01:34:48+00:00	candidate		storyboard
045-03	v01	assets/art/panels/045-03/v01-storyboard-svg.svg	storyboard-svg		1200	800	5853	2026-09-07T16:49:12+00:00	candidate		storyboard
045-03	v02	assets/art/panels/045-03/v02-storyboard-svg.svg	storyboard-svg		1200	800	6221	2026-09-07T16:55:17+00:00	candidate		storyboard
045-03	v03	assets/art/panels/045-03/v03-storyboard-svg.svg	storyboard-svg		1200	800	7770	2026-09-12T21:18:27+00:00	candidate		storyboard
045-03	v04	assets/art/panels/045-03/v04-storyboard-svg.svg	storyboard-svg		1200	800	8382	2026-09-12T22:35:06+00:00	candidate		storyboard
045-03	v05	assets/art/panels/045-03/v05-storyboard-svg.svg	storyboard-svg		1200	800	15321	2026-09-12T23:01:00+00:00	candidate		storyboard
045-03	v06	assets/art/panels/045-03/v06-storyboard-svg.svg	storyboard-svg		1200	800	15370	2026-09-12T23:55:11+00:00	candidate		storyboard
045-03	v07	assets/art/panels/045-03/v07-storyboard-svg.svg	storyboard-svg		1200	800	16125	2026-09-13T01:34:48+00:00	candidate		storyboard
045-04	v01	assets/art/panels/045-04/v01-storyboard-svg.svg	storyboard-svg		1200	800	4194	2026-09-07T16:49:12+00:00	candidate		storyboard
045-04	v02	assets/art/panels/045-04/v02-storyboard-svg.svg	storyboard-svg		1200	800	4494	2026-09-07T16:55:17+00:00	candidate		storyboard
045-04	v03	assets/art/panels/045-04/v03-storyboard-svg.svg	storyboard-svg		1200	800	4924	2026-09-12T21:18:27+00:00	candidate		storyboard
045-04	v04	assets/art/panels/045-04/v04-storyboard-svg.svg	storyboard-svg		1200	800	8590	2026-09-12T23:01:00+00:00	candidate		storyboard
045-04	v05	assets/art/panels/045-04/v05-storyboard-svg.svg	storyboard-svg		1200	800	8636	2026-09-12T23:55:11+00:00	candidate		storyboard
045-04	v06	assets/art/panels/045-04/v06-storyboard-svg.svg	storyboard-svg		1200	800	9643	2026-09-13T00:10:06+00:00	candidate		storyboard
045-04	v07	assets/art/panels/045-04/v07-storyboard-svg.svg	storyboard-svg		1200	800	12893	2026-09-13T00:25:41+00:00	candidate		storyboard
045-04	v08	assets/art/panels/045-04/v08-storyboard-svg.svg	storyboard-svg		1200	800	13352	2026-09-13T01:34:48+00:00	candidate		storyboard
045-05	v01	assets/art/panels/045-05/v01-storyboard-svg.svg	storyboard-svg		1200	800	6806	2026-09-07T16:49:12+00:00	candidate		storyboard
045-05	v02	assets/art/panels/045-05/v02-storyboard-svg.svg	storyboard-svg		1200	800	7360	2026-09-07T16:55:18+00:00	candidate		storyboard
045-05	v03	assets/art/panels/045-05/v03-storyboard-svg.svg	storyboard-svg		1200	800	7682	2026-09-12T21:18:27+00:00	candidate		storyboard
045-05	v04	assets/art/panels/045-05/v04-storyboard-svg.svg	storyboard-svg		1200	800	14395	2026-09-12T23:01:00+00:00	candidate		storyboard
045-05	v05	assets/art/panels/045-05/v05-storyboard-svg.svg	storyboard-svg		1200	800	14498	2026-09-12T23:55:11+00:00	candidate		storyboard
045-05	v06	assets/art/panels/045-05/v06-storyboard-svg.svg	storyboard-svg		1200	800	17670	2026-09-13T00:10:06+00:00	candidate		storyboard
045-05	v07	assets/art/panels/045-05/v07-storyboard-svg.svg	storyboard-svg		1200	800	27407	2026-09-13T00:25:41+00:00	candidate		storyboard
045-05	v08	assets/art/panels/045-05/v08-storyboard-svg.svg	storyboard-svg		1200	800	28163	2026-09-13T01:34:48+00:00	candidate		storyboard
046-01	v01	assets/art/panels/046-01/v01-storyboard-svg.svg	storyboard-svg		1200	800	3894	2026-09-07T16:49:13+00:00	candidate		storyboard
046-01	v02	assets/art/panels/046-01/v02-storyboard-svg.svg	storyboard-svg		1200	800	4140	2026-09-07T16:55:18+00:00	candidate		storyboard
046-01	v03	assets/art/panels/046-01/v03-storyboard-svg.svg	storyboard-svg		1200	800	4580	2026-09-12T21:18:27+00:00	candidate		storyboard
046-01	v04	assets/art/panels/046-01/v04-storyboard-svg.svg	storyboard-svg		1200	800	8116	2026-09-12T23:01:00+00:00	candidate		storyboard
046-01	v05	assets/art/panels/046-01/v05-storyboard-svg.svg	storyboard-svg		1200	800	8196	2026-09-12T23:55:11+00:00	candidate		storyboard
046-01	v06	assets/art/panels/046-01/v06-storyboard-svg.svg	storyboard-svg		1200	800	10303	2026-09-13T00:10:06+00:00	candidate		storyboard
046-01	v07	assets/art/panels/046-01/v07-storyboard-svg.svg	storyboard-svg		1200	800	16710	2026-09-13T00:25:41+00:00	candidate		storyboard
046-01	v08	assets/art/panels/046-01/v08-storyboard-svg.svg	storyboard-svg		1200	800	17100	2026-09-13T01:34:48+00:00	candidate		storyboard
046-02	v01	assets/art/panels/046-02/v01-storyboard-svg.svg	storyboard-svg		1200	800	2580	2026-09-07T16:49:13+00:00	candidate		storyboard
046-02	v02	assets/art/panels/046-02/v02-storyboard-svg.svg	storyboard-svg		1200	800	2709	2026-09-07T16:55:18+00:00	candidate		storyboard
046-02	v03	assets/art/panels/046-02/v03-storyboard-svg.svg	storyboard-svg		1200	800	3008	2026-09-12T21:18:27+00:00	candidate		storyboard
046-02	v04	assets/art/panels/046-02/v04-storyboard-svg.svg	storyboard-svg		1200	800	5142	2026-09-12T23:01:00+00:00	candidate		storyboard
046-02	v05	assets/art/panels/046-02/v05-storyboard-svg.svg	storyboard-svg		1200	800	5222	2026-09-12T23:55:11+00:00	candidate		storyboard
046-02	v06	assets/art/panels/046-02/v06-storyboard-svg.svg	storyboard-svg		1200	800	7329	2026-09-13T00:10:06+00:00	candidate		storyboard
046-02	v07	assets/art/panels/046-02/v07-storyboard-svg.svg	storyboard-svg		1200	800	13736	2026-09-13T00:25:41+00:00	candidate		storyboard
046-02	v08	assets/art/panels/046-02/v08-storyboard-svg.svg	storyboard-svg		1200	800	13919	2026-09-13T01:34:48+00:00	candidate		storyboard
046-03	v01	assets/art/panels/046-03/v01-storyboard-svg.svg	storyboard-svg		1200	800	4313	2026-09-07T16:49:13+00:00	candidate		storyboard
046-03	v02	assets/art/panels/046-03/v02-storyboard-svg.svg	storyboard-svg		1200	800	4559	2026-09-07T16:55:18+00:00	candidate		storyboard
046-03	v03	assets/art/panels/046-03/v03-storyboard-svg.svg	storyboard-svg		1200	800	5434	2026-09-12T21:18:27+00:00	candidate		storyboard
046-03	v04	assets/art/panels/046-03/v04-storyboard-svg.svg	storyboard-svg		1200	800	10740	2026-09-12T23:01:00+00:00	candidate		storyboard
046-03	v05	assets/art/panels/046-03/v05-storyboard-svg.svg	storyboard-svg		1200	800	11718	2026-09-12T23:30:36+00:00	candidate		storyboard
046-03	v06	assets/art/panels/046-03/v06-storyboard-svg.svg	storyboard-svg		1200	800	11767	2026-09-12T23:55:11+00:00	candidate		storyboard
046-03	v07	assets/art/panels/046-03/v07-storyboard-svg.svg	storyboard-svg		1200	800	12870	2026-09-13T00:10:06+00:00	candidate		storyboard
046-03	v08	assets/art/panels/046-03/v08-storyboard-svg.svg	storyboard-svg		1200	800	16154	2026-09-13T00:25:41+00:00	candidate		storyboard
046-03	v09	assets/art/panels/046-03/v09-storyboard-svg.svg	storyboard-svg		1200	800	16645	2026-09-13T01:34:48+00:00	candidate		storyboard
046-04	v01	assets/art/panels/046-04/v01-storyboard-svg.svg	storyboard-svg		1200	800	2896	2026-09-07T16:49:13+00:00	candidate		storyboard
046-04	v02	assets/art/panels/046-04/v02-storyboard-svg.svg	storyboard-svg		1200	800	3025	2026-09-07T16:55:18+00:00	candidate		storyboard
046-04	v03	assets/art/panels/046-04/v03-storyboard-svg.svg	storyboard-svg		1200	800	3445	2026-09-12T21:18:27+00:00	candidate		storyboard
046-04	v04	assets/art/panels/046-04/v04-storyboard-svg.svg	storyboard-svg		1200	800	5172	2026-09-12T23:01:00+00:00	candidate		storyboard
046-04	v05	assets/art/panels/046-04/v05-storyboard-svg.svg	storyboard-svg		1200	800	5218	2026-09-12T23:55:11+00:00	candidate		storyboard
046-04	v06	assets/art/panels/046-04/v06-storyboard-svg.svg	storyboard-svg		1200	800	6225	2026-09-13T00:10:06+00:00	candidate		storyboard
046-04	v07	assets/art/panels/046-04/v07-storyboard-svg.svg	storyboard-svg		1200	800	9475	2026-09-13T00:25:41+00:00	candidate		storyboard
046-04	v08	assets/art/panels/046-04/v08-storyboard-svg.svg	storyboard-svg		1200	800	9658	2026-09-13T01:34:48+00:00	candidate		storyboard
046-05	v01	assets/art/panels/046-05/v01-storyboard-svg.svg	storyboard-svg		1200	800	6525	2026-09-07T16:49:13+00:00	candidate		storyboard
046-05	v02	assets/art/panels/046-05/v02-storyboard-svg.svg	storyboard-svg		1200	800	7079	2026-09-07T16:55:18+00:00	candidate		storyboard
046-05	v03	assets/art/panels/046-05/v03-storyboard-svg.svg	storyboard-svg		1200	800	9796	2026-09-12T21:18:27+00:00	candidate		storyboard
046-05	v04	assets/art/panels/046-05/v04-storyboard-svg.svg	storyboard-svg		1200	800	14772	2026-09-12T23:01:00+00:00	candidate		storyboard
046-05	v05	assets/art/panels/046-05/v05-storyboard-svg.svg	storyboard-svg		1200	800	14852	2026-09-12T23:55:11+00:00	candidate		storyboard
046-05	v06	assets/art/panels/046-05/v06-storyboard-svg.svg	storyboard-svg		1200	800	16959	2026-09-13T00:10:06+00:00	candidate		storyboard
046-05	v07	assets/art/panels/046-05/v07-storyboard-svg.svg	storyboard-svg		1200	800	23366	2026-09-13T00:25:41+00:00	candidate		storyboard
046-05	v08	assets/art/panels/046-05/v08-storyboard-svg.svg	storyboard-svg		1200	800	24304	2026-09-13T01:34:48+00:00	candidate		storyboard
047-01	v01	assets/art/panels/047-01/v01-storyboard-svg.svg	storyboard-svg		1200	800	4629	2026-09-07T16:49:13+00:00	candidate		storyboard
047-01	v02	assets/art/panels/047-01/v02-storyboard-svg.svg	storyboard-svg		1200	800	4875	2026-09-07T16:55:18+00:00	candidate		storyboard
047-01	v03	assets/art/panels/047-01/v03-storyboard-svg.svg	storyboard-svg		1200	800	5934	2026-09-12T21:18:27+00:00	candidate		storyboard
047-01	v04	assets/art/panels/047-01/v04-storyboard-svg.svg	storyboard-svg		1200	800	10743	2026-09-12T23:01:00+00:00	candidate		storyboard
047-01	v05	assets/art/panels/047-01/v05-storyboard-svg.svg	storyboard-svg		1200	800	9908	2026-09-12T23:15:36+00:00	candidate		storyboard
047-01	v06	assets/art/panels/047-01/v06-storyboard-svg.svg	storyboard-svg		1200	800	9897	2026-09-12T23:17:50+00:00	candidate		storyboard
047-01	v07	assets/art/panels/047-01/v07-storyboard-svg.svg	storyboard-svg		1200	800	9977	2026-09-12T23:55:11+00:00	candidate		storyboard
047-01	v08	assets/art/panels/047-01/v08-storyboard-svg.svg	storyboard-svg		1200	800	12084	2026-09-13T00:10:06+00:00	candidate		storyboard
047-01	v09	assets/art/panels/047-01/v09-storyboard-svg.svg	storyboard-svg		1200	800	18491	2026-09-13T00:25:41+00:00	candidate		storyboard
047-01	v10	assets/art/panels/047-01/v10-storyboard-svg.svg	storyboard-svg		1200	800	18882	2026-09-13T01:34:48+00:00	candidate		storyboard
047-02	v01	assets/art/panels/047-02/v01-storyboard-svg.svg	storyboard-svg		1200	800	4252	2026-09-07T16:49:13+00:00	candidate		storyboard
047-02	v02	assets/art/panels/047-02/v02-storyboard-svg.svg	storyboard-svg		1200	800	4508	2026-09-07T16:55:18+00:00	candidate		storyboard
047-02	v03	assets/art/panels/047-02/v03-storyboard-svg.svg	storyboard-svg		1200	800	4898	2026-09-12T21:18:27+00:00	candidate		storyboard
047-02	v04	assets/art/panels/047-02/v04-storyboard-svg.svg	storyboard-svg		1200	800	10057	2026-09-12T23:01:00+00:00	candidate		storyboard
047-02	v05	assets/art/panels/047-02/v05-storyboard-svg.svg	storyboard-svg		1200	800	9222	2026-09-12T23:15:36+00:00	candidate		storyboard
047-02	v06	assets/art/panels/047-02/v06-storyboard-svg.svg	storyboard-svg		1200	800	9211	2026-09-12T23:17:50+00:00	candidate		storyboard
047-02	v07	assets/art/panels/047-02/v07-storyboard-svg.svg	storyboard-svg		1200	800	10400	2026-09-12T23:37:24+00:00	candidate		storyboard
047-02	v08	assets/art/panels/047-02/v08-storyboard-svg.svg	storyboard-svg		1200	800	10440	2026-09-12T23:55:11+00:00	candidate		storyboard
047-02	v09	assets/art/panels/047-02/v09-storyboard-svg.svg	storyboard-svg		1200	800	11439	2026-09-13T00:10:06+00:00	candidate		storyboard
047-02	v10	assets/art/panels/047-02/v10-storyboard-svg.svg	storyboard-svg		1200	800	14562	2026-09-13T00:25:41+00:00	candidate		storyboard
047-02	v11	assets/art/panels/047-02/v11-storyboard-svg.svg	storyboard-svg		1200	800	14953	2026-09-13T01:34:48+00:00	candidate		storyboard
047-03	v01	assets/art/panels/047-03/v01-storyboard-svg.svg	storyboard-svg		1200	800	4083	2026-09-07T16:49:13+00:00	candidate		storyboard
047-03	v02	assets/art/panels/047-03/v02-storyboard-svg.svg	storyboard-svg		1200	800	4383	2026-09-07T16:55:18+00:00	candidate		storyboard
047-03	v03	assets/art/panels/047-03/v03-storyboard-svg.svg	storyboard-svg		1200	800	4737	2026-09-12T21:18:27+00:00	candidate		storyboard
047-03	v04	assets/art/panels/047-03/v04-storyboard-svg.svg	storyboard-svg		1200	800	10166	2026-09-12T23:01:00+00:00	candidate		storyboard
047-03	v05	assets/art/panels/047-03/v05-storyboard-svg.svg	storyboard-svg		1200	800	10234	2026-09-12T23:55:11+00:00	candidate		storyboard
047-03	v06	assets/art/panels/047-03/v06-storyboard-svg.svg	storyboard-svg		1200	800	12289	2026-09-13T00:10:06+00:00	candidate		storyboard
047-03	v07	assets/art/panels/047-03/v07-storyboard-svg.svg	storyboard-svg		1200	800	18742	2026-09-13T00:25:41+00:00	candidate		storyboard
047-03	v08	assets/art/panels/047-03/v08-storyboard-svg.svg	storyboard-svg		1200	800	19133	2026-09-13T01:34:48+00:00	candidate		storyboard
047-04	v01	assets/art/panels/047-04/v01-storyboard-svg.svg	storyboard-svg		1200	800	2874	2026-09-07T16:49:13+00:00	candidate		storyboard
047-04	v02	assets/art/panels/047-04/v02-storyboard-svg.svg	storyboard-svg		1200	800	3003	2026-09-07T16:55:19+00:00	candidate		storyboard
047-04	v03	assets/art/panels/047-04/v03-storyboard-svg.svg	storyboard-svg		1200	800	3358	2026-09-12T21:18:27+00:00	candidate		storyboard
047-04	v04	assets/art/panels/047-04/v04-storyboard-svg.svg	storyboard-svg		1200	800	5085	2026-09-12T23:01:00+00:00	candidate		storyboard
047-04	v05	assets/art/panels/047-04/v05-storyboard-svg.svg	storyboard-svg		1200	800	5125	2026-09-12T23:55:11+00:00	candidate		storyboard
047-04	v06	assets/art/panels/047-04/v06-storyboard-svg.svg	storyboard-svg		1200	800	6124	2026-09-13T00:10:06+00:00	candidate		storyboard
047-04	v07	assets/art/panels/047-04/v07-storyboard-svg.svg	storyboard-svg		1200	800	9247	2026-09-13T00:25:41+00:00	candidate		storyboard
047-04	v08	assets/art/panels/047-04/v08-storyboard-svg.svg	storyboard-svg		1200	800	9455	2026-09-13T01:34:48+00:00	candidate		storyboard
047-05	v01	assets/art/panels/047-05/v01-storyboard-svg.svg	storyboard-svg		1200	800	5917	2026-09-07T16:49:13+00:00	candidate		storyboard
047-05	v02	assets/art/panels/047-05/v02-storyboard-svg.svg	storyboard-svg		1200	800	6285	2026-09-07T16:55:19+00:00	candidate		storyboard
047-05	v03	assets/art/panels/047-05/v03-storyboard-svg.svg	storyboard-svg		1200	800	7997	2026-09-12T21:18:27+00:00	candidate		storyboard
047-05	v04	assets/art/panels/047-05/v04-storyboard-svg.svg	storyboard-svg		1200	800	14959	2026-09-12T23:01:00+00:00	candidate		storyboard
047-05	v05	assets/art/panels/047-05/v05-storyboard-svg.svg	storyboard-svg		1200	800	15628	2026-09-12T23:37:24+00:00	candidate		storyboard
047-05	v06	assets/art/panels/047-05/v06-storyboard-svg.svg	storyboard-svg		1200	800	15708	2026-09-12T23:55:11+00:00	candidate		storyboard
047-05	v07	assets/art/panels/047-05/v07-storyboard-svg.svg	storyboard-svg		1200	800	17815	2026-09-13T00:10:06+00:00	candidate		storyboard
047-05	v08	assets/art/panels/047-05/v08-storyboard-svg.svg	storyboard-svg		1200	800	24222	2026-09-13T00:25:41+00:00	candidate		storyboard
047-05	v09	assets/art/panels/047-05/v09-storyboard-svg.svg	storyboard-svg		1200	800	24796	2026-09-13T01:34:48+00:00	candidate		storyboard
048-01	v01	assets/art/panels/048-01/v01-storyboard-svg.svg	storyboard-svg		1200	800	4623	2026-09-07T16:49:13+00:00	candidate		storyboard
048-01	v02	assets/art/panels/048-01/v02-storyboard-svg.svg	storyboard-svg		1200	800	4752	2026-09-07T16:55:19+00:00	candidate		storyboard
048-01	v03	assets/art/panels/048-01/v03-storyboard-svg.svg	storyboard-svg		1200	800	5099	2026-09-12T21:18:27+00:00	candidate		storyboard
048-01	v04	assets/art/panels/048-01/v04-storyboard-svg.svg	storyboard-svg		1200	800	23649	2026-09-12T23:01:00+00:00	candidate		storyboard
048-01	v05	assets/art/panels/048-01/v05-storyboard-svg.svg	storyboard-svg		1200	800	23750	2026-09-12T23:55:11+00:00	candidate		storyboard
048-01	v06	assets/art/panels/048-01/v06-storyboard-svg.svg	storyboard-svg		1200	800	26982	2026-09-13T00:10:06+00:00	candidate		storyboard
048-01	v07	assets/art/panels/048-01/v07-storyboard-svg.svg	storyboard-svg		1200	800	36721	2026-09-13T00:25:41+00:00	candidate		storyboard
048-01	v08	assets/art/panels/048-01/v08-storyboard-svg.svg	storyboard-svg		1200	800	36904	2026-09-13T01:34:48+00:00	candidate		storyboard
048-02	v01	assets/art/panels/048-02/v01-storyboard-svg.svg	storyboard-svg		1200	800	7086	2026-09-07T16:49:13+00:00	candidate		storyboard
048-02	v02	assets/art/panels/048-02/v02-storyboard-svg.svg	storyboard-svg		1200	800	7701	2026-09-07T16:55:19+00:00	candidate		storyboard
048-02	v03	assets/art/panels/048-02/v03-storyboard-svg.svg	storyboard-svg		1200	800	8606	2026-09-12T21:18:27+00:00	candidate		storyboard
048-02	v04	assets/art/panels/048-02/v04-storyboard-svg.svg	storyboard-svg		1200	800	14131	2026-09-12T23:01:00+00:00	candidate		storyboard
048-02	v05	assets/art/panels/048-02/v05-storyboard-svg.svg	storyboard-svg		1200	800	14232	2026-09-12T23:55:11+00:00	candidate		storyboard
048-02	v06	assets/art/panels/048-02/v06-storyboard-svg.svg	storyboard-svg		1200	800	17466	2026-09-13T00:10:06+00:00	candidate		storyboard
048-02	v07	assets/art/panels/048-02/v07-storyboard-svg.svg	storyboard-svg		1200	800	27205	2026-09-13T00:25:41+00:00	candidate		storyboard
048-02	v08	assets/art/panels/048-02/v08-storyboard-svg.svg	storyboard-svg		1200	800	27960	2026-09-13T01:34:48+00:00	candidate		storyboard
048-03	v01	assets/art/panels/048-03/v01-storyboard-svg.svg	storyboard-svg		1200	800	6597	2026-09-07T16:49:13+00:00	candidate		storyboard
048-03	v02	assets/art/panels/048-03/v02-storyboard-svg.svg	storyboard-svg		1200	800	7322	2026-09-07T16:55:19+00:00	candidate		storyboard
048-03	v03	assets/art/panels/048-03/v03-storyboard-svg.svg	storyboard-svg		1200	800	7850	2026-09-12T21:18:27+00:00	candidate		storyboard
048-03	v04	assets/art/panels/048-03/v04-storyboard-svg.svg	storyboard-svg		1200	800	16076	2026-09-12T23:01:00+00:00	candidate		storyboard
048-03	v05	assets/art/panels/048-03/v05-storyboard-svg.svg	storyboard-svg		1200	800	16177	2026-09-12T23:55:11+00:00	candidate		storyboard
048-03	v06	assets/art/panels/048-03/v06-storyboard-svg.svg	storyboard-svg		1200	800	19409	2026-09-13T00:10:06+00:00	candidate		storyboard
048-03	v07	assets/art/panels/048-03/v07-storyboard-svg.svg	storyboard-svg		1200	800	29148	2026-09-13T00:25:41+00:00	candidate		storyboard
048-03	v08	assets/art/panels/048-03/v08-storyboard-svg.svg	storyboard-svg		1200	800	30219	2026-09-13T01:34:48+00:00	candidate		storyboard
048-04	v01	assets/art/panels/048-04/v01-storyboard-svg.svg	storyboard-svg		1200	800	7408	2026-09-07T16:49:13+00:00	candidate		storyboard
048-04	v02	assets/art/panels/048-04/v02-storyboard-svg.svg	storyboard-svg		1200	800	7416	2026-09-07T16:55:19+00:00	candidate		storyboard
048-04	v03	assets/art/panels/048-04/v03-storyboard-svg.svg	storyboard-svg		1200	800	8227	2026-09-12T21:18:27+00:00	candidate		storyboard
048-04	v04	assets/art/panels/048-04/v04-storyboard-svg.svg	storyboard-svg		1200	800	33244	2026-09-12T23:01:00+00:00	candidate		storyboard
048-04	v05	assets/art/panels/048-04/v05-storyboard-svg.svg	storyboard-svg		1200	800	33290	2026-09-12T23:55:11+00:00	candidate		storyboard
048-04	v06	assets/art/panels/048-04/v06-storyboard-svg.svg	storyboard-svg		1200	800	34297	2026-09-13T00:10:06+00:00	candidate		storyboard
048-04	v07	assets/art/panels/048-04/v07-storyboard-svg.svg	storyboard-svg		1200	800	37547	2026-09-13T00:25:41+00:00	candidate		storyboard
048-04	v08	assets/art/panels/048-04/v08-storyboard-svg.svg	storyboard-svg		1200	800	37572	2026-09-13T01:34:48+00:00	candidate		storyboard
048-05	v01	assets/art/panels/048-05/v01-storyboard-svg.svg	storyboard-svg		1200	800	5259	2026-09-07T16:49:13+00:00	candidate		storyboard
048-05	v02	assets/art/panels/048-05/v02-storyboard-svg.svg	storyboard-svg		1200	800	5341	2026-09-07T17:01:44+00:00	candidate		storyboard
048-05	v03	assets/art/panels/048-05/v03-storyboard-svg.svg	storyboard-svg		1200	800	5649	2026-09-12T21:18:27+00:00	candidate		storyboard
048-05	v04	assets/art/panels/048-05/v04-storyboard-svg.svg	storyboard-svg		1200	800	24259	2026-09-12T23:01:00+00:00	candidate		storyboard
048-05	v05	assets/art/panels/048-05/v05-storyboard-svg.svg	storyboard-svg		1200	800	24360	2026-09-12T23:55:11+00:00	candidate		storyboard
048-05	v06	assets/art/panels/048-05/v06-storyboard-svg.svg	storyboard-svg		1200	800	27592	2026-09-13T00:10:06+00:00	candidate		storyboard
048-05	v07	assets/art/panels/048-05/v07-storyboard-svg.svg	storyboard-svg		1200	800	37331	2026-09-13T00:25:41+00:00	candidate		storyboard
048-05	v08	assets/art/panels/048-05/v08-storyboard-svg.svg	storyboard-svg		1200	800	37356	2026-09-13T01:34:48+00:00	candidate		storyboard
049-01	v01	assets/art/panels/049-01/v01-storyboard-svg.svg	storyboard-svg		1200	800	4906	2026-09-07T16:49:13+00:00	candidate		storyboard
049-01	v02	assets/art/panels/049-01/v02-storyboard-svg.svg	storyboard-svg		1200	800	5409	2026-09-07T16:55:19+00:00	candidate		storyboard
049-01	v03	assets/art/panels/049-01/v03-storyboard-svg.svg	storyboard-svg		1200	800	5491	2026-09-07T17:01:44+00:00	candidate		storyboard
049-01	v04	assets/art/panels/049-01/v04-storyboard-svg.svg	storyboard-svg		1200	800	5803	2026-09-12T21:18:27+00:00	candidate		storyboard
049-01	v05	assets/art/panels/049-01/v05-storyboard-svg.svg	storyboard-svg		1200	800	10322	2026-09-12T23:01:00+00:00	candidate		storyboard
049-01	v06	assets/art/panels/049-01/v06-storyboard-svg.svg	storyboard-svg		1200	800	10362	2026-09-12T23:55:11+00:00	candidate		storyboard
049-01	v07	assets/art/panels/049-01/v07-storyboard-svg.svg	storyboard-svg		1200	800	11361	2026-09-13T00:10:06+00:00	candidate		storyboard
049-01	v08	assets/art/panels/049-01/v08-storyboard-svg.svg	storyboard-svg		1200	800	14484	2026-09-13T00:25:41+00:00	candidate		storyboard
049-01	v09	assets/art/panels/049-01/v09-storyboard-svg.svg	storyboard-svg		1200	800	15056	2026-09-13T01:34:48+00:00	candidate		storyboard
049-02	v01	assets/art/panels/049-02/v01-storyboard-svg.svg	storyboard-svg		1200	800	4766	2026-09-07T16:49:13+00:00	candidate		storyboard
049-02	v02	assets/art/panels/049-02/v02-storyboard-svg.svg	storyboard-svg		1200	800	5134	2026-09-07T16:55:19+00:00	candidate		storyboard
049-02	v03	assets/art/panels/049-02/v03-storyboard-svg.svg	storyboard-svg		1200	800	7049	2026-09-12T21:18:27+00:00	candidate		storyboard
049-02	v04	assets/art/panels/049-02/v04-storyboard-svg.svg	storyboard-svg		1200	800	12529	2026-09-12T23:01:00+00:00	candidate		storyboard
049-02	v05	assets/art/panels/049-02/v05-storyboard-svg.svg	storyboard-svg		1200	800	12603	2026-09-12T23:55:11+00:00	candidate		storyboard
049-02	v06	assets/art/panels/049-02/v06-storyboard-svg.svg	storyboard-svg		1200	800	14678	2026-09-13T00:10:06+00:00	candidate		storyboard
049-02	v07	assets/art/panels/049-02/v07-storyboard-svg.svg	storyboard-svg		1200	800	21000	2026-09-13T00:25:41+00:00	candidate		storyboard
049-02	v08	assets/art/panels/049-02/v08-storyboard-svg.svg	storyboard-svg		1200	800	21574	2026-09-13T01:34:48+00:00	candidate		storyboard
049-03	v01	assets/art/panels/049-03/v01-storyboard-svg.svg	storyboard-svg		1200	800	5600	2026-09-07T16:49:13+00:00	candidate		storyboard
049-03	v02	assets/art/panels/049-03/v02-storyboard-svg.svg	storyboard-svg		1200	800	5968	2026-09-07T16:55:19+00:00	candidate		storyboard
049-03	v03	assets/art/panels/049-03/v03-storyboard-svg.svg	storyboard-svg		1200	800	6500	2026-09-12T21:18:27+00:00	candidate		storyboard
049-03	v04	assets/art/panels/049-03/v04-storyboard-svg.svg	storyboard-svg		1200	800	11385	2026-09-12T23:01:00+00:00	candidate		storyboard
049-03	v05	assets/art/panels/049-03/v05-storyboard-svg.svg	storyboard-svg		1200	800	11486	2026-09-12T23:55:11+00:00	candidate		storyboard
049-03	v06	assets/art/panels/049-03/v06-storyboard-svg.svg	storyboard-svg		1200	800	14682	2026-09-13T00:10:06+00:00	candidate		storyboard
049-03	v07	assets/art/panels/049-03/v07-storyboard-svg.svg	storyboard-svg		1200	800	24486	2026-09-13T00:25:41+00:00	candidate		storyboard
049-03	v08	assets/art/panels/049-03/v08-storyboard-svg.svg	storyboard-svg		1200	800	25121	2026-09-13T01:34:48+00:00	candidate		storyboard
049-04	v01	assets/art/panels/049-04/v01-storyboard-svg.svg	storyboard-svg		1200	800	6546	2026-09-07T16:49:13+00:00	candidate		storyboard
049-04	v02	assets/art/panels/049-04/v02-storyboard-svg.svg	storyboard-svg		1200	800	7102	2026-09-07T16:55:20+00:00	candidate		storyboard
049-04	v03	assets/art/panels/049-04/v03-storyboard-svg.svg	storyboard-svg		1200	800	8439	2026-09-12T21:18:27+00:00	candidate		storyboard
049-04	v04	assets/art/panels/049-04/v04-storyboard-svg.svg	storyboard-svg		1200	800	12857	2026-09-12T23:01:00+00:00	candidate		storyboard
049-04	v05	assets/art/panels/049-04/v05-storyboard-svg.svg	storyboard-svg		1200	800	12960	2026-09-12T23:55:11+00:00	candidate		storyboard
049-04	v06	assets/art/panels/049-04/v06-storyboard-svg.svg	storyboard-svg		1200	800	16132	2026-09-13T00:10:06+00:00	candidate		storyboard
049-04	v07	assets/art/panels/049-04/v07-storyboard-svg.svg	storyboard-svg		1200	800	25869	2026-09-13T00:25:41+00:00	candidate		storyboard
049-04	v08	assets/art/panels/049-04/v08-storyboard-svg.svg	storyboard-svg		1200	800	26626	2026-09-13T01:34:48+00:00	candidate		storyboard
049-05	v01	assets/art/panels/049-05/v01-storyboard-svg.svg	storyboard-svg		1200	800	9439	2026-09-07T16:49:13+00:00	candidate		storyboard
049-05	v02	assets/art/panels/049-05/v02-storyboard-svg.svg	storyboard-svg		1200	800	10275	2026-09-07T16:55:20+00:00	candidate		storyboard
049-05	v03	assets/art/panels/049-05/v03-storyboard-svg.svg	storyboard-svg		1200	800	10788	2026-09-12T21:18:27+00:00	candidate		storyboard
049-05	v04	assets/art/panels/049-05/v04-storyboard-svg.svg	storyboard-svg		1200	800	18727	2026-09-12T23:01:00+00:00	candidate		storyboard
049-05	v05	assets/art/panels/049-05/v05-storyboard-svg.svg	storyboard-svg		1200	800	18854	2026-09-12T23:55:11+00:00	candidate		storyboard
049-05	v06	assets/art/panels/049-05/v06-storyboard-svg.svg	storyboard-svg		1200	800	23187	2026-09-13T00:10:06+00:00	candidate		storyboard
049-05	v07	assets/art/panels/049-05/v07-storyboard-svg.svg	storyboard-svg		1200	800	36391	2026-09-13T00:25:41+00:00	candidate		storyboard
049-05	v08	assets/art/panels/049-05/v08-storyboard-svg.svg	storyboard-svg		1200	800	37593	2026-09-13T01:34:48+00:00	candidate		storyboard
050-01	v01	assets/art/panels/050-01/v01-storyboard-svg.svg	storyboard-svg		1200	800	4634	2026-09-07T16:49:13+00:00	candidate		storyboard
050-01	v02	assets/art/panels/050-01/v02-storyboard-svg.svg	storyboard-svg		1200	800	5039	2026-09-07T16:55:20+00:00	candidate		storyboard
050-01	v03	assets/art/panels/050-01/v03-storyboard-svg.svg	storyboard-svg		1200	800	5439	2026-09-12T21:18:27+00:00	candidate		storyboard
050-01	v04	assets/art/panels/050-01/v04-storyboard-svg.svg	storyboard-svg		1200	800	9736	2026-09-12T23:01:00+00:00	candidate		storyboard
050-01	v05	assets/art/panels/050-01/v05-storyboard-svg.svg	storyboard-svg		1200	800	9823	2026-09-12T23:55:11+00:00	candidate		storyboard
050-01	v06	assets/art/panels/050-01/v06-storyboard-svg.svg	storyboard-svg		1200	800	12002	2026-09-13T00:10:06+00:00	candidate		storyboard
050-01	v07	assets/art/panels/050-01/v07-storyboard-svg.svg	storyboard-svg		1200	800	18467	2026-09-13T00:25:41+00:00	candidate		storyboard
050-01	v08	assets/art/panels/050-01/v08-storyboard-svg.svg	storyboard-svg		1200	800	19124	2026-09-13T01:34:48+00:00	candidate		storyboard
050-02	v01	assets/art/panels/050-02/v01-storyboard-svg.svg	storyboard-svg		1200	800	4169	2026-09-07T16:49:14+00:00	candidate		storyboard
050-02	v02	assets/art/panels/050-02/v02-storyboard-svg.svg	storyboard-svg		1200	800	4537	2026-09-07T16:55:20+00:00	candidate		storyboard
050-02	v03	assets/art/panels/050-02/v03-storyboard-svg.svg	storyboard-svg		1200	800	5018	2026-09-12T21:18:27+00:00	candidate		storyboard
050-02	v04	assets/art/panels/050-02/v04-storyboard-svg.svg	storyboard-svg		1200	800	7298	2026-09-12T23:01:00+00:00	candidate		storyboard
050-02	v05	assets/art/panels/050-02/v05-storyboard-svg.svg	storyboard-svg		1200	800	7345	2026-09-12T23:55:11+00:00	candidate		storyboard
050-02	v06	assets/art/panels/050-02/v06-storyboard-svg.svg	storyboard-svg		1200	800	8416	2026-09-13T00:10:06+00:00	candidate		storyboard
050-02	v07	assets/art/panels/050-02/v07-storyboard-svg.svg	storyboard-svg		1200	800	11597	2026-09-13T00:25:41+00:00	candidate		storyboard
050-02	v08	assets/art/panels/050-02/v08-storyboard-svg.svg	storyboard-svg		1200	800	12171	2026-09-13T01:34:48+00:00	candidate		storyboard
050-03	v01	assets/art/panels/050-03/v01-storyboard-svg.svg	storyboard-svg		1200	800	4270	2026-09-07T16:49:14+00:00	candidate		storyboard
050-03	v02	assets/art/panels/050-03/v02-storyboard-svg.svg	storyboard-svg		1200	800	4638	2026-09-07T16:55:20+00:00	candidate		storyboard
050-03	v03	assets/art/panels/050-03/v03-storyboard-svg.svg	storyboard-svg		1200	800	5101	2026-09-12T21:18:27+00:00	candidate		storyboard
050-03	v04	assets/art/panels/050-03/v04-storyboard-svg.svg	storyboard-svg		1200	800	8789	2026-09-12T23:01:00+00:00	candidate		storyboard
050-03	v05	assets/art/panels/050-03/v05-storyboard-svg.svg	storyboard-svg		1200	800	8836	2026-09-12T23:55:11+00:00	candidate		storyboard
050-03	v06	assets/art/panels/050-03/v06-storyboard-svg.svg	storyboard-svg		1200	800	9907	2026-09-13T00:10:06+00:00	candidate		storyboard
050-03	v07	assets/art/panels/050-03/v07-storyboard-svg.svg	storyboard-svg		1200	800	13088	2026-09-13T00:25:41+00:00	candidate		storyboard
050-03	v08	assets/art/panels/050-03/v08-storyboard-svg.svg	storyboard-svg		1200	800	13661	2026-09-13T01:34:48+00:00	candidate		storyboard
050-04	v01	assets/art/panels/050-04/v01-storyboard-svg.svg	storyboard-svg		1200	800	4832	2026-09-07T16:49:14+00:00	candidate		storyboard
050-04	v02	assets/art/panels/050-04/v02-storyboard-svg.svg	storyboard-svg		1200	800	4976	2026-09-07T16:55:20+00:00	candidate		storyboard
050-04	v03	assets/art/panels/050-04/v03-storyboard-svg.svg	storyboard-svg		1200	800	5331	2026-09-12T21:18:27+00:00	candidate		storyboard
050-04	v04	assets/art/panels/050-04/v04-storyboard-svg.svg	storyboard-svg		1200	800	10828	2026-09-12T23:01:00+00:00	candidate		storyboard
050-04	v05	assets/art/panels/050-04/v05-storyboard-svg.svg	storyboard-svg		1200	800	10906	2026-09-12T23:55:11+00:00	candidate		storyboard
050-04	v06	assets/art/panels/050-04/v06-storyboard-svg.svg	storyboard-svg		1200	800	13079	2026-09-13T00:10:06+00:00	candidate		storyboard
050-04	v07	assets/art/panels/050-04/v07-storyboard-svg.svg	storyboard-svg		1200	800	19437	2026-09-13T00:25:41+00:00	candidate		storyboard
050-04	v08	assets/art/panels/050-04/v08-storyboard-svg.svg	storyboard-svg		1200	800	19645	2026-09-13T01:34:48+00:00	candidate		storyboard
050-05	v01	assets/art/panels/050-05/v01-flux2-klein-4b-1001.webp	flux2-klein-4b	1001	1200	800	169400	2026-09-05T19:09:23+00:00	candidate		refined
050-05	v02	assets/art/panels/050-05/v02-flux2-klein-4b-1001.webp	flux2-klein-4b	1001	1200	800	169964	2026-09-05T20:48:19+00:00	candidate	drawn 5 Sep 2026 with the reverted conditional-register clause, not the committed one	refined
050-05	v03	assets/art/panels/050-05/v03-storyboard-svg.svg	storyboard-svg		1200	800	4275	2026-09-07T16:49:14+00:00	candidate		storyboard
050-05	v04	assets/art/panels/050-05/v04-storyboard-svg.svg	storyboard-svg		1200	800	4643	2026-09-07T16:55:20+00:00	candidate		storyboard
050-05	v05	assets/art/panels/050-05/v05-panel-fit.svg	panel-fit		1200	800	227334	2026-09-09T02:11:26+00:00	chosen	Textured off-white outer border removed; visually reviewed; original model bytes retained. 8px allowance clears irregular edges; centered 3:2 framing.	refined
050-05	v06	assets/art/panels/050-05/v06-storyboard-svg.svg	storyboard-svg		1200	800	5645	2026-09-12T21:18:27+00:00	candidate		storyboard
050-05	v07	assets/art/panels/050-05/v07-storyboard-svg.svg	storyboard-svg		1200	800	8881	2026-09-12T23:01:00+00:00	candidate		storyboard
050-05	v08	assets/art/panels/050-05/v08-storyboard-svg.svg	storyboard-svg		1200	800	10213	2026-09-12T23:30:36+00:00	candidate		storyboard
050-05	v09	assets/art/panels/050-05/v09-storyboard-svg.svg	storyboard-svg		1200	800	10253	2026-09-12T23:55:11+00:00	candidate		storyboard
050-05	v10	assets/art/panels/050-05/v10-storyboard-svg.svg	storyboard-svg		1200	800	11350	2026-09-13T00:10:06+00:00	candidate		storyboard
050-05	v11	assets/art/panels/050-05/v11-storyboard-svg.svg	storyboard-svg		1200	800	14527	2026-09-13T00:25:41+00:00	candidate		storyboard
050-05	v12	assets/art/panels/050-05/v12-storyboard-svg.svg	storyboard-svg		1200	800	15101	2026-09-13T01:34:48+00:00	candidate		storyboard
051-01	v01	assets/art/panels/051-01/v01-storyboard-svg.svg	storyboard-svg		1200	800	4355	2026-09-07T16:49:14+00:00	candidate		storyboard
051-01	v02	assets/art/panels/051-01/v02-storyboard-svg.svg	storyboard-svg		1200	800	4723	2026-09-07T16:55:20+00:00	candidate		storyboard
051-01	v03	assets/art/panels/051-01/v03-storyboard-svg.svg	storyboard-svg		1200	800	5252	2026-09-12T21:18:27+00:00	candidate		storyboard
051-01	v04	assets/art/panels/051-01/v04-storyboard-svg.svg	storyboard-svg		1200	800	9537	2026-09-12T23:01:00+00:00	candidate		storyboard
051-01	v05	assets/art/panels/051-01/v05-storyboard-svg.svg	storyboard-svg		1200	800	9573	2026-09-12T23:55:11+00:00	candidate		storyboard
051-01	v06	assets/art/panels/051-01/v06-storyboard-svg.svg	storyboard-svg		1200	800	10586	2026-09-13T00:10:06+00:00	candidate		storyboard
051-01	v07	assets/art/panels/051-01/v07-storyboard-svg.svg	storyboard-svg		1200	800	13868	2026-09-13T00:25:41+00:00	candidate		storyboard
051-01	v08	assets/art/panels/051-01/v08-storyboard-svg.svg	storyboard-svg		1200	800	14442	2026-09-13T01:34:48+00:00	candidate		storyboard
051-02	v01	assets/art/panels/051-02/v01-storyboard-svg.svg	storyboard-svg		1200	800	4373	2026-09-07T16:49:14+00:00	candidate		storyboard
051-02	v02	assets/art/panels/051-02/v02-storyboard-svg.svg	storyboard-svg		1200	800	4757	2026-09-07T16:55:20+00:00	candidate		storyboard
051-02	v03	assets/art/panels/051-02/v03-storyboard-svg.svg	storyboard-svg		1200	800	5122	2026-09-12T21:18:27+00:00	candidate		storyboard
051-02	v04	assets/art/panels/051-02/v04-storyboard-svg.svg	storyboard-svg		1200	800	9842	2026-09-12T23:01:00+00:00	candidate		storyboard
051-02	v05	assets/art/panels/051-02/v05-storyboard-svg.svg	storyboard-svg		1200	800	9878	2026-09-12T23:55:11+00:00	candidate		storyboard
051-02	v06	assets/art/panels/051-02/v06-storyboard-svg.svg	storyboard-svg		1200	800	10891	2026-09-13T00:10:06+00:00	candidate		storyboard
051-02	v07	assets/art/panels/051-02/v07-storyboard-svg.svg	storyboard-svg		1200	800	14173	2026-09-13T00:25:41+00:00	candidate		storyboard
051-02	v08	assets/art/panels/051-02/v08-storyboard-svg.svg	storyboard-svg		1200	800	14722	2026-09-13T01:34:48+00:00	candidate		storyboard
051-03	v01	assets/art/panels/051-03/v01-storyboard-svg.svg	storyboard-svg		1200	800	2694	2026-09-07T16:49:14+00:00	candidate		storyboard
051-03	v02	assets/art/panels/051-03/v02-storyboard-svg.svg	storyboard-svg		1200	800	2823	2026-09-07T16:55:21+00:00	candidate		storyboard
051-03	v03	assets/art/panels/051-03/v03-storyboard-svg.svg	storyboard-svg		1200	800	3220	2026-09-12T21:18:27+00:00	candidate		storyboard
051-03	v04	assets/art/panels/051-03/v04-storyboard-svg.svg	storyboard-svg		1200	800	4947	2026-09-12T23:01:00+00:00	candidate		storyboard
051-03	v05	assets/art/panels/051-03/v05-storyboard-svg.svg	storyboard-svg		1200	800	4983	2026-09-12T23:55:11+00:00	candidate		storyboard
051-03	v06	assets/art/panels/051-03/v06-storyboard-svg.svg	storyboard-svg		1200	800	5996	2026-09-13T00:10:06+00:00	candidate		storyboard
051-03	v07	assets/art/panels/051-03/v07-storyboard-svg.svg	storyboard-svg		1200	800	9278	2026-09-13T00:25:41+00:00	candidate		storyboard
051-03	v08	assets/art/panels/051-03/v08-storyboard-svg.svg	storyboard-svg		1200	800	9461	2026-09-13T01:34:48+00:00	candidate		storyboard
051-04	v01	assets/art/panels/051-04/v01-storyboard-svg.svg	storyboard-svg		1200	800	4251	2026-09-07T16:49:14+00:00	candidate		storyboard
051-04	v02	assets/art/panels/051-04/v02-storyboard-svg.svg	storyboard-svg		1200	800	4635	2026-09-07T16:55:21+00:00	candidate		storyboard
051-04	v03	assets/art/panels/051-04/v03-storyboard-svg.svg	storyboard-svg		1200	800	5063	2026-09-12T21:18:27+00:00	candidate		storyboard
051-04	v04	assets/art/panels/051-04/v04-storyboard-svg.svg	storyboard-svg		1200	800	8038	2026-09-12T23:01:00+00:00	candidate		storyboard
051-04	v05	assets/art/panels/051-04/v05-storyboard-svg.svg	storyboard-svg		1200	800	8074	2026-09-12T23:55:11+00:00	candidate		storyboard
051-04	v06	assets/art/panels/051-04/v06-storyboard-svg.svg	storyboard-svg		1200	800	9087	2026-09-13T00:10:06+00:00	candidate		storyboard
051-04	v07	assets/art/panels/051-04/v07-storyboard-svg.svg	storyboard-svg		1200	800	12369	2026-09-13T00:25:41+00:00	candidate		storyboard
051-04	v08	assets/art/panels/051-04/v08-storyboard-svg.svg	storyboard-svg		1200	800	12918	2026-09-13T01:34:48+00:00	candidate		storyboard
051-05	v01	assets/art/panels/051-05/v01-storyboard-svg.svg	storyboard-svg		1200	800	5317	2026-09-07T16:49:14+00:00	candidate		storyboard
051-05	v02	assets/art/panels/051-05/v02-storyboard-svg.svg	storyboard-svg		1200	800	5778	2026-09-07T16:55:21+00:00	candidate		storyboard
051-05	v03	assets/art/panels/051-05/v03-storyboard-svg.svg	storyboard-svg		1200	800	6851	2026-09-12T21:18:27+00:00	candidate		storyboard
051-05	v04	assets/art/panels/051-05/v04-storyboard-svg.svg	storyboard-svg		1200	800	10773	2026-09-12T23:01:00+00:00	candidate		storyboard
051-05	v05	assets/art/panels/051-05/v05-storyboard-svg.svg	storyboard-svg		1200	800	10819	2026-09-12T23:55:11+00:00	candidate		storyboard
051-05	v06	assets/art/panels/051-05/v06-storyboard-svg.svg	storyboard-svg		1200	800	11886	2026-09-13T00:10:06+00:00	candidate		storyboard
051-05	v07	assets/art/panels/051-05/v07-storyboard-svg.svg	storyboard-svg		1200	800	15029	2026-09-13T00:25:41+00:00	candidate		storyboard
051-05	v08	assets/art/panels/051-05/v08-storyboard-svg.svg	storyboard-svg		1200	800	15602	2026-09-13T01:34:48+00:00	candidate		storyboard
052-01	v01	assets/art/panels/052-01/v01-storyboard-svg.svg	storyboard-svg		1200	800	3887	2026-09-07T16:49:14+00:00	candidate		storyboard
052-01	v02	assets/art/panels/052-01/v02-storyboard-svg.svg	storyboard-svg		1200	800	4133	2026-09-07T16:55:21+00:00	candidate		storyboard
052-01	v03	assets/art/panels/052-01/v03-storyboard-svg.svg	storyboard-svg		1200	800	5118	2026-09-12T21:18:27+00:00	candidate		storyboard
052-01	v04	assets/art/panels/052-01/v04-storyboard-svg.svg	storyboard-svg		1200	800	8504	2026-09-12T23:01:00+00:00	candidate		storyboard
052-01	v05	assets/art/panels/052-01/v05-storyboard-svg.svg	storyboard-svg		1200	800	8570	2026-09-12T23:55:11+00:00	candidate		storyboard
052-01	v06	assets/art/panels/052-01/v06-storyboard-svg.svg	storyboard-svg		1200	800	10649	2026-09-13T00:10:06+00:00	candidate		storyboard
052-01	v07	assets/art/panels/052-01/v07-storyboard-svg.svg	storyboard-svg		1200	800	17169	2026-09-13T00:25:41+00:00	candidate		storyboard
052-01	v08	assets/art/panels/052-01/v08-storyboard-svg.svg	storyboard-svg		1200	800	17560	2026-09-13T01:34:48+00:00	candidate		storyboard
052-02	v01	assets/art/panels/052-02/v01-storyboard-svg.svg	storyboard-svg		1200	800	5064	2026-09-07T16:49:14+00:00	candidate		storyboard
052-02	v02	assets/art/panels/052-02/v02-storyboard-svg.svg	storyboard-svg		1200	800	5332	2026-09-07T16:55:21+00:00	candidate		storyboard
052-02	v03	assets/art/panels/052-02/v03-storyboard-svg.svg	storyboard-svg		1200	800	5708	2026-09-12T21:18:27+00:00	candidate		storyboard
052-02	v04	assets/art/panels/052-02/v04-storyboard-svg.svg	storyboard-svg		1200	800	12004	2026-09-12T23:01:00+00:00	candidate		storyboard
052-02	v05	assets/art/panels/052-02/v05-storyboard-svg.svg	storyboard-svg		1200	800	12050	2026-09-12T23:55:11+00:00	candidate		storyboard
052-02	v06	assets/art/panels/052-02/v06-storyboard-svg.svg	storyboard-svg		1200	800	13117	2026-09-13T00:10:06+00:00	candidate		storyboard
052-02	v07	assets/art/panels/052-02/v07-storyboard-svg.svg	storyboard-svg		1200	800	16260	2026-09-13T00:25:41+00:00	candidate		storyboard
052-02	v08	assets/art/panels/052-02/v08-storyboard-svg.svg	storyboard-svg		1200	800	16651	2026-09-13T01:34:48+00:00	candidate		storyboard
052-03	v01	assets/art/panels/052-03/v01-storyboard-svg.svg	storyboard-svg		1200	800	5275	2026-09-07T16:49:14+00:00	candidate		storyboard
052-03	v02	assets/art/panels/052-03/v02-storyboard-svg.svg	storyboard-svg		1200	800	5684	2026-09-07T16:55:21+00:00	candidate		storyboard
052-03	v03	assets/art/panels/052-03/v03-storyboard-svg.svg	storyboard-svg		1200	800	6124	2026-09-12T21:18:27+00:00	candidate		storyboard
052-03	v04	assets/art/panels/052-03/v04-storyboard-svg.svg	storyboard-svg		1200	800	12274	2026-09-12T23:01:00+00:00	candidate		storyboard
052-03	v05	assets/art/panels/052-03/v05-storyboard-svg.svg	storyboard-svg		1200	800	12323	2026-09-12T23:55:11+00:00	candidate		storyboard
052-03	v06	assets/art/panels/052-03/v06-storyboard-svg.svg	storyboard-svg		1200	800	13426	2026-09-13T00:10:06+00:00	candidate		storyboard
052-03	v07	assets/art/panels/052-03/v07-storyboard-svg.svg	storyboard-svg		1200	800	16710	2026-09-13T00:25:41+00:00	candidate		storyboard
052-03	v08	assets/art/panels/052-03/v08-storyboard-svg.svg	storyboard-svg		1200	800	17284	2026-09-13T01:34:48+00:00	candidate		storyboard
052-04	v01	assets/art/panels/052-04/v01-storyboard-svg.svg	storyboard-svg		1200	800	9594	2026-09-07T16:49:14+00:00	candidate		storyboard
052-04	v02	assets/art/panels/052-04/v02-storyboard-svg.svg	storyboard-svg		1200	800	10144	2026-09-07T16:55:21+00:00	candidate		storyboard
052-04	v03	assets/art/panels/052-04/v03-storyboard-svg.svg	storyboard-svg		1200	800	10515	2026-09-12T21:18:27+00:00	candidate		storyboard
052-04	v04	assets/art/panels/052-04/v04-storyboard-svg.svg	storyboard-svg		1200	800	19405	2026-09-12T23:01:00+00:00	candidate		storyboard
052-04	v05	assets/art/panels/052-04/v05-storyboard-svg.svg	storyboard-svg		1200	800	19142	2026-09-12T23:15:36+00:00	candidate		storyboard
052-04	v06	assets/art/panels/052-04/v06-storyboard-svg.svg	storyboard-svg		1200	800	19788	2026-09-12T23:30:36+00:00	candidate		storyboard
052-04	v07	assets/art/panels/052-04/v07-storyboard-svg.svg	storyboard-svg		1200	800	19834	2026-09-12T23:55:11+00:00	candidate		storyboard
052-04	v08	assets/art/panels/052-04/v08-storyboard-svg.svg	storyboard-svg		1200	800	20901	2026-09-13T00:10:06+00:00	candidate		storyboard
052-04	v09	assets/art/panels/052-04/v09-storyboard-svg.svg	storyboard-svg		1200	800	24044	2026-09-13T00:25:41+00:00	candidate		storyboard
052-04	v10	assets/art/panels/052-04/v10-storyboard-svg.svg	storyboard-svg		1200	800	24798	2026-09-13T01:34:48+00:00	candidate		storyboard
052-05	v01	assets/art/panels/052-05/v01-storyboard-svg.svg	storyboard-svg		1200	800	5802	2026-09-07T16:49:14+00:00	candidate		storyboard
052-05	v02	assets/art/panels/052-05/v02-storyboard-svg.svg	storyboard-svg		1200	800	6446	2026-09-07T16:55:21+00:00	candidate		storyboard
052-05	v03	assets/art/panels/052-05/v03-storyboard-svg.svg	storyboard-svg		1200	800	6794	2026-09-12T21:18:27+00:00	candidate		storyboard
052-05	v04	assets/art/panels/052-05/v04-storyboard-svg.svg	storyboard-svg		1200	800	8751	2026-09-12T23:01:00+00:00	candidate		storyboard
052-05	v05	assets/art/panels/052-05/v05-storyboard-svg.svg	storyboard-svg		1200	800	7894	2026-09-12T23:15:36+00:00	candidate		storyboard
052-05	v06	assets/art/panels/052-05/v06-storyboard-svg.svg	storyboard-svg		1200	800	7881	2026-09-12T23:17:50+00:00	candidate		storyboard
052-05	v07	assets/art/panels/052-05/v07-storyboard-svg.svg	storyboard-svg		1200	800	7927	2026-09-12T23:55:11+00:00	candidate		storyboard
052-05	v08	assets/art/panels/052-05/v08-storyboard-svg.svg	storyboard-svg		1200	800	8934	2026-09-13T00:10:06+00:00	candidate		storyboard
052-05	v09	assets/art/panels/052-05/v09-storyboard-svg.svg	storyboard-svg		1200	800	12184	2026-09-13T00:25:41+00:00	candidate		storyboard
052-05	v10	assets/art/panels/052-05/v10-storyboard-svg.svg	storyboard-svg		1200	800	13073	2026-09-13T01:34:48+00:00	candidate		storyboard
052-06	v01	assets/art/panels/052-06/v01-storyboard-svg.svg	storyboard-svg		1200	800	10579	2026-09-07T16:49:14+00:00	candidate		storyboard
052-06	v02	assets/art/panels/052-06/v02-storyboard-svg.svg	storyboard-svg		1200	800	11236	2026-09-07T16:55:21+00:00	candidate		storyboard
052-06	v03	assets/art/panels/052-06/v03-storyboard-svg.svg	storyboard-svg		1200	800	11624	2026-09-12T21:18:27+00:00	candidate		storyboard
052-06	v04	assets/art/panels/052-06/v04-storyboard-svg.svg	storyboard-svg		1200	800	21426	2026-09-12T23:01:00+00:00	candidate		storyboard
052-06	v05	assets/art/panels/052-06/v05-storyboard-svg.svg	storyboard-svg		1200	800	22039	2026-09-12T23:30:36+00:00	candidate		storyboard
052-06	v06	assets/art/panels/052-06/v06-storyboard-svg.svg	storyboard-svg		1200	800	22145	2026-09-12T23:55:11+00:00	candidate		storyboard
052-06	v07	assets/art/panels/052-06/v07-storyboard-svg.svg	storyboard-svg		1200	800	25301	2026-09-13T00:10:06+00:00	candidate		storyboard
052-06	v08	assets/art/panels/052-06/v08-storyboard-svg.svg	storyboard-svg		1200	800	34766	2026-09-13T00:25:41+00:00	candidate		storyboard
052-06	v09	assets/art/panels/052-06/v09-storyboard-svg.svg	storyboard-svg		1200	800	35702	2026-09-13T01:34:48+00:00	candidate		storyboard
053-01	v01	assets/art/panels/053-01/v01-storyboard-svg.svg	storyboard-svg		1200	800	7316	2026-09-07T16:49:14+00:00	candidate		storyboard
053-01	v02	assets/art/panels/053-01/v02-storyboard-svg.svg	storyboard-svg		1200	800	7816	2026-09-07T16:55:22+00:00	candidate		storyboard
053-01	v03	assets/art/panels/053-01/v03-storyboard-svg.svg	storyboard-svg		1200	800	8286	2026-09-12T21:18:27+00:00	candidate		storyboard
053-01	v04	assets/art/panels/053-01/v04-storyboard-svg.svg	storyboard-svg		1200	800	8943	2026-09-12T22:35:06+00:00	candidate		storyboard
053-01	v05	assets/art/panels/053-01/v05-storyboard-svg.svg	storyboard-svg		1200	800	15548	2026-09-12T23:01:00+00:00	candidate		storyboard
053-01	v06	assets/art/panels/053-01/v06-storyboard-svg.svg	storyboard-svg		1200	800	15586	2026-09-12T23:55:11+00:00	candidate		storyboard
053-01	v07	assets/art/panels/053-01/v07-storyboard-svg.svg	storyboard-svg		1200	800	16134	2026-09-13T01:34:48+00:00	candidate		storyboard
053-02	v01	assets/art/panels/053-02/v01-storyboard-svg.svg	storyboard-svg		1200	800	3918	2026-09-07T16:49:14+00:00	candidate		storyboard
053-02	v02	assets/art/panels/053-02/v02-storyboard-svg.svg	storyboard-svg		1200	800	4164	2026-09-07T16:55:22+00:00	candidate		storyboard
053-02	v03	assets/art/panels/053-02/v03-storyboard-svg.svg	storyboard-svg		1200	800	5218	2026-09-12T21:18:27+00:00	candidate		storyboard
053-02	v04	assets/art/panels/053-02/v04-storyboard-svg.svg	storyboard-svg		1200	800	8865	2026-09-12T23:01:00+00:00	candidate		storyboard
053-02	v05	assets/art/panels/053-02/v05-storyboard-svg.svg	storyboard-svg		1200	800	8903	2026-09-12T23:55:11+00:00	candidate		storyboard
053-02	v06	assets/art/panels/053-02/v06-storyboard-svg.svg	storyboard-svg		1200	800	9962	2026-09-13T00:10:06+00:00	candidate		storyboard
053-02	v07	assets/art/panels/053-02/v07-storyboard-svg.svg	storyboard-svg		1200	800	13493	2026-09-13T00:25:41+00:00	candidate		storyboard
053-02	v08	assets/art/panels/053-02/v08-storyboard-svg.svg	storyboard-svg		1200	800	13879	2026-09-13T01:34:48+00:00	candidate		storyboard
053-03	v01	assets/art/panels/053-03/v01-storyboard-svg.svg	storyboard-svg		1200	800	5195	2026-09-07T16:49:14+00:00	candidate		storyboard
053-03	v02	assets/art/panels/053-03/v02-storyboard-svg.svg	storyboard-svg		1200	800	5592	2026-09-07T16:55:22+00:00	candidate		storyboard
053-03	v03	assets/art/panels/053-03/v03-storyboard-svg.svg	storyboard-svg		1200	800	5992	2026-09-12T21:18:27+00:00	candidate		storyboard
053-03	v04	assets/art/panels/053-03/v04-storyboard-svg.svg	storyboard-svg		1200	800	12760	2026-09-12T23:01:00+00:00	candidate		storyboard
053-03	v05	assets/art/panels/053-03/v05-storyboard-svg.svg	storyboard-svg		1200	800	12798	2026-09-12T23:55:11+00:00	candidate		storyboard
053-03	v06	assets/art/panels/053-03/v06-storyboard-svg.svg	storyboard-svg		1200	800	13857	2026-09-13T00:10:06+00:00	candidate		storyboard
053-03	v07	assets/art/panels/053-03/v07-storyboard-svg.svg	storyboard-svg		1200	800	17388	2026-09-13T00:25:41+00:00	candidate		storyboard
053-03	v08	assets/art/panels/053-03/v08-storyboard-svg.svg	storyboard-svg		1200	800	17957	2026-09-13T01:34:48+00:00	candidate		storyboard
053-04	v01	assets/art/panels/053-04/v01-storyboard-svg.svg	storyboard-svg		1200	800	4047	2026-09-07T16:49:14+00:00	candidate		storyboard
053-04	v02	assets/art/panels/053-04/v02-storyboard-svg.svg	storyboard-svg		1200	800	4415	2026-09-07T16:55:22+00:00	candidate		storyboard
053-04	v03	assets/art/panels/053-04/v03-storyboard-svg.svg	storyboard-svg		1200	800	4913	2026-09-12T21:18:27+00:00	candidate		storyboard
053-04	v04	assets/art/panels/053-04/v04-storyboard-svg.svg	storyboard-svg		1200	800	7039	2026-09-12T23:01:00+00:00	candidate		storyboard
053-04	v05	assets/art/panels/053-04/v05-storyboard-svg.svg	storyboard-svg		1200	800	7082	2026-09-12T23:55:11+00:00	candidate		storyboard
053-04	v06	assets/art/panels/053-04/v06-storyboard-svg.svg	storyboard-svg		1200	800	7649	2026-09-13T01:34:48+00:00	candidate		storyboard
053-05	v01	assets/art/panels/053-05/v01-storyboard-svg.svg	storyboard-svg		1200	800	7368	2026-09-07T16:49:15+00:00	candidate		storyboard
053-05	v02	assets/art/panels/053-05/v02-storyboard-svg.svg	storyboard-svg		1200	800	7951	2026-09-07T16:55:22+00:00	candidate		storyboard
053-05	v03	assets/art/panels/053-05/v03-storyboard-svg.svg	storyboard-svg		1200	800	9382	2026-09-12T21:18:27+00:00	candidate		storyboard
053-05	v04	assets/art/panels/053-05/v04-storyboard-svg.svg	storyboard-svg		1200	800	10039	2026-09-12T22:35:06+00:00	candidate		storyboard
053-05	v05	assets/art/panels/053-05/v05-storyboard-svg.svg	storyboard-svg		1200	800	17533	2026-09-12T23:01:00+00:00	candidate		storyboard
053-05	v06	assets/art/panels/053-05/v06-storyboard-svg.svg	storyboard-svg		1200	800	17571	2026-09-12T23:55:11+00:00	candidate		storyboard
053-05	v07	assets/art/panels/053-05/v07-storyboard-svg.svg	storyboard-svg		1200	800	18140	2026-09-13T01:34:48+00:00	candidate		storyboard
054-01	v01	assets/art/panels/054-01/v01-storyboard-svg.svg	storyboard-svg		1200	800	4406	2026-09-07T16:49:15+00:00	candidate		storyboard
054-01	v02	assets/art/panels/054-01/v02-storyboard-svg.svg	storyboard-svg		1200	800	4652	2026-09-07T16:55:22+00:00	candidate		storyboard
054-01	v03	assets/art/panels/054-01/v03-storyboard-svg.svg	storyboard-svg		1200	800	5117	2026-09-12T21:18:27+00:00	candidate		storyboard
054-01	v04	assets/art/panels/054-01/v04-storyboard-svg.svg	storyboard-svg		1200	800	9641	2026-09-12T23:01:00+00:00	candidate		storyboard
054-01	v05	assets/art/panels/054-01/v05-storyboard-svg.svg	storyboard-svg		1200	800	9710	2026-09-12T23:55:11+00:00	candidate		storyboard
054-01	v06	assets/art/panels/054-01/v06-storyboard-svg.svg	storyboard-svg		1200	800	10101	2026-09-13T01:34:48+00:00	candidate		storyboard
054-02	v01	assets/art/panels/054-02/v01-storyboard-svg.svg	storyboard-svg		1200	800	4024	2026-09-07T16:49:15+00:00	candidate		storyboard
054-02	v02	assets/art/panels/054-02/v02-storyboard-svg.svg	storyboard-svg		1200	800	4270	2026-09-07T16:55:22+00:00	candidate		storyboard
054-02	v03	assets/art/panels/054-02/v03-storyboard-svg.svg	storyboard-svg		1200	800	4779	2026-09-12T21:18:27+00:00	candidate		storyboard
054-02	v04	assets/art/panels/054-02/v04-storyboard-svg.svg	storyboard-svg		1200	800	9293	2026-09-12T23:01:00+00:00	candidate		storyboard
054-02	v05	assets/art/panels/054-02/v05-storyboard-svg.svg	storyboard-svg		1200	800	9367	2026-09-12T23:55:11+00:00	candidate		storyboard
054-02	v06	assets/art/panels/054-02/v06-storyboard-svg.svg	storyboard-svg		1200	800	9758	2026-09-13T01:34:48+00:00	candidate		storyboard
054-03	v01	assets/art/panels/054-03/v01-storyboard-svg.svg	storyboard-svg		1200	800	4006	2026-09-07T16:49:15+00:00	candidate		storyboard
054-03	v02	assets/art/panels/054-03/v02-storyboard-svg.svg	storyboard-svg		1200	800	4252	2026-09-07T16:55:22+00:00	candidate		storyboard
054-03	v03	assets/art/panels/054-03/v03-storyboard-svg.svg	storyboard-svg		1200	800	4730	2026-09-12T21:18:27+00:00	candidate		storyboard
054-03	v04	assets/art/panels/054-03/v04-storyboard-svg.svg	storyboard-svg		1200	800	9244	2026-09-12T23:01:00+00:00	candidate		storyboard
054-03	v05	assets/art/panels/054-03/v05-storyboard-svg.svg	storyboard-svg		1200	800	9290	2026-09-12T23:55:11+00:00	candidate		storyboard
054-03	v06	assets/art/panels/054-03/v06-storyboard-svg.svg	storyboard-svg		1200	800	9680	2026-09-13T01:34:48+00:00	candidate		storyboard
054-04	v01	assets/art/panels/054-04/v01-storyboard-svg.svg	storyboard-svg		1200	800	6702	2026-09-07T16:49:15+00:00	candidate		storyboard
054-04	v02	assets/art/panels/054-04/v02-storyboard-svg.svg	storyboard-svg		1200	800	7096	2026-09-07T16:55:23+00:00	candidate		storyboard
054-04	v03	assets/art/panels/054-04/v03-storyboard-svg.svg	storyboard-svg		1200	800	7421	2026-09-12T21:18:27+00:00	candidate		storyboard
054-04	v04	assets/art/panels/054-04/v04-storyboard-svg.svg	storyboard-svg		1200	800	27559	2026-09-12T23:01:00+00:00	candidate		storyboard
054-04	v05	assets/art/panels/054-04/v05-storyboard-svg.svg	storyboard-svg		1200	800	27633	2026-09-12T23:55:11+00:00	candidate		storyboard
054-04	v06	assets/art/panels/054-04/v06-storyboard-svg.svg	storyboard-svg		1200	800	29700	2026-09-13T00:10:06+00:00	candidate		storyboard
054-04	v07	assets/art/panels/054-04/v07-storyboard-svg.svg	storyboard-svg		1200	800	36334	2026-09-13T00:25:41+00:00	candidate		storyboard
054-04	v08	assets/art/panels/054-04/v08-storyboard-svg.svg	storyboard-svg		1200	800	36996	2026-09-13T01:34:48+00:00	candidate		storyboard
054-05	v01	assets/art/panels/054-05/v01-storyboard-svg.svg	storyboard-svg		1200	800	6569	2026-09-07T16:49:15+00:00	candidate		storyboard
054-05	v02	assets/art/panels/054-05/v02-storyboard-svg.svg	storyboard-svg		1200	800	6937	2026-09-07T16:55:23+00:00	candidate		storyboard
054-05	v03	assets/art/panels/054-05/v03-storyboard-svg.svg	storyboard-svg		1200	800	7421	2026-09-12T21:18:27+00:00	candidate		storyboard
054-05	v04	assets/art/panels/054-05/v04-storyboard-svg.svg	storyboard-svg		1200	800	28322	2026-09-12T23:01:00+00:00	candidate		storyboard
054-05	v05	assets/art/panels/054-05/v05-storyboard-svg.svg	storyboard-svg		1200	800	28396	2026-09-12T23:55:11+00:00	candidate		storyboard
054-05	v06	assets/art/panels/054-05/v06-storyboard-svg.svg	storyboard-svg		1200	800	30463	2026-09-13T00:10:06+00:00	candidate		storyboard
054-05	v07	assets/art/panels/054-05/v07-storyboard-svg.svg	storyboard-svg		1200	800	37097	2026-09-13T00:25:41+00:00	candidate		storyboard
054-05	v08	assets/art/panels/054-05/v08-storyboard-svg.svg	storyboard-svg		1200	800	37671	2026-09-13T01:34:48+00:00	candidate		storyboard
055-01	v01	assets/art/panels/055-01/v01-storyboard-svg.svg	storyboard-svg		1200	800	7164	2026-09-07T16:49:15+00:00	candidate		storyboard
055-01	v02	assets/art/panels/055-01/v02-storyboard-svg.svg	storyboard-svg		1200	800	7778	2026-09-07T16:55:23+00:00	candidate		storyboard
055-01	v03	assets/art/panels/055-01/v03-storyboard-svg.svg	storyboard-svg		1200	800	8274	2026-09-12T21:18:27+00:00	candidate		storyboard
055-01	v04	assets/art/panels/055-01/v04-storyboard-svg.svg	storyboard-svg		1200	800	17433	2026-09-12T23:01:00+00:00	candidate		storyboard
055-01	v05	assets/art/panels/055-01/v05-storyboard-svg.svg	storyboard-svg		1200	800	17170	2026-09-12T23:15:36+00:00	candidate		storyboard
055-01	v06	assets/art/panels/055-01/v06-storyboard-svg.svg	storyboard-svg		1200	800	17816	2026-09-12T23:30:36+00:00	candidate		storyboard
055-01	v07	assets/art/panels/055-01/v07-storyboard-svg.svg	storyboard-svg		1200	800	17862	2026-09-12T23:55:11+00:00	candidate		storyboard
055-01	v08	assets/art/panels/055-01/v08-storyboard-svg.svg	storyboard-svg		1200	800	18973	2026-09-13T00:10:06+00:00	candidate		storyboard
055-01	v09	assets/art/panels/055-01/v09-storyboard-svg.svg	storyboard-svg		1200	800	22176	2026-09-13T00:25:41+00:00	candidate		storyboard
055-01	v10	assets/art/panels/055-01/v10-storyboard-svg.svg	storyboard-svg		1200	800	23111	2026-09-13T01:34:48+00:00	candidate		storyboard
055-02	v01	assets/art/panels/055-02/v01-storyboard-svg.svg	storyboard-svg		1200	800	4960	2026-09-07T16:49:15+00:00	candidate		storyboard
055-02	v02	assets/art/panels/055-02/v02-storyboard-svg.svg	storyboard-svg		1200	800	5328	2026-09-07T16:55:23+00:00	candidate		storyboard
055-02	v03	assets/art/panels/055-02/v03-storyboard-svg.svg	storyboard-svg		1200	800	6325	2026-09-12T21:18:27+00:00	candidate		storyboard
055-02	v04	assets/art/panels/055-02/v04-storyboard-svg.svg	storyboard-svg		1200	800	11781	2026-09-12T23:01:00+00:00	candidate		storyboard
055-02	v05	assets/art/panels/055-02/v05-storyboard-svg.svg	storyboard-svg		1200	800	11827	2026-09-12T23:55:11+00:00	candidate		storyboard
055-02	v06	assets/art/panels/055-02/v06-storyboard-svg.svg	storyboard-svg		1200	800	12938	2026-09-13T00:10:06+00:00	candidate		storyboard
055-02	v07	assets/art/panels/055-02/v07-storyboard-svg.svg	storyboard-svg		1200	800	16141	2026-09-13T00:25:41+00:00	candidate		storyboard
055-02	v08	assets/art/panels/055-02/v08-storyboard-svg.svg	storyboard-svg		1200	800	16715	2026-09-13T01:34:48+00:00	candidate		storyboard
055-03	v01	assets/art/panels/055-03/v01-storyboard-svg.svg	storyboard-svg		1200	800	6717	2026-09-07T16:49:15+00:00	candidate		storyboard
055-03	v02	assets/art/panels/055-03/v02-storyboard-svg.svg	storyboard-svg		1200	800	7271	2026-09-07T16:55:23+00:00	candidate		storyboard
055-03	v03	assets/art/panels/055-03/v03-storyboard-svg.svg	storyboard-svg		1200	800	8668	2026-09-12T21:18:27+00:00	candidate		storyboard
055-03	v04	assets/art/panels/055-03/v04-storyboard-svg.svg	storyboard-svg		1200	800	17147	2026-09-12T23:01:00+00:00	candidate		storyboard
055-03	v05	assets/art/panels/055-03/v05-storyboard-svg.svg	storyboard-svg		1200	800	17193	2026-09-12T23:55:11+00:00	candidate		storyboard
055-03	v06	assets/art/panels/055-03/v06-storyboard-svg.svg	storyboard-svg		1200	800	18304	2026-09-13T00:10:06+00:00	candidate		storyboard
055-03	v07	assets/art/panels/055-03/v07-storyboard-svg.svg	storyboard-svg		1200	800	21507	2026-09-13T00:25:41+00:00	candidate		storyboard
055-03	v08	assets/art/panels/055-03/v08-storyboard-svg.svg	storyboard-svg		1200	800	22368	2026-09-13T01:34:48+00:00	candidate		storyboard
055-04	v01	assets/art/panels/055-04/v01-flux2-klein-4b-1001.webp	flux2-klein-4b	1001	1200	800	252420	2026-09-05T19:10:26+00:00	candidate		refined
055-04	v02	assets/art/panels/055-04/v02-storyboard-svg.svg	storyboard-svg		1200	800	9901	2026-09-07T16:49:15+00:00	candidate		storyboard
055-04	v03	assets/art/panels/055-04/v03-storyboard-svg.svg	storyboard-svg		1200	800	10737	2026-09-07T16:55:23+00:00	candidate		storyboard
055-04	v04	assets/art/panels/055-04/v04-panel-fit.svg	panel-fit		1200	800	337274	2026-09-09T02:11:27+00:00	chosen	Textured off-white outer border removed; visually reviewed; original model bytes retained. 8px allowance clears irregular edges; centered 3:2 framing.	refined
055-04	v05	assets/art/panels/055-04/v05-storyboard-svg.svg	storyboard-svg		1200	800	11262	2026-09-12T21:18:27+00:00	candidate		storyboard
055-04	v06	assets/art/panels/055-04/v06-storyboard-svg.svg	storyboard-svg		1200	800	20746	2026-09-12T23:01:00+00:00	candidate		storyboard
055-04	v07	assets/art/panels/055-04/v07-storyboard-svg.svg	storyboard-svg		1200	800	20483	2026-09-12T23:15:36+00:00	candidate		storyboard
055-04	v08	assets/art/panels/055-04/v08-storyboard-svg.svg	storyboard-svg		1200	800	21129	2026-09-12T23:30:36+00:00	candidate		storyboard
055-04	v09	assets/art/panels/055-04/v09-storyboard-svg.svg	storyboard-svg		1200	800	21175	2026-09-12T23:55:11+00:00	candidate		storyboard
055-04	v10	assets/art/panels/055-04/v10-storyboard-svg.svg	storyboard-svg		1200	800	22286	2026-09-13T00:10:06+00:00	candidate		storyboard
055-04	v11	assets/art/panels/055-04/v11-storyboard-svg.svg	storyboard-svg		1200	800	25489	2026-09-13T00:25:41+00:00	candidate		storyboard
055-04	v12	assets/art/panels/055-04/v12-storyboard-svg.svg	storyboard-svg		1200	800	26692	2026-09-13T01:34:48+00:00	candidate		storyboard
055-05	v01	assets/art/panels/055-05/v01-storyboard-svg.svg	storyboard-svg		1200	800	7626	2026-09-07T16:49:15+00:00	candidate		storyboard
055-05	v02	assets/art/panels/055-05/v02-storyboard-svg.svg	storyboard-svg		1200	800	7936	2026-09-07T16:55:23+00:00	candidate		storyboard
055-05	v03	assets/art/panels/055-05/v03-storyboard-svg.svg	storyboard-svg		1200	800	8345	2026-09-12T21:18:27+00:00	candidate		storyboard
055-05	v04	assets/art/panels/055-05/v04-storyboard-svg.svg	storyboard-svg		1200	800	9136	2026-09-12T22:35:06+00:00	candidate		storyboard
055-05	v05	assets/art/panels/055-05/v05-storyboard-svg.svg	storyboard-svg		1200	800	17429	2026-09-12T23:01:00+00:00	candidate		storyboard
055-05	v06	assets/art/panels/055-05/v06-storyboard-svg.svg	storyboard-svg		1200	800	17489	2026-09-12T23:55:11+00:00	candidate		storyboard
055-05	v07	assets/art/panels/055-05/v07-storyboard-svg.svg	storyboard-svg		1200	800	17878	2026-09-13T01:34:48+00:00	candidate		storyboard
056-01	v01	assets/art/panels/056-01/v01-storyboard-svg.svg	storyboard-svg		1200	800	2893	2026-09-07T16:49:15+00:00	candidate		storyboard
056-01	v02	assets/art/panels/056-01/v02-storyboard-svg.svg	storyboard-svg		1200	800	3022	2026-09-07T16:55:23+00:00	candidate		storyboard
056-01	v03	assets/art/panels/056-01/v03-storyboard-svg.svg	storyboard-svg		1200	800	3379	2026-09-12T21:18:27+00:00	candidate		storyboard
056-01	v04	assets/art/panels/056-01/v04-storyboard-svg.svg	storyboard-svg		1200	800	5106	2026-09-12T23:01:00+00:00	candidate		storyboard
056-01	v05	assets/art/panels/056-01/v05-storyboard-svg.svg	storyboard-svg		1200	800	5166	2026-09-12T23:55:11+00:00	candidate		storyboard
056-01	v06	assets/art/panels/056-01/v06-storyboard-svg.svg	storyboard-svg		1200	800	6373	2026-09-13T00:10:06+00:00	candidate		storyboard
056-01	v07	assets/art/panels/056-01/v07-storyboard-svg.svg	storyboard-svg		1200	800	9942	2026-09-13T00:25:41+00:00	candidate		storyboard
056-01	v08	assets/art/panels/056-01/v08-storyboard-svg.svg	storyboard-svg		1200	800	10150	2026-09-13T01:34:48+00:00	candidate		storyboard
056-02	v01	assets/art/panels/056-02/v01-storyboard-svg.svg	storyboard-svg		1200	800	3923	2026-09-07T16:49:15+00:00	candidate		storyboard
056-02	v02	assets/art/panels/056-02/v02-storyboard-svg.svg	storyboard-svg		1200	800	4169	2026-09-07T16:55:23+00:00	candidate		storyboard
056-02	v03	assets/art/panels/056-02/v03-storyboard-svg.svg	storyboard-svg		1200	800	3422	2026-09-12T21:18:27+00:00	candidate		storyboard
056-02	v04	assets/art/panels/056-02/v04-storyboard-svg.svg	storyboard-svg		1200	800	3876	2026-09-12T23:01:00+00:00	candidate		storyboard
056-02	v05	assets/art/panels/056-02/v05-storyboard-svg.svg	storyboard-svg		1200	800	5183	2026-09-12T23:30:36+00:00	candidate		storyboard
056-02	v06	assets/art/panels/056-02/v06-storyboard-svg.svg	storyboard-svg		1200	800	5229	2026-09-12T23:55:11+00:00	candidate		storyboard
056-02	v07	assets/art/panels/056-02/v07-storyboard-svg.svg	storyboard-svg		1200	800	6340	2026-09-13T00:10:06+00:00	candidate		storyboard
056-02	v08	assets/art/panels/056-02/v08-storyboard-svg.svg	storyboard-svg		1200	800	9543	2026-09-13T00:25:41+00:00	candidate		storyboard
056-02	v09	assets/art/panels/056-02/v09-storyboard-svg.svg	storyboard-svg		1200	800	9847	2026-09-13T01:34:48+00:00	candidate		storyboard
056-03	v01	assets/art/panels/056-03/v01-storyboard-svg.svg	storyboard-svg		1200	800	4582	2026-09-07T16:49:15+00:00	candidate		storyboard
056-03	v02	assets/art/panels/056-03/v02-storyboard-svg.svg	storyboard-svg		1200	800	4831	2026-09-07T16:55:24+00:00	candidate		storyboard
056-03	v03	assets/art/panels/056-03/v03-storyboard-svg.svg	storyboard-svg		1200	800	6369	2026-09-12T21:18:27+00:00	candidate		storyboard
056-03	v04	assets/art/panels/056-03/v04-storyboard-svg.svg	storyboard-svg		1200	800	10225	2026-09-12T23:01:00+00:00	candidate		storyboard
056-03	v05	assets/art/panels/056-03/v05-storyboard-svg.svg	storyboard-svg		1200	800	10271	2026-09-12T23:55:11+00:00	candidate		storyboard
056-03	v06	assets/art/panels/056-03/v06-storyboard-svg.svg	storyboard-svg		1200	800	11382	2026-09-13T00:10:06+00:00	candidate		storyboard
056-03	v07	assets/art/panels/056-03/v07-storyboard-svg.svg	storyboard-svg		1200	800	14585	2026-09-13T00:25:41+00:00	candidate		storyboard
056-03	v08	assets/art/panels/056-03/v08-storyboard-svg.svg	storyboard-svg		1200	800	15155	2026-09-13T01:34:48+00:00	candidate		storyboard
056-04	v01	assets/art/panels/056-04/v01-storyboard-svg.svg	storyboard-svg		1200	800	3293	2026-09-07T16:49:15+00:00	candidate		storyboard
056-04	v02	assets/art/panels/056-04/v02-storyboard-svg.svg	storyboard-svg		1200	800	4745	2026-09-12T21:18:27+00:00	candidate		storyboard
056-04	v03	assets/art/panels/056-04/v03-storyboard-svg.svg	storyboard-svg		1200	800	5536	2026-09-12T22:35:06+00:00	candidate		storyboard
056-04	v04	assets/art/panels/056-04/v04-storyboard-svg.svg	storyboard-svg		1200	800	11901	2026-09-12T23:01:00+00:00	candidate		storyboard
056-04	v05	assets/art/panels/056-04/v05-storyboard-svg.svg	storyboard-svg		1200	800	11961	2026-09-12T23:55:11+00:00	candidate		storyboard
056-04	v06	assets/art/panels/056-04/v06-storyboard-svg.svg	storyboard-svg		1200	800	11986	2026-09-13T01:34:48+00:00	candidate		storyboard
056-05	v01	assets/art/panels/056-05/v01-storyboard-svg.svg	storyboard-svg		1200	800	6517	2026-09-07T16:49:15+00:00	candidate		storyboard
056-05	v02	assets/art/panels/056-05/v02-storyboard-svg.svg	storyboard-svg		1200	800	6763	2026-09-07T16:55:24+00:00	candidate		storyboard
056-05	v03	assets/art/panels/056-05/v03-storyboard-svg.svg	storyboard-svg		1200	800	7263	2026-09-12T21:18:27+00:00	candidate		storyboard
056-05	v04	assets/art/panels/056-05/v04-storyboard-svg.svg	storyboard-svg		1200	800	28963	2026-09-12T23:01:00+00:00	candidate		storyboard
056-05	v05	assets/art/panels/056-05/v05-storyboard-svg.svg	storyboard-svg		1200	800	29046	2026-09-12T23:55:11+00:00	candidate		storyboard
056-05	v06	assets/art/panels/056-05/v06-storyboard-svg.svg	storyboard-svg		1200	800	31229	2026-09-13T00:10:06+00:00	candidate		storyboard
056-05	v07	assets/art/panels/056-05/v07-storyboard-svg.svg	storyboard-svg		1200	800	37575	2026-09-13T00:25:41+00:00	candidate		storyboard
056-05	v08	assets/art/panels/056-05/v08-storyboard-svg.svg	storyboard-svg		1200	800	37966	2026-09-13T01:34:48+00:00	candidate		storyboard
057-01	v01	assets/art/panels/057-01/v01-storyboard-svg.svg	storyboard-svg		1200	800	4857	2026-09-07T16:49:15+00:00	candidate		storyboard
057-01	v02	assets/art/panels/057-01/v02-storyboard-svg.svg	storyboard-svg		1200	800	5335	2026-09-07T16:55:24+00:00	candidate		storyboard
057-01	v03	assets/art/panels/057-01/v03-storyboard-svg.svg	storyboard-svg		1200	800	5417	2026-09-07T17:01:44+00:00	candidate		storyboard
057-01	v04	assets/art/panels/057-01/v04-storyboard-svg.svg	storyboard-svg		1200	800	5736	2026-09-12T21:18:27+00:00	candidate		storyboard
057-01	v05	assets/art/panels/057-01/v05-storyboard-svg.svg	storyboard-svg		1200	800	10027	2026-09-12T23:01:00+00:00	candidate		storyboard
057-01	v06	assets/art/panels/057-01/v06-storyboard-svg.svg	storyboard-svg		1200	800	10068	2026-09-12T23:55:11+00:00	candidate		storyboard
057-01	v07	assets/art/panels/057-01/v07-storyboard-svg.svg	storyboard-svg		1200	800	11211	2026-09-13T00:10:06+00:00	candidate		storyboard
057-01	v08	assets/art/panels/057-01/v08-storyboard-svg.svg	storyboard-svg		1200	800	14498	2026-09-13T00:25:41+00:00	candidate		storyboard
057-01	v09	assets/art/panels/057-01/v09-storyboard-svg.svg	storyboard-svg		1200	800	15070	2026-09-13T01:34:48+00:00	candidate		storyboard
057-02	v01	assets/art/panels/057-02/v01-storyboard-svg.svg	storyboard-svg		1200	800	3619	2026-09-07T16:49:15+00:00	candidate		storyboard
057-02	v02	assets/art/panels/057-02/v02-storyboard-svg.svg	storyboard-svg		1200	800	3766	2026-09-07T16:55:24+00:00	candidate		storyboard
057-02	v03	assets/art/panels/057-02/v03-storyboard-svg.svg	storyboard-svg		1200	800	3910	2026-09-12T21:18:27+00:00	candidate		storyboard
057-02	v04	assets/art/panels/057-02/v04-storyboard-svg.svg	storyboard-svg		1200	800	4814	2026-09-12T23:01:00+00:00	candidate		storyboard
057-02	v05	assets/art/panels/057-02/v05-storyboard-svg.svg	storyboard-svg		1200	800	4851	2026-09-12T23:55:11+00:00	candidate		storyboard
057-02	v06	assets/art/panels/057-02/v06-storyboard-svg.svg	storyboard-svg		1200	800	5902	2026-09-13T00:10:06+00:00	candidate		storyboard
057-02	v07	assets/art/panels/057-02/v07-storyboard-svg.svg	storyboard-svg		1200	800	9232	2026-09-13T00:25:41+00:00	candidate		storyboard
057-02	v08	assets/art/panels/057-02/v08-storyboard-svg.svg	storyboard-svg		1200	800	9257	2026-09-13T01:34:48+00:00	candidate		storyboard
057-03	v01	assets/art/panels/057-03/v01-storyboard-svg.svg	storyboard-svg		1200	800	4879	2026-09-07T16:49:15+00:00	candidate		storyboard
057-03	v02	assets/art/panels/057-03/v02-storyboard-svg.svg	storyboard-svg		1200	800	5283	2026-09-07T16:55:24+00:00	candidate		storyboard
057-03	v03	assets/art/panels/057-03/v03-storyboard-svg.svg	storyboard-svg		1200	800	5365	2026-09-07T17:01:44+00:00	candidate		storyboard
057-03	v04	assets/art/panels/057-03/v04-storyboard-svg.svg	storyboard-svg		1200	800	5420	2026-09-12T21:18:27+00:00	candidate		storyboard
057-03	v05	assets/art/panels/057-03/v05-storyboard-svg.svg	storyboard-svg		1200	800	10036	2026-09-12T23:01:00+00:00	candidate		storyboard
057-03	v06	assets/art/panels/057-03/v06-storyboard-svg.svg	storyboard-svg		1200	800	10077	2026-09-12T23:55:11+00:00	candidate		storyboard
057-03	v07	assets/art/panels/057-03/v07-storyboard-svg.svg	storyboard-svg		1200	800	11220	2026-09-13T00:10:06+00:00	candidate		storyboard
057-03	v08	assets/art/panels/057-03/v08-storyboard-svg.svg	storyboard-svg		1200	800	14507	2026-09-13T00:25:41+00:00	candidate		storyboard
057-03	v09	assets/art/panels/057-03/v09-storyboard-svg.svg	storyboard-svg		1200	800	15080	2026-09-13T01:34:48+00:00	candidate		storyboard
057-04	v01	assets/art/panels/057-04/v01-storyboard-svg.svg	storyboard-svg		1200	800	2718	2026-09-07T16:49:16+00:00	candidate		storyboard
057-04	v02	assets/art/panels/057-04/v02-storyboard-svg.svg	storyboard-svg		1200	800	2847	2026-09-07T16:55:24+00:00	candidate		storyboard
057-04	v03	assets/art/panels/057-04/v03-storyboard-svg.svg	storyboard-svg		1200	800	3151	2026-09-12T21:18:27+00:00	candidate		storyboard
057-04	v04	assets/art/panels/057-04/v04-storyboard-svg.svg	storyboard-svg		1200	800	4960	2026-09-12T23:01:00+00:00	candidate		storyboard
057-04	v05	assets/art/panels/057-04/v05-storyboard-svg.svg	storyboard-svg		1200	800	4997	2026-09-12T23:55:11+00:00	candidate		storyboard
057-04	v06	assets/art/panels/057-04/v06-storyboard-svg.svg	storyboard-svg		1200	800	6048	2026-09-13T00:10:06+00:00	candidate		storyboard
057-04	v07	assets/art/panels/057-04/v07-storyboard-svg.svg	storyboard-svg		1200	800	9378	2026-09-13T00:25:41+00:00	candidate		storyboard
057-04	v08	assets/art/panels/057-04/v08-storyboard-svg.svg	storyboard-svg		1200	800	9586	2026-09-13T01:34:48+00:00	candidate		storyboard
057-04	v09	assets/art/panels/057-04/v09-storyboard-svg.svg	storyboard-svg		1200	800	9587	2026-09-13T01:42:13+00:00	candidate		storyboard
057-05	v01	assets/art/panels/057-05/v01-storyboard-svg.svg	storyboard-svg		1200	800	4831	2026-09-07T16:49:16+00:00	candidate		storyboard
057-05	v02	assets/art/panels/057-05/v02-storyboard-svg.svg	storyboard-svg		1200	800	5166	2026-09-07T16:55:24+00:00	candidate		storyboard
057-05	v03	assets/art/panels/057-05/v03-storyboard-svg.svg	storyboard-svg		1200	800	5525	2026-09-12T21:18:27+00:00	candidate		storyboard
057-05	v04	assets/art/panels/057-05/v04-storyboard-svg.svg	storyboard-svg		1200	800	11472	2026-09-12T23:01:00+00:00	candidate		storyboard
057-05	v05	assets/art/panels/057-05/v05-storyboard-svg.svg	storyboard-svg		1200	800	11541	2026-09-12T23:55:11+00:00	candidate		storyboard
057-05	v06	assets/art/panels/057-05/v06-storyboard-svg.svg	storyboard-svg		1200	800	13740	2026-09-13T00:10:06+00:00	candidate		storyboard
057-05	v07	assets/art/panels/057-05/v07-storyboard-svg.svg	storyboard-svg		1200	800	20357	2026-09-13T00:25:41+00:00	candidate		storyboard
057-05	v08	assets/art/panels/057-05/v08-storyboard-svg.svg	storyboard-svg		1200	800	20748	2026-09-13T01:34:48+00:00	candidate		storyboard
058-01	v01	assets/art/panels/058-01/v01-storyboard-svg.svg	storyboard-svg		1200	800	4807	2026-09-07T16:49:16+00:00	candidate		storyboard
058-01	v02	assets/art/panels/058-01/v02-storyboard-svg.svg	storyboard-svg		1200	800	5222	2026-09-07T16:55:24+00:00	candidate		storyboard
058-01	v03	assets/art/panels/058-01/v03-storyboard-svg.svg	storyboard-svg		1200	800	5799	2026-09-12T21:18:27+00:00	candidate		storyboard
058-01	v04	assets/art/panels/058-01/v04-storyboard-svg.svg	storyboard-svg		1200	800	10795	2026-09-12T23:01:00+00:00	candidate		storyboard
058-01	v05	assets/art/panels/058-01/v05-storyboard-svg.svg	storyboard-svg		1200	800	11842	2026-09-12T23:30:36+00:00	candidate		storyboard
058-01	v06	assets/art/panels/058-01/v06-storyboard-svg.svg	storyboard-svg		1200	800	11888	2026-09-12T23:55:11+00:00	candidate		storyboard
058-01	v07	assets/art/panels/058-01/v07-storyboard-svg.svg	storyboard-svg		1200	800	12947	2026-09-13T00:10:06+00:00	candidate		storyboard
058-01	v08	assets/art/panels/058-01/v08-storyboard-svg.svg	storyboard-svg		1200	800	16221	2026-09-13T00:25:41+00:00	candidate		storyboard
058-01	v09	assets/art/panels/058-01/v09-storyboard-svg.svg	storyboard-svg		1200	800	16794	2026-09-13T01:34:48+00:00	candidate		storyboard
058-02	v01	assets/art/panels/058-02/v01-storyboard-svg.svg	storyboard-svg		1200	800	6300	2026-09-07T16:49:16+00:00	candidate		storyboard
058-02	v02	assets/art/panels/058-02/v02-storyboard-svg.svg	storyboard-svg		1200	800	6849	2026-09-07T16:55:25+00:00	candidate		storyboard
058-02	v03	assets/art/panels/058-02/v03-storyboard-svg.svg	storyboard-svg		1200	800	7196	2026-09-12T21:18:27+00:00	candidate		storyboard
058-02	v04	assets/art/panels/058-02/v04-storyboard-svg.svg	storyboard-svg		1200	800	15691	2026-09-12T23:01:00+00:00	candidate		storyboard
058-02	v05	assets/art/panels/058-02/v05-storyboard-svg.svg	storyboard-svg		1200	800	15424	2026-09-12T23:15:36+00:00	candidate		storyboard
058-02	v06	assets/art/panels/058-02/v06-storyboard-svg.svg	storyboard-svg		1200	800	15870	2026-09-12T23:30:36+00:00	candidate		storyboard
058-02	v07	assets/art/panels/058-02/v07-storyboard-svg.svg	storyboard-svg		1200	800	15907	2026-09-12T23:55:11+00:00	candidate		storyboard
058-02	v08	assets/art/panels/058-02/v08-storyboard-svg.svg	storyboard-svg		1200	800	16958	2026-09-13T00:10:06+00:00	candidate		storyboard
058-02	v09	assets/art/panels/058-02/v09-storyboard-svg.svg	storyboard-svg		1200	800	20288	2026-09-13T00:25:41+00:00	candidate		storyboard
058-02	v10	assets/art/panels/058-02/v10-storyboard-svg.svg	storyboard-svg		1200	800	21044	2026-09-13T01:34:48+00:00	candidate		storyboard
058-03	v01	assets/art/panels/058-03/v01-storyboard-svg.svg	storyboard-svg		1200	800	3951	2026-09-07T16:49:16+00:00	candidate		storyboard
058-03	v02	assets/art/panels/058-03/v02-storyboard-svg.svg	storyboard-svg		1200	800	4219	2026-09-07T16:55:25+00:00	candidate		storyboard
058-03	v03	assets/art/panels/058-03/v03-storyboard-svg.svg	storyboard-svg		1200	800	7090	2026-09-12T21:18:27+00:00	candidate		storyboard
058-03	v04	assets/art/panels/058-03/v04-storyboard-svg.svg	storyboard-svg		1200	800	11011	2026-09-12T23:01:00+00:00	candidate		storyboard
058-03	v05	assets/art/panels/058-03/v05-storyboard-svg.svg	storyboard-svg		1200	800	11057	2026-09-12T23:55:11+00:00	candidate		storyboard
058-03	v06	assets/art/panels/058-03/v06-storyboard-svg.svg	storyboard-svg		1200	800	12116	2026-09-13T00:10:06+00:00	candidate		storyboard
058-03	v07	assets/art/panels/058-03/v07-storyboard-svg.svg	storyboard-svg		1200	800	15390	2026-09-13T00:25:41+00:00	candidate		storyboard
058-03	v08	assets/art/panels/058-03/v08-storyboard-svg.svg	storyboard-svg		1200	800	15939	2026-09-13T01:34:48+00:00	candidate		storyboard
058-04	v01	assets/art/panels/058-04/v01-storyboard-svg.svg	storyboard-svg		1200	800	4964	2026-09-07T16:49:16+00:00	candidate		storyboard
058-04	v02	assets/art/panels/058-04/v02-storyboard-svg.svg	storyboard-svg		1200	800	5332	2026-09-07T16:55:25+00:00	candidate		storyboard
058-04	v03	assets/art/panels/058-04/v03-storyboard-svg.svg	storyboard-svg		1200	800	5791	2026-09-12T21:18:27+00:00	candidate		storyboard
058-04	v04	assets/art/panels/058-04/v04-storyboard-svg.svg	storyboard-svg		1200	800	11200	2026-09-12T23:01:00+00:00	candidate		storyboard
058-04	v05	assets/art/panels/058-04/v05-storyboard-svg.svg	storyboard-svg		1200	800	10933	2026-09-12T23:15:36+00:00	candidate		storyboard
058-04	v06	assets/art/panels/058-04/v06-storyboard-svg.svg	storyboard-svg		1200	800	11379	2026-09-12T23:30:36+00:00	candidate		storyboard
058-04	v07	assets/art/panels/058-04/v07-storyboard-svg.svg	storyboard-svg		1200	800	11425	2026-09-12T23:55:11+00:00	candidate		storyboard
058-04	v08	assets/art/panels/058-04/v08-storyboard-svg.svg	storyboard-svg		1200	800	12484	2026-09-13T00:10:06+00:00	candidate		storyboard
058-04	v09	assets/art/panels/058-04/v09-storyboard-svg.svg	storyboard-svg		1200	800	15758	2026-09-13T00:25:41+00:00	candidate		storyboard
058-04	v10	assets/art/panels/058-04/v10-storyboard-svg.svg	storyboard-svg		1200	800	16330	2026-09-13T01:34:48+00:00	candidate		storyboard
058-05	v01	assets/art/panels/058-05/v01-storyboard-svg.svg	storyboard-svg		1200	800	3529	2026-09-07T16:49:16+00:00	candidate		storyboard
058-05	v02	assets/art/panels/058-05/v02-storyboard-svg.svg	storyboard-svg		1200	800	3673	2026-09-07T16:55:25+00:00	candidate		storyboard
058-05	v03	assets/art/panels/058-05/v03-storyboard-svg.svg	storyboard-svg		1200	800	4176	2026-09-12T21:18:27+00:00	candidate		storyboard
058-05	v04	assets/art/panels/058-05/v04-storyboard-svg.svg	storyboard-svg		1200	800	8016	2026-09-12T23:01:00+00:00	candidate		storyboard
058-05	v05	assets/art/panels/058-05/v05-storyboard-svg.svg	storyboard-svg		1200	800	8053	2026-09-12T23:55:11+00:00	candidate		storyboard
058-05	v06	assets/art/panels/058-05/v06-storyboard-svg.svg	storyboard-svg		1200	800	9104	2026-09-13T00:10:06+00:00	candidate		storyboard
058-05	v07	assets/art/panels/058-05/v07-storyboard-svg.svg	storyboard-svg		1200	800	12434	2026-09-13T00:25:41+00:00	candidate		storyboard
058-05	v08	assets/art/panels/058-05/v08-storyboard-svg.svg	storyboard-svg		1200	800	12642	2026-09-13T01:34:48+00:00	candidate		storyboard
059-01	v01	assets/art/panels/059-01/v01-storyboard-svg.svg	storyboard-svg		1200	800	4792	2026-09-07T16:49:16+00:00	candidate		storyboard
059-01	v02	assets/art/panels/059-01/v02-storyboard-svg.svg	storyboard-svg		1200	800	5160	2026-09-07T16:55:25+00:00	candidate		storyboard
059-01	v03	assets/art/panels/059-01/v03-storyboard-svg.svg	storyboard-svg		1200	800	5574	2026-09-12T21:18:27+00:00	candidate		storyboard
059-01	v04	assets/art/panels/059-01/v04-storyboard-svg.svg	storyboard-svg		1200	800	11119	2026-09-12T23:01:00+00:00	candidate		storyboard
059-01	v05	assets/art/panels/059-01/v05-storyboard-svg.svg	storyboard-svg		1200	800	10852	2026-09-12T23:15:36+00:00	candidate		storyboard
059-01	v06	assets/art/panels/059-01/v06-storyboard-svg.svg	storyboard-svg		1200	800	11298	2026-09-12T23:30:36+00:00	candidate		storyboard
059-01	v07	assets/art/panels/059-01/v07-storyboard-svg.svg	storyboard-svg		1200	800	11379	2026-09-12T23:55:11+00:00	candidate		storyboard
059-01	v08	assets/art/panels/059-01/v08-storyboard-svg.svg	storyboard-svg		1200	800	13532	2026-09-13T00:10:06+00:00	candidate		storyboard
059-01	v09	assets/art/panels/059-01/v09-storyboard-svg.svg	storyboard-svg		1200	800	20227	2026-09-13T00:25:41+00:00	candidate		storyboard
059-01	v10	assets/art/panels/059-01/v10-storyboard-svg.svg	storyboard-svg		1200	800	20801	2026-09-13T01:34:48+00:00	candidate		storyboard
059-02	v01	assets/art/panels/059-02/v01-storyboard-svg.svg	storyboard-svg		1200	800	2853	2026-09-07T16:49:16+00:00	candidate		storyboard
059-02	v02	assets/art/panels/059-02/v02-storyboard-svg.svg	storyboard-svg		1200	800	2982	2026-09-07T16:55:25+00:00	candidate		storyboard
059-02	v03	assets/art/panels/059-02/v03-storyboard-svg.svg	storyboard-svg		1200	800	3328	2026-09-12T21:18:27+00:00	candidate		storyboard
059-02	v04	assets/art/panels/059-02/v04-storyboard-svg.svg	storyboard-svg		1200	800	5055	2026-09-12T23:01:00+00:00	candidate		storyboard
059-02	v05	assets/art/panels/059-02/v05-storyboard-svg.svg	storyboard-svg		1200	800	5101	2026-09-12T23:55:11+00:00	candidate		storyboard
059-02	v06	assets/art/panels/059-02/v06-storyboard-svg.svg	storyboard-svg		1200	800	6108	2026-09-13T00:10:06+00:00	candidate		storyboard
059-02	v07	assets/art/panels/059-02/v07-storyboard-svg.svg	storyboard-svg		1200	800	9358	2026-09-13T00:25:41+00:00	candidate		storyboard
059-02	v08	assets/art/panels/059-02/v08-storyboard-svg.svg	storyboard-svg		1200	800	9566	2026-09-13T01:34:48+00:00	candidate		storyboard
059-03	v01	assets/art/panels/059-03/v01-storyboard-svg.svg	storyboard-svg		1200	800	2774	2026-09-07T16:49:16+00:00	candidate		storyboard
059-03	v02	assets/art/panels/059-03/v02-storyboard-svg.svg	storyboard-svg		1200	800	2903	2026-09-07T16:55:25+00:00	candidate		storyboard
059-03	v03	assets/art/panels/059-03/v03-storyboard-svg.svg	storyboard-svg		1200	800	3245	2026-09-12T21:18:27+00:00	candidate		storyboard
059-03	v04	assets/art/panels/059-03/v04-storyboard-svg.svg	storyboard-svg		1200	800	4972	2026-09-12T23:01:00+00:00	candidate		storyboard
059-03	v05	assets/art/panels/059-03/v05-storyboard-svg.svg	storyboard-svg		1200	800	5018	2026-09-12T23:55:11+00:00	candidate		storyboard
059-03	v06	assets/art/panels/059-03/v06-storyboard-svg.svg	storyboard-svg		1200	800	6025	2026-09-13T00:10:06+00:00	candidate		storyboard
059-03	v07	assets/art/panels/059-03/v07-storyboard-svg.svg	storyboard-svg		1200	800	9275	2026-09-13T00:25:41+00:00	candidate		storyboard
059-03	v08	assets/art/panels/059-03/v08-storyboard-svg.svg	storyboard-svg		1200	800	9483	2026-09-13T01:34:48+00:00	candidate		storyboard
059-04	v01	assets/art/panels/059-04/v01-storyboard-svg.svg	storyboard-svg		1200	800	4514	2026-09-07T16:49:16+00:00	candidate		storyboard
059-04	v02	assets/art/panels/059-04/v02-storyboard-svg.svg	storyboard-svg		1200	800	4902	2026-09-07T16:55:25+00:00	candidate		storyboard
059-04	v03	assets/art/panels/059-04/v03-storyboard-svg.svg	storyboard-svg		1200	800	4996	2026-09-12T20:10:17+00:00	candidate		storyboard
059-04	v04	assets/art/panels/059-04/v04-storyboard-svg.svg	storyboard-svg		1200	800	5406	2026-09-12T21:18:27+00:00	candidate		storyboard
059-04	v05	assets/art/panels/059-04/v05-storyboard-svg.svg	storyboard-svg		1200	800	8381	2026-09-12T23:01:00+00:00	candidate		storyboard
059-04	v06	assets/art/panels/059-04/v06-storyboard-svg.svg	storyboard-svg		1200	800	8434	2026-09-12T23:55:11+00:00	candidate		storyboard
059-04	v07	assets/art/panels/059-04/v07-storyboard-svg.svg	storyboard-svg		1200	800	9531	2026-09-13T00:10:06+00:00	candidate		storyboard
059-04	v08	assets/art/panels/059-04/v08-storyboard-svg.svg	storyboard-svg		1200	800	12896	2026-09-13T00:25:41+00:00	candidate		storyboard
059-04	v09	assets/art/panels/059-04/v09-storyboard-svg.svg	storyboard-svg		1200	800	13470	2026-09-13T01:34:48+00:00	candidate		storyboard
059-05	v01	assets/art/panels/059-05/v01-storyboard-svg.svg	storyboard-svg		1200	800	5524	2026-09-07T16:49:16+00:00	candidate		storyboard
059-05	v02	assets/art/panels/059-05/v02-storyboard-svg.svg	storyboard-svg		1200	800	5773	2026-09-07T16:55:25+00:00	candidate		storyboard
059-05	v03	assets/art/panels/059-05/v03-storyboard-svg.svg	storyboard-svg		1200	800	4980	2026-09-12T20:10:17+00:00	candidate		storyboard
059-05	v04	assets/art/panels/059-05/v04-storyboard-svg.svg	storyboard-svg		1200	800	7203	2026-09-12T21:18:27+00:00	candidate		storyboard
059-05	v05	assets/art/panels/059-05/v05-storyboard-svg.svg	storyboard-svg		1200	800	12516	2026-09-12T23:01:00+00:00	candidate		storyboard
059-05	v06	assets/art/panels/059-05/v06-storyboard-svg.svg	storyboard-svg		1200	800	12249	2026-09-12T23:15:36+00:00	candidate		storyboard
059-05	v07	assets/art/panels/059-05/v07-storyboard-svg.svg	storyboard-svg		1200	800	12695	2026-09-12T23:30:36+00:00	candidate		storyboard
059-05	v08	assets/art/panels/059-05/v08-storyboard-svg.svg	storyboard-svg		1200	800	12776	2026-09-12T23:55:11+00:00	candidate		storyboard
059-05	v09	assets/art/panels/059-05/v09-storyboard-svg.svg	storyboard-svg		1200	800	14929	2026-09-13T00:10:06+00:00	candidate		storyboard
059-05	v10	assets/art/panels/059-05/v10-storyboard-svg.svg	storyboard-svg		1200	800	21624	2026-09-13T00:25:41+00:00	candidate		storyboard
059-05	v11	assets/art/panels/059-05/v11-storyboard-svg.svg	storyboard-svg		1200	800	22331	2026-09-13T01:34:48+00:00	candidate		storyboard
060-01	v01	assets/art/panels/060-01/v01-storyboard-svg.svg	storyboard-svg		1200	800	2815	2026-09-07T16:49:16+00:00	candidate		storyboard
060-01	v02	assets/art/panels/060-01/v02-storyboard-svg.svg	storyboard-svg		1200	800	2944	2026-09-07T16:55:26+00:00	candidate		storyboard
060-01	v03	assets/art/panels/060-01/v03-storyboard-svg.svg	storyboard-svg		1200	800	3283	2026-09-12T21:18:27+00:00	candidate		storyboard
060-01	v04	assets/art/panels/060-01/v04-storyboard-svg.svg	storyboard-svg		1200	800	5010	2026-09-12T23:01:00+00:00	candidate		storyboard
060-01	v05	assets/art/panels/060-01/v05-storyboard-svg.svg	storyboard-svg		1200	800	5047	2026-09-12T23:55:11+00:00	candidate		storyboard
060-01	v06	assets/art/panels/060-01/v06-storyboard-svg.svg	storyboard-svg		1200	800	6098	2026-09-13T00:10:06+00:00	candidate		storyboard
060-01	v07	assets/art/panels/060-01/v07-storyboard-svg.svg	storyboard-svg		1200	800	9428	2026-09-13T00:25:41+00:00	candidate		storyboard
060-01	v08	assets/art/panels/060-01/v08-storyboard-svg.svg	storyboard-svg		1200	800	9635	2026-09-13T01:34:48+00:00	candidate		storyboard
060-02	v01	assets/art/panels/060-02/v01-storyboard-svg.svg	storyboard-svg		1200	800	4529	2026-09-07T16:49:16+00:00	candidate		storyboard
060-02	v02	assets/art/panels/060-02/v02-storyboard-svg.svg	storyboard-svg		1200	800	4824	2026-09-07T16:55:26+00:00	candidate		storyboard
060-02	v03	assets/art/panels/060-02/v03-storyboard-svg.svg	storyboard-svg		1200	800	5171	2026-09-12T21:18:27+00:00	candidate		storyboard
060-02	v04	assets/art/panels/060-02/v04-storyboard-svg.svg	storyboard-svg		1200	800	11307	2026-09-12T23:01:00+00:00	candidate		storyboard
060-02	v05	assets/art/panels/060-02/v05-storyboard-svg.svg	storyboard-svg		1200	800	11381	2026-09-12T23:55:11+00:00	candidate		storyboard
060-02	v06	assets/art/panels/060-02/v06-storyboard-svg.svg	storyboard-svg		1200	800	13496	2026-09-13T00:10:06+00:00	candidate		storyboard
060-02	v07	assets/art/panels/060-02/v07-storyboard-svg.svg	storyboard-svg		1200	800	20100	2026-09-13T00:25:41+00:00	candidate		storyboard
060-02	v08	assets/art/panels/060-02/v08-storyboard-svg.svg	storyboard-svg		1200	800	20490	2026-09-13T01:34:48+00:00	candidate		storyboard
060-03	v01	assets/art/panels/060-03/v01-storyboard-svg.svg	storyboard-svg		1200	800	2707	2026-09-07T16:49:16+00:00	candidate		storyboard
060-03	v02	assets/art/panels/060-03/v02-storyboard-svg.svg	storyboard-svg		1200	800	2836	2026-09-07T16:55:26+00:00	candidate		storyboard
060-03	v03	assets/art/panels/060-03/v03-storyboard-svg.svg	storyboard-svg		1200	800	3162	2026-09-12T21:18:27+00:00	candidate		storyboard
060-03	v04	assets/art/panels/060-03/v04-storyboard-svg.svg	storyboard-svg		1200	800	4889	2026-09-12T23:01:00+00:00	candidate		storyboard
060-03	v05	assets/art/panels/060-03/v05-storyboard-svg.svg	storyboard-svg		1200	800	4926	2026-09-12T23:55:11+00:00	candidate		storyboard
060-03	v06	assets/art/panels/060-03/v06-storyboard-svg.svg	storyboard-svg		1200	800	5977	2026-09-13T00:10:06+00:00	candidate		storyboard
060-03	v07	assets/art/panels/060-03/v07-storyboard-svg.svg	storyboard-svg		1200	800	9307	2026-09-13T00:25:41+00:00	candidate		storyboard
060-03	v08	assets/art/panels/060-03/v08-storyboard-svg.svg	storyboard-svg		1200	800	9514	2026-09-13T01:34:48+00:00	candidate		storyboard
060-04	v01	assets/art/panels/060-04/v01-storyboard-svg.svg	storyboard-svg		1200	800	2908	2026-09-07T16:49:16+00:00	candidate		storyboard
060-04	v02	assets/art/panels/060-04/v02-storyboard-svg.svg	storyboard-svg		1200	800	3037	2026-09-07T16:55:26+00:00	candidate		storyboard
060-04	v03	assets/art/panels/060-04/v03-storyboard-svg.svg	storyboard-svg		1200	800	3426	2026-09-12T21:18:27+00:00	candidate		storyboard
060-04	v04	assets/art/panels/060-04/v04-storyboard-svg.svg	storyboard-svg		1200	800	5153	2026-09-12T23:01:00+00:00	candidate		storyboard
060-04	v05	assets/art/panels/060-04/v05-storyboard-svg.svg	storyboard-svg		1200	800	5190	2026-09-12T23:55:11+00:00	candidate		storyboard
060-04	v06	assets/art/panels/060-04/v06-storyboard-svg.svg	storyboard-svg		1200	800	6241	2026-09-13T00:10:06+00:00	candidate		storyboard
060-04	v07	assets/art/panels/060-04/v07-storyboard-svg.svg	storyboard-svg		1200	800	9571	2026-09-13T00:25:41+00:00	candidate		storyboard
060-04	v08	assets/art/panels/060-04/v08-storyboard-svg.svg	storyboard-svg		1200	800	9779	2026-09-13T01:34:48+00:00	candidate		storyboard
060-05	v01	assets/art/panels/060-05/v01-storyboard-svg.svg	storyboard-svg		1200	800	4731	2026-09-07T16:49:16+00:00	candidate		storyboard
060-05	v02	assets/art/panels/060-05/v02-storyboard-svg.svg	storyboard-svg		1200	800	5148	2026-09-07T16:55:26+00:00	candidate		storyboard
060-05	v03	assets/art/panels/060-05/v03-storyboard-svg.svg	storyboard-svg		1200	800	6543	2026-09-12T21:18:27+00:00	candidate		storyboard
060-05	v04	assets/art/panels/060-05/v04-storyboard-svg.svg	storyboard-svg		1200	800	11219	2026-09-12T23:01:00+00:00	candidate		storyboard
060-05	v05	assets/art/panels/060-05/v05-storyboard-svg.svg	storyboard-svg		1200	800	11268	2026-09-12T23:55:11+00:00	candidate		storyboard
060-05	v06	assets/art/panels/060-05/v06-storyboard-svg.svg	storyboard-svg		1200	800	12403	2026-09-13T00:10:06+00:00	candidate		storyboard
060-05	v07	assets/art/panels/060-05/v07-storyboard-svg.svg	storyboard-svg		1200	800	15715	2026-09-13T00:25:41+00:00	candidate		storyboard
060-05	v08	assets/art/panels/060-05/v08-storyboard-svg.svg	storyboard-svg		1200	800	16289	2026-09-13T01:34:48+00:00	candidate		storyboard
061-01	v01	assets/art/panels/061-01/v01-storyboard-svg.svg	storyboard-svg		1200	800	4321	2026-09-07T16:49:17+00:00	candidate		storyboard
061-01	v02	assets/art/panels/061-01/v02-storyboard-svg.svg	storyboard-svg		1200	800	4567	2026-09-07T16:55:26+00:00	candidate		storyboard
061-01	v03	assets/art/panels/061-01/v03-storyboard-svg.svg	storyboard-svg		1200	800	5002	2026-09-12T21:18:27+00:00	candidate		storyboard
061-01	v04	assets/art/panels/061-01/v04-storyboard-svg.svg	storyboard-svg		1200	800	10161	2026-09-12T23:01:00+00:00	candidate		storyboard
061-01	v05	assets/art/panels/061-01/v05-storyboard-svg.svg	storyboard-svg		1200	800	9326	2026-09-12T23:15:36+00:00	candidate		storyboard
061-01	v06	assets/art/panels/061-01/v06-storyboard-svg.svg	storyboard-svg		1200	800	9315	2026-09-12T23:17:50+00:00	candidate		storyboard
061-01	v07	assets/art/panels/061-01/v07-storyboard-svg.svg	storyboard-svg		1200	800	9393	2026-09-12T23:55:11+00:00	candidate		storyboard
061-01	v08	assets/art/panels/061-01/v08-storyboard-svg.svg	storyboard-svg		1200	800	11608	2026-09-13T00:10:06+00:00	candidate		storyboard
061-01	v09	assets/art/panels/061-01/v09-storyboard-svg.svg	storyboard-svg		1200	800	18038	2026-09-13T00:25:41+00:00	candidate		storyboard
061-01	v10	assets/art/panels/061-01/v10-storyboard-svg.svg	storyboard-svg		1200	800	18429	2026-09-13T01:34:48+00:00	candidate		storyboard
061-02	v01	assets/art/panels/061-02/v01-storyboard-svg.svg	storyboard-svg		1200	800	4150	2026-09-07T16:49:17+00:00	candidate		storyboard
061-02	v02	assets/art/panels/061-02/v02-storyboard-svg.svg	storyboard-svg		1200	800	4396	2026-09-07T16:55:26+00:00	candidate		storyboard
061-02	v03	assets/art/panels/061-02/v03-storyboard-svg.svg	storyboard-svg		1200	800	4769	2026-09-12T21:18:27+00:00	candidate		storyboard
061-02	v04	assets/art/panels/061-02/v04-storyboard-svg.svg	storyboard-svg		1200	800	9864	2026-09-12T23:01:00+00:00	candidate		storyboard
061-02	v05	assets/art/panels/061-02/v05-storyboard-svg.svg	storyboard-svg		1200	800	9965	2026-09-12T23:55:11+00:00	candidate		storyboard
061-02	v06	assets/art/panels/061-02/v06-storyboard-svg.svg	storyboard-svg		1200	800	13245	2026-09-13T00:10:06+00:00	candidate		storyboard
061-02	v07	assets/art/panels/061-02/v07-storyboard-svg.svg	storyboard-svg		1200	800	23005	2026-09-13T00:25:41+00:00	candidate		storyboard
061-02	v08	assets/art/panels/061-02/v08-storyboard-svg.svg	storyboard-svg		1200	800	23396	2026-09-13T01:34:48+00:00	candidate		storyboard
061-03	v01	assets/art/panels/061-03/v01-storyboard-svg.svg	storyboard-svg		1200	800	4696	2026-09-07T16:49:17+00:00	candidate		storyboard
061-03	v02	assets/art/panels/061-03/v02-storyboard-svg.svg	storyboard-svg		1200	800	5113	2026-09-07T16:55:26+00:00	candidate		storyboard
061-03	v03	assets/art/panels/061-03/v03-storyboard-svg.svg	storyboard-svg		1200	800	5503	2026-09-12T21:18:27+00:00	candidate		storyboard
061-03	v04	assets/art/panels/061-03/v04-storyboard-svg.svg	storyboard-svg		1200	800	9962	2026-09-12T23:01:00+00:00	candidate		storyboard
061-03	v05	assets/art/panels/061-03/v05-storyboard-svg.svg	storyboard-svg		1200	800	10040	2026-09-12T23:55:11+00:00	candidate		storyboard
061-03	v06	assets/art/panels/061-03/v06-storyboard-svg.svg	storyboard-svg		1200	800	12255	2026-09-13T00:10:06+00:00	candidate		storyboard
061-03	v07	assets/art/panels/061-03/v07-storyboard-svg.svg	storyboard-svg		1200	800	18685	2026-09-13T00:25:41+00:00	candidate		storyboard
061-03	v08	assets/art/panels/061-03/v08-storyboard-svg.svg	storyboard-svg		1200	800	19259	2026-09-13T01:34:48+00:00	candidate		storyboard
061-04	v01	assets/art/panels/061-04/v01-storyboard-svg.svg	storyboard-svg		1200	800	5718	2026-09-07T16:49:17+00:00	candidate		storyboard
061-04	v02	assets/art/panels/061-04/v02-storyboard-svg.svg	storyboard-svg		1200	800	6273	2026-09-07T16:55:27+00:00	candidate		storyboard
061-04	v03	assets/art/panels/061-04/v03-storyboard-svg.svg	storyboard-svg		1200	800	7682	2026-09-12T21:18:27+00:00	candidate		storyboard
061-04	v04	assets/art/panels/061-04/v04-storyboard-svg.svg	storyboard-svg		1200	800	15871	2026-09-12T23:01:00+00:00	candidate		storyboard
061-04	v05	assets/art/panels/061-04/v05-storyboard-svg.svg	storyboard-svg		1200	800	15972	2026-09-12T23:55:11+00:00	candidate		storyboard
061-04	v06	assets/art/panels/061-04/v06-storyboard-svg.svg	storyboard-svg		1200	800	19252	2026-09-13T00:10:06+00:00	candidate		storyboard
061-04	v07	assets/art/panels/061-04/v07-storyboard-svg.svg	storyboard-svg		1200	800	29012	2026-09-13T00:25:41+00:00	candidate		storyboard
061-04	v08	assets/art/panels/061-04/v08-storyboard-svg.svg	storyboard-svg		1200	800	29743	2026-09-13T01:34:48+00:00	candidate		storyboard
061-05	v01	assets/art/panels/061-05/v01-storyboard-svg.svg	storyboard-svg		1200	800	5341	2026-09-07T16:49:17+00:00	candidate		storyboard
061-05	v02	assets/art/panels/061-05/v02-storyboard-svg.svg	storyboard-svg		1200	800	5709	2026-09-07T16:55:27+00:00	candidate		storyboard
061-05	v03	assets/art/panels/061-05/v03-storyboard-svg.svg	storyboard-svg		1200	800	6171	2026-09-12T21:18:27+00:00	candidate		storyboard
061-05	v04	assets/art/panels/061-05/v04-storyboard-svg.svg	storyboard-svg		1200	800	10767	2026-09-12T23:01:00+00:00	candidate		storyboard
061-05	v05	assets/art/panels/061-05/v05-storyboard-svg.svg	storyboard-svg		1200	800	10845	2026-09-12T23:55:11+00:00	candidate		storyboard
061-05	v06	assets/art/panels/061-05/v06-storyboard-svg.svg	storyboard-svg		1200	800	13060	2026-09-13T00:10:06+00:00	candidate		storyboard
061-05	v07	assets/art/panels/061-05/v07-storyboard-svg.svg	storyboard-svg		1200	800	19490	2026-09-13T00:25:41+00:00	candidate		storyboard
061-05	v08	assets/art/panels/061-05/v08-storyboard-svg.svg	storyboard-svg		1200	800	20064	2026-09-13T01:34:48+00:00	candidate		storyboard
062-01	v01	assets/art/panels/062-01/v01-storyboard-svg.svg	storyboard-svg		1200	800	3786	2026-09-07T16:49:17+00:00	candidate		storyboard
062-01	v02	assets/art/panels/062-01/v02-storyboard-svg.svg	storyboard-svg		1200	800	4082	2026-09-07T16:55:27+00:00	candidate		storyboard
062-01	v03	assets/art/panels/062-01/v03-storyboard-svg.svg	storyboard-svg		1200	800	4430	2026-09-12T21:18:27+00:00	candidate		storyboard
062-01	v04	assets/art/panels/062-01/v04-storyboard-svg.svg	storyboard-svg		1200	800	7504	2026-09-12T23:01:00+00:00	candidate		storyboard
062-01	v05	assets/art/panels/062-01/v05-storyboard-svg.svg	storyboard-svg		1200	800	7585	2026-09-12T23:55:11+00:00	candidate		storyboard
062-01	v06	assets/art/panels/062-01/v06-storyboard-svg.svg	storyboard-svg		1200	800	9836	2026-09-13T00:10:06+00:00	candidate		storyboard
062-01	v07	assets/art/panels/062-01/v07-storyboard-svg.svg	storyboard-svg		1200	800	16407	2026-09-13T00:25:41+00:00	candidate		storyboard
062-01	v08	assets/art/panels/062-01/v08-storyboard-svg.svg	storyboard-svg		1200	800	16796	2026-09-13T01:34:48+00:00	candidate		storyboard
062-02	v01	assets/art/panels/062-02/v01-storyboard-svg.svg	storyboard-svg		1200	800	4196	2026-09-07T16:49:17+00:00	candidate		storyboard
062-02	v02	assets/art/panels/062-02/v02-storyboard-svg.svg	storyboard-svg		1200	800	4442	2026-09-07T16:55:27+00:00	candidate		storyboard
062-02	v03	assets/art/panels/062-02/v03-storyboard-svg.svg	storyboard-svg		1200	800	5530	2026-09-12T21:18:27+00:00	candidate		storyboard
062-02	v04	assets/art/panels/062-02/v04-storyboard-svg.svg	storyboard-svg		1200	800	7705	2026-09-12T23:01:00+00:00	candidate		storyboard
062-02	v05	assets/art/panels/062-02/v05-storyboard-svg.svg	storyboard-svg		1200	800	7746	2026-09-12T23:55:11+00:00	candidate		storyboard
062-02	v06	assets/art/panels/062-02/v06-storyboard-svg.svg	storyboard-svg		1200	800	8889	2026-09-13T00:10:06+00:00	candidate		storyboard
062-02	v07	assets/art/panels/062-02/v07-storyboard-svg.svg	storyboard-svg		1200	800	12176	2026-09-13T00:25:41+00:00	candidate		storyboard
062-02	v08	assets/art/panels/062-02/v08-storyboard-svg.svg	storyboard-svg		1200	800	12567	2026-09-13T01:34:48+00:00	candidate		storyboard
062-03	v01	assets/art/panels/062-03/v01-storyboard-svg.svg	storyboard-svg		1200	800	4665	2026-09-07T16:49:17+00:00	candidate		storyboard
062-03	v02	assets/art/panels/062-03/v02-storyboard-svg.svg	storyboard-svg		1200	800	4962	2026-09-07T16:55:27+00:00	candidate		storyboard
062-03	v03	assets/art/panels/062-03/v03-storyboard-svg.svg	storyboard-svg		1200	800	5080	2026-09-12T20:10:17+00:00	candidate		storyboard
062-03	v04	assets/art/panels/062-03/v04-storyboard-svg.svg	storyboard-svg		1200	800	5304	2026-09-12T21:18:27+00:00	candidate		storyboard
062-03	v05	assets/art/panels/062-03/v05-storyboard-svg.svg	storyboard-svg		1200	800	9358	2026-09-12T23:01:00+00:00	candidate		storyboard
062-03	v06	assets/art/panels/062-03/v06-storyboard-svg.svg	storyboard-svg		1200	800	9463	2026-09-12T23:55:11+00:00	candidate		storyboard
062-03	v07	assets/art/panels/062-03/v07-storyboard-svg.svg	storyboard-svg		1200	800	12781	2026-09-13T00:10:06+00:00	candidate		storyboard
062-03	v08	assets/art/panels/062-03/v08-storyboard-svg.svg	storyboard-svg		1200	800	22617	2026-09-13T00:25:41+00:00	candidate		storyboard
062-03	v09	assets/art/panels/062-03/v09-storyboard-svg.svg	storyboard-svg		1200	800	23008	2026-09-13T01:34:48+00:00	candidate		storyboard
062-04	v01	assets/art/panels/062-04/v01-storyboard-svg.svg	storyboard-svg		1200	800	4452	2026-09-07T16:49:17+00:00	candidate		storyboard
062-04	v02	assets/art/panels/062-04/v02-storyboard-svg.svg	storyboard-svg		1200	800	4748	2026-09-07T16:55:27+00:00	candidate		storyboard
062-04	v03	assets/art/panels/062-04/v03-storyboard-svg.svg	storyboard-svg		1200	800	5139	2026-09-12T21:18:27+00:00	candidate		storyboard
062-04	v04	assets/art/panels/062-04/v04-storyboard-svg.svg	storyboard-svg		1200	800	9071	2026-09-12T23:01:00+00:00	candidate		storyboard
062-04	v05	assets/art/panels/062-04/v05-storyboard-svg.svg	storyboard-svg		1200	800	9149	2026-09-12T23:55:11+00:00	candidate		storyboard
062-04	v06	assets/art/panels/062-04/v06-storyboard-svg.svg	storyboard-svg		1200	800	11310	2026-09-13T00:10:06+00:00	candidate		storyboard
062-04	v07	assets/art/panels/062-04/v07-storyboard-svg.svg	storyboard-svg		1200	800	17859	2026-09-13T00:25:41+00:00	candidate		storyboard
062-04	v08	assets/art/panels/062-04/v08-storyboard-svg.svg	storyboard-svg		1200	800	18250	2026-09-13T01:34:48+00:00	candidate		storyboard
062-05	v01	assets/art/panels/062-05/v01-storyboard-svg.svg	storyboard-svg		1200	800	6321	2026-09-07T16:49:17+00:00	candidate		storyboard
062-05	v02	assets/art/panels/062-05/v02-storyboard-svg.svg	storyboard-svg		1200	800	6567	2026-09-07T16:55:27+00:00	candidate		storyboard
062-05	v03	assets/art/panels/062-05/v03-storyboard-svg.svg	storyboard-svg		1200	800	6964	2026-09-12T21:18:27+00:00	candidate		storyboard
062-05	v04	assets/art/panels/062-05/v04-storyboard-svg.svg	storyboard-svg		1200	800	28746	2026-09-12T23:01:00+00:00	candidate		storyboard
062-05	v05	assets/art/panels/062-05/v05-storyboard-svg.svg	storyboard-svg		1200	800	28828	2026-09-12T23:55:11+00:00	candidate		storyboard
062-05	v06	assets/art/panels/062-05/v06-storyboard-svg.svg	storyboard-svg		1200	800	31081	2026-09-13T00:10:06+00:00	candidate		storyboard
062-05	v07	assets/art/panels/062-05/v07-storyboard-svg.svg	storyboard-svg		1200	800	37587	2026-09-13T00:25:41+00:00	candidate		storyboard
062-05	v08	assets/art/panels/062-05/v08-storyboard-svg.svg	storyboard-svg		1200	800	37978	2026-09-13T01:34:48+00:00	candidate		storyboard
063-01	v01	assets/art/panels/063-01/v01-storyboard-svg.svg	storyboard-svg		1200	800	7718	2026-09-07T16:49:17+00:00	candidate		storyboard
063-01	v02	assets/art/panels/063-01/v02-storyboard-svg.svg	storyboard-svg		1200	800	8028	2026-09-07T16:55:27+00:00	candidate		storyboard
063-01	v03	assets/art/panels/063-01/v03-storyboard-svg.svg	storyboard-svg		1200	800	8420	2026-09-12T21:18:27+00:00	candidate		storyboard
063-01	v04	assets/art/panels/063-01/v04-storyboard-svg.svg	storyboard-svg		1200	800	9079	2026-09-12T22:35:06+00:00	candidate		storyboard
063-01	v05	assets/art/panels/063-01/v05-storyboard-svg.svg	storyboard-svg		1200	800	17553	2026-09-12T23:01:00+00:00	candidate		storyboard
063-01	v06	assets/art/panels/063-01/v06-storyboard-svg.svg	storyboard-svg		1200	800	17594	2026-09-12T23:55:11+00:00	candidate		storyboard
063-01	v07	assets/art/panels/063-01/v07-storyboard-svg.svg	storyboard-svg		1200	800	17985	2026-09-13T01:34:48+00:00	candidate		storyboard
063-02	v01	assets/art/panels/063-02/v01-storyboard-svg.svg	storyboard-svg		1200	800	4234	2026-09-07T16:49:17+00:00	candidate		storyboard
063-02	v02	assets/art/panels/063-02/v02-storyboard-svg.svg	storyboard-svg		1200	800	4602	2026-09-07T16:55:27+00:00	candidate		storyboard
063-02	v03	assets/art/panels/063-02/v03-storyboard-svg.svg	storyboard-svg		1200	800	5092	2026-09-12T21:18:27+00:00	candidate		storyboard
063-02	v04	assets/art/panels/063-02/v04-storyboard-svg.svg	storyboard-svg		1200	800	8067	2026-09-12T23:01:00+00:00	candidate		storyboard
063-02	v05	assets/art/panels/063-02/v05-storyboard-svg.svg	storyboard-svg		1200	800	8108	2026-09-12T23:55:11+00:00	candidate		storyboard
063-02	v06	assets/art/panels/063-02/v06-storyboard-svg.svg	storyboard-svg		1200	800	9315	2026-09-13T00:10:06+00:00	candidate		storyboard
063-02	v07	assets/art/panels/063-02/v07-storyboard-svg.svg	storyboard-svg		1200	800	12938	2026-09-13T00:25:41+00:00	candidate		storyboard
063-02	v08	assets/art/panels/063-02/v08-storyboard-svg.svg	storyboard-svg		1200	800	13512	2026-09-13T01:34:48+00:00	candidate		storyboard
063-03	v01	assets/art/panels/063-03/v01-storyboard-svg.svg	storyboard-svg		1200	800	4730	2026-09-07T16:49:17+00:00	candidate		storyboard
063-03	v02	assets/art/panels/063-03/v02-storyboard-svg.svg	storyboard-svg		1200	800	5098	2026-09-07T16:55:28+00:00	candidate		storyboard
063-03	v03	assets/art/panels/063-03/v03-storyboard-svg.svg	storyboard-svg		1200	800	6134	2026-09-12T21:18:27+00:00	candidate		storyboard
063-03	v04	assets/art/panels/063-03/v04-storyboard-svg.svg	storyboard-svg		1200	800	9756	2026-09-12T23:01:00+00:00	candidate		storyboard
063-03	v05	assets/art/panels/063-03/v05-storyboard-svg.svg	storyboard-svg		1200	800	9805	2026-09-12T23:55:11+00:00	candidate		storyboard
063-03	v06	assets/art/panels/063-03/v06-storyboard-svg.svg	storyboard-svg		1200	800	10940	2026-09-13T00:10:06+00:00	candidate		storyboard
063-03	v07	assets/art/panels/063-03/v07-storyboard-svg.svg	storyboard-svg		1200	800	14252	2026-09-13T00:25:41+00:00	candidate		storyboard
063-03	v08	assets/art/panels/063-03/v08-storyboard-svg.svg	storyboard-svg		1200	800	14825	2026-09-13T01:34:48+00:00	candidate		storyboard
063-04	v01	assets/art/panels/063-04/v01-storyboard-svg.svg	storyboard-svg		1200	800	3749	2026-09-07T16:49:17+00:00	candidate		storyboard
063-04	v02	assets/art/panels/063-04/v02-storyboard-svg.svg	storyboard-svg		1200	800	4015	2026-09-07T16:55:28+00:00	candidate		storyboard
063-04	v03	assets/art/panels/063-04/v03-storyboard-svg.svg	storyboard-svg		1200	800	4408	2026-09-12T21:18:27+00:00	candidate		storyboard
063-04	v04	assets/art/panels/063-04/v04-storyboard-svg.svg	storyboard-svg		1200	800	6435	2026-09-12T23:01:00+00:00	candidate		storyboard
063-04	v05	assets/art/panels/063-04/v05-storyboard-svg.svg	storyboard-svg		1200	800	6481	2026-09-12T23:55:11+00:00	candidate		storyboard
063-04	v06	assets/art/panels/063-04/v06-storyboard-svg.svg	storyboard-svg		1200	800	7488	2026-09-13T00:10:06+00:00	candidate		storyboard
063-04	v07	assets/art/panels/063-04/v07-storyboard-svg.svg	storyboard-svg		1200	800	10738	2026-09-13T00:25:41+00:00	candidate		storyboard
063-04	v08	assets/art/panels/063-04/v08-storyboard-svg.svg	storyboard-svg		1200	800	11128	2026-09-13T01:34:48+00:00	candidate		storyboard
063-05	v01	assets/art/panels/063-05/v01-storyboard-svg.svg	storyboard-svg		1200	800	4115	2026-09-07T16:49:17+00:00	candidate		storyboard
063-05	v02	assets/art/panels/063-05/v02-storyboard-svg.svg	storyboard-svg		1200	800	4361	2026-09-07T16:55:28+00:00	candidate		storyboard
063-05	v03	assets/art/panels/063-05/v03-storyboard-svg.svg	storyboard-svg		1200	800	7528	2026-09-12T21:18:27+00:00	candidate		storyboard
063-05	v04	assets/art/panels/063-05/v04-storyboard-svg.svg	storyboard-svg		1200	800	11502	2026-09-12T23:01:00+00:00	candidate		storyboard
063-05	v05	assets/art/panels/063-05/v05-storyboard-svg.svg	storyboard-svg		1200	800	11539	2026-09-12T23:55:11+00:00	candidate		storyboard
063-05	v06	assets/art/panels/063-05/v06-storyboard-svg.svg	storyboard-svg		1200	800	12590	2026-09-13T00:10:06+00:00	candidate		storyboard
063-05	v07	assets/art/panels/063-05/v07-storyboard-svg.svg	storyboard-svg		1200	800	15920	2026-09-13T00:25:41+00:00	candidate		storyboard
063-05	v08	assets/art/panels/063-05/v08-storyboard-svg.svg	storyboard-svg		1200	800	16492	2026-09-13T01:34:48+00:00	candidate		storyboard
064-01	v01	assets/art/panels/064-01/v01-storyboard-svg.svg	storyboard-svg		1200	800	13297	2026-09-07T16:49:17+00:00	candidate		storyboard
064-01	v02	assets/art/panels/064-01/v02-storyboard-svg.svg	storyboard-svg		1200	800	14139	2026-09-07T16:58:06+00:00	candidate		storyboard
064-01	v03	assets/art/panels/064-01/v03-storyboard-svg.svg	storyboard-svg		1200	800	14221	2026-09-07T17:01:45+00:00	candidate		storyboard
064-01	v04	assets/art/panels/064-01/v04-storyboard-svg.svg	storyboard-svg		1200	800	15222	2026-09-12T21:18:27+00:00	candidate		storyboard
064-01	v05	assets/art/panels/064-01/v05-storyboard-svg.svg	storyboard-svg		1200	800	24689	2026-09-12T23:01:00+00:00	candidate		storyboard
064-01	v06	assets/art/panels/064-01/v06-storyboard-svg.svg	storyboard-svg		1200	800	24766	2026-09-12T23:55:11+00:00	candidate		storyboard
064-01	v07	assets/art/panels/064-01/v07-storyboard-svg.svg	storyboard-svg		1200	800	26961	2026-09-13T00:10:06+00:00	candidate		storyboard
064-01	v08	assets/art/panels/064-01/v08-storyboard-svg.svg	storyboard-svg		1200	800	33603	2026-09-13T00:25:41+00:00	candidate		storyboard
064-01	v09	assets/art/panels/064-01/v09-storyboard-svg.svg	storyboard-svg		1200	800	33836	2026-09-13T01:34:48+00:00	candidate		storyboard
064-02	v01	assets/art/panels/064-02/v01-storyboard-svg.svg	storyboard-svg		1200	800	5596	2026-09-07T16:49:17+00:00	candidate		storyboard
064-02	v02	assets/art/panels/064-02/v02-storyboard-svg.svg	storyboard-svg		1200	800	6100	2026-09-07T16:55:28+00:00	candidate		storyboard
064-02	v03	assets/art/panels/064-02/v03-storyboard-svg.svg	storyboard-svg		1200	800	12803	2026-09-07T16:59:00+00:00	candidate		storyboard
064-02	v04	assets/art/panels/064-02/v04-storyboard-svg.svg	storyboard-svg		1200	800	13340	2026-09-07T17:01:45+00:00	candidate		storyboard
064-02	v05	assets/art/panels/064-02/v05-storyboard-svg.svg	storyboard-svg		1200	800	14027	2026-09-12T21:18:27+00:00	candidate		storyboard
064-02	v06	assets/art/panels/064-02/v06-storyboard-svg.svg	storyboard-svg		1200	800	24336	2026-09-12T23:01:00+00:00	candidate		storyboard
064-02	v07	assets/art/panels/064-02/v07-storyboard-svg.svg	storyboard-svg		1200	800	24385	2026-09-12T23:55:11+00:00	candidate		storyboard
064-02	v08	assets/art/panels/064-02/v08-storyboard-svg.svg	storyboard-svg		1200	800	25524	2026-09-13T00:10:06+00:00	candidate		storyboard
064-02	v09	assets/art/panels/064-02/v09-storyboard-svg.svg	storyboard-svg		1200	800	28836	2026-09-13T00:25:41+00:00	candidate		storyboard
064-02	v10	assets/art/panels/064-02/v10-storyboard-svg.svg	storyboard-svg		1200	800	29044	2026-09-13T01:34:48+00:00	candidate		storyboard
064-03	v01	assets/art/panels/064-03/v01-storyboard-svg.svg	storyboard-svg		1200	800	4103	2026-09-07T16:49:17+00:00	candidate		storyboard
064-03	v02	assets/art/panels/064-03/v02-storyboard-svg.svg	storyboard-svg		1200	800	4618	2026-09-07T16:55:28+00:00	candidate		storyboard
064-03	v03	assets/art/panels/064-03/v03-storyboard-svg.svg	storyboard-svg		1200	800	4926	2026-09-12T21:18:27+00:00	candidate		storyboard
064-03	v04	assets/art/panels/064-03/v04-storyboard-svg.svg	storyboard-svg		1200	800	5830	2026-09-12T23:01:00+00:00	candidate		storyboard
064-03	v05	assets/art/panels/064-03/v05-storyboard-svg.svg	storyboard-svg		1200	800	5876	2026-09-12T23:55:11+00:00	candidate		storyboard
064-03	v06	assets/art/panels/064-03/v06-storyboard-svg.svg	storyboard-svg		1200	800	6883	2026-09-13T00:10:06+00:00	candidate		storyboard
064-03	v07	assets/art/panels/064-03/v07-storyboard-svg.svg	storyboard-svg		1200	800	10133	2026-09-13T00:25:41+00:00	candidate		storyboard
064-03	v08	assets/art/panels/064-03/v08-storyboard-svg.svg	storyboard-svg		1200	800	10706	2026-09-13T01:34:48+00:00	candidate		storyboard
064-04	v01	assets/art/panels/064-04/v01-storyboard-svg.svg	storyboard-svg		1200	800	7681	2026-09-07T16:49:18+00:00	candidate		storyboard
064-04	v02	assets/art/panels/064-04/v02-storyboard-svg.svg	storyboard-svg		1200	800	7837	2026-09-07T16:55:28+00:00	candidate		storyboard
064-04	v03	assets/art/panels/064-04/v03-storyboard-svg.svg	storyboard-svg		1200	800	8318	2026-09-12T21:18:27+00:00	candidate		storyboard
064-04	v04	assets/art/panels/064-04/v04-storyboard-svg.svg	storyboard-svg		1200	800	10306	2026-09-12T23:01:00+00:00	candidate		storyboard
064-04	v05	assets/art/panels/064-04/v05-storyboard-svg.svg	storyboard-svg		1200	800	10343	2026-09-12T23:55:11+00:00	candidate		storyboard
064-04	v06	assets/art/panels/064-04/v06-storyboard-svg.svg	storyboard-svg		1200	800	11394	2026-09-13T00:10:06+00:00	candidate		storyboard
064-04	v07	assets/art/panels/064-04/v07-storyboard-svg.svg	storyboard-svg		1200	800	14724	2026-09-13T00:25:41+00:00	candidate		storyboard
064-04	v08	assets/art/panels/064-04/v08-storyboard-svg.svg	storyboard-svg		1200	800	14932	2026-09-13T01:34:48+00:00	candidate		storyboard
065-01	v01	assets/art/panels/065-01/v01-storyboard-svg.svg	storyboard-svg		1200	800	4551	2026-09-07T16:49:18+00:00	candidate		storyboard
065-01	v02	assets/art/panels/065-01/v02-storyboard-svg.svg	storyboard-svg		1200	800	4919	2026-09-07T16:55:28+00:00	candidate		storyboard
065-01	v03	assets/art/panels/065-01/v03-storyboard-svg.svg	storyboard-svg		1200	800	5309	2026-09-12T21:18:27+00:00	candidate		storyboard
065-01	v04	assets/art/panels/065-01/v04-storyboard-svg.svg	storyboard-svg		1200	800	9281	2026-09-12T23:01:00+00:00	candidate		storyboard
065-01	v05	assets/art/panels/065-01/v05-storyboard-svg.svg	storyboard-svg		1200	800	9350	2026-09-12T23:55:11+00:00	candidate		storyboard
065-01	v06	assets/art/panels/065-01/v06-storyboard-svg.svg	storyboard-svg		1200	800	11549	2026-09-13T00:10:06+00:00	candidate		storyboard
065-01	v07	assets/art/panels/065-01/v07-storyboard-svg.svg	storyboard-svg		1200	800	18166	2026-09-13T00:25:41+00:00	candidate		storyboard
065-01	v08	assets/art/panels/065-01/v08-storyboard-svg.svg	storyboard-svg		1200	800	18740	2026-09-13T01:34:48+00:00	candidate		storyboard
065-02	v01	assets/art/panels/065-02/v01-storyboard-svg.svg	storyboard-svg		1200	800	5689	2026-09-07T16:49:18+00:00	candidate		storyboard
065-02	v02	assets/art/panels/065-02/v02-storyboard-svg.svg	storyboard-svg		1200	800	6152	2026-09-07T16:55:28+00:00	candidate		storyboard
065-02	v03	assets/art/panels/065-02/v03-storyboard-svg.svg	storyboard-svg		1200	800	6233	2026-09-12T21:18:27+00:00	candidate		storyboard
065-02	v04	assets/art/panels/065-02/v04-storyboard-svg.svg	storyboard-svg		1200	800	9982	2026-09-12T23:01:00+00:00	candidate		storyboard
065-02	v05	assets/art/panels/065-02/v05-storyboard-svg.svg	storyboard-svg		1200	800	10051	2026-09-12T23:55:11+00:00	candidate		storyboard
065-02	v06	assets/art/panels/065-02/v06-storyboard-svg.svg	storyboard-svg		1200	800	12250	2026-09-13T00:10:06+00:00	candidate		storyboard
065-02	v07	assets/art/panels/065-02/v07-storyboard-svg.svg	storyboard-svg		1200	800	18867	2026-09-13T00:25:41+00:00	candidate		storyboard
065-02	v08	assets/art/panels/065-02/v08-storyboard-svg.svg	storyboard-svg		1200	800	19441	2026-09-13T01:34:48+00:00	candidate		storyboard
065-03	v01	assets/art/panels/065-03/v01-storyboard-svg.svg	storyboard-svg		1200	800	4197	2026-09-07T16:49:18+00:00	candidate		storyboard
065-03	v02	assets/art/panels/065-03/v02-storyboard-svg.svg	storyboard-svg		1200	800	4565	2026-09-07T16:55:29+00:00	candidate		storyboard
065-03	v03	assets/art/panels/065-03/v03-storyboard-svg.svg	storyboard-svg		1200	800	4960	2026-09-12T21:18:27+00:00	candidate		storyboard
065-03	v04	assets/art/panels/065-03/v04-storyboard-svg.svg	storyboard-svg		1200	800	8075	2026-09-12T23:01:00+00:00	candidate		storyboard
065-03	v05	assets/art/panels/065-03/v05-storyboard-svg.svg	storyboard-svg		1200	800	8144	2026-09-12T23:55:11+00:00	candidate		storyboard
065-03	v06	assets/art/panels/065-03/v06-storyboard-svg.svg	storyboard-svg		1200	800	10343	2026-09-13T00:10:06+00:00	candidate		storyboard
065-03	v07	assets/art/panels/065-03/v07-storyboard-svg.svg	storyboard-svg		1200	800	16960	2026-09-13T00:25:41+00:00	candidate		storyboard
065-03	v08	assets/art/panels/065-03/v08-storyboard-svg.svg	storyboard-svg		1200	800	17532	2026-09-13T01:34:48+00:00	candidate		storyboard
065-04	v01	assets/art/panels/065-04/v01-storyboard-svg.svg	storyboard-svg		1200	800	4747	2026-09-07T16:49:18+00:00	candidate		storyboard
065-04	v02	assets/art/panels/065-04/v02-storyboard-svg.svg	storyboard-svg		1200	800	5115	2026-09-07T16:55:29+00:00	candidate		storyboard
065-04	v03	assets/art/panels/065-04/v03-storyboard-svg.svg	storyboard-svg		1200	800	5570	2026-09-12T21:18:27+00:00	candidate		storyboard
065-04	v04	assets/art/panels/065-04/v04-storyboard-svg.svg	storyboard-svg		1200	800	10969	2026-09-12T23:01:00+00:00	candidate		storyboard
065-04	v05	assets/art/panels/065-04/v05-storyboard-svg.svg	storyboard-svg		1200	800	11038	2026-09-12T23:55:11+00:00	candidate		storyboard
065-04	v06	assets/art/panels/065-04/v06-storyboard-svg.svg	storyboard-svg		1200	800	13237	2026-09-13T00:10:06+00:00	candidate		storyboard
065-04	v07	assets/art/panels/065-04/v07-storyboard-svg.svg	storyboard-svg		1200	800	19854	2026-09-13T00:25:41+00:00	candidate		storyboard
065-04	v08	assets/art/panels/065-04/v08-storyboard-svg.svg	storyboard-svg		1200	800	20427	2026-09-13T01:34:48+00:00	candidate		storyboard
065-05	v01	assets/art/panels/065-05/v01-storyboard-svg.svg	storyboard-svg		1200	800	4189	2026-09-07T16:49:18+00:00	candidate		storyboard
065-05	v02	assets/art/panels/065-05/v02-storyboard-svg.svg	storyboard-svg		1200	800	4435	2026-09-07T16:55:29+00:00	candidate		storyboard
065-05	v03	assets/art/panels/065-05/v03-storyboard-svg.svg	storyboard-svg		1200	800	4864	2026-09-12T21:18:27+00:00	candidate		storyboard
065-05	v04	assets/art/panels/065-05/v04-storyboard-svg.svg	storyboard-svg		1200	800	8396	2026-09-12T23:01:00+00:00	candidate		storyboard
065-05	v05	assets/art/panels/065-05/v05-storyboard-svg.svg	storyboard-svg		1200	800	8465	2026-09-12T23:55:11+00:00	candidate		storyboard
065-05	v06	assets/art/panels/065-05/v06-storyboard-svg.svg	storyboard-svg		1200	800	10664	2026-09-13T00:10:06+00:00	candidate		storyboard
065-05	v07	assets/art/panels/065-05/v07-storyboard-svg.svg	storyboard-svg		1200	800	17281	2026-09-13T00:25:41+00:00	candidate		storyboard
065-05	v08	assets/art/panels/065-05/v08-storyboard-svg.svg	storyboard-svg		1200	800	17672	2026-09-13T01:34:48+00:00	candidate		storyboard
066-01	v01	assets/art/panels/066-01/v01-storyboard-svg.svg	storyboard-svg		1200	800	9822	2026-09-07T16:49:18+00:00	candidate		storyboard
066-01	v02	assets/art/panels/066-01/v02-storyboard-svg.svg	storyboard-svg		1200	800	10619	2026-09-07T16:55:29+00:00	candidate		storyboard
066-01	v03	assets/art/panels/066-01/v03-storyboard-svg.svg	storyboard-svg		1200	800	11236	2026-09-12T21:18:27+00:00	candidate		storyboard
066-01	v04	assets/art/panels/066-01/v04-storyboard-svg.svg	storyboard-svg		1200	800	19096	2026-09-12T23:01:00+00:00	candidate		storyboard
066-01	v05	assets/art/panels/066-01/v05-storyboard-svg.svg	storyboard-svg		1200	800	19133	2026-09-12T23:55:11+00:00	candidate		storyboard
066-01	v06	assets/art/panels/066-01/v06-storyboard-svg.svg	storyboard-svg		1200	800	20188	2026-09-13T00:10:06+00:00	candidate		storyboard
066-01	v07	assets/art/panels/066-01/v07-storyboard-svg.svg	storyboard-svg		1200	800	23518	2026-09-13T00:25:41+00:00	candidate		storyboard
066-01	v08	assets/art/panels/066-01/v08-storyboard-svg.svg	storyboard-svg		1200	800	24639	2026-09-13T01:34:48+00:00	candidate		storyboard
066-02	v01	assets/art/panels/066-02/v01-storyboard-svg.svg	storyboard-svg		1200	800	4768	2026-09-07T16:49:18+00:00	candidate		storyboard
066-02	v02	assets/art/panels/066-02/v02-storyboard-svg.svg	storyboard-svg		1200	800	5136	2026-09-07T16:55:29+00:00	candidate		storyboard
066-02	v03	assets/art/panels/066-02/v03-storyboard-svg.svg	storyboard-svg		1200	800	5582	2026-09-12T21:18:27+00:00	candidate		storyboard
066-02	v04	assets/art/panels/066-02/v04-storyboard-svg.svg	storyboard-svg		1200	800	10981	2026-09-12T23:01:00+00:00	candidate		storyboard
066-02	v05	assets/art/panels/066-02/v05-storyboard-svg.svg	storyboard-svg		1200	800	11050	2026-09-12T23:55:11+00:00	candidate		storyboard
066-02	v06	assets/art/panels/066-02/v06-storyboard-svg.svg	storyboard-svg		1200	800	13249	2026-09-13T00:10:06+00:00	candidate		storyboard
066-02	v07	assets/art/panels/066-02/v07-storyboard-svg.svg	storyboard-svg		1200	800	19866	2026-09-13T00:25:41+00:00	candidate		storyboard
066-02	v08	assets/art/panels/066-02/v08-storyboard-svg.svg	storyboard-svg		1200	800	20508	2026-09-13T01:34:48+00:00	candidate		storyboard
066-03	v01	assets/art/panels/066-03/v01-storyboard-svg.svg	storyboard-svg		1200	800	4437	2026-09-07T16:49:18+00:00	candidate		storyboard
066-03	v02	assets/art/panels/066-03/v02-storyboard-svg.svg	storyboard-svg		1200	800	4831	2026-09-07T16:55:29+00:00	candidate		storyboard
066-03	v03	assets/art/panels/066-03/v03-storyboard-svg.svg	storyboard-svg		1200	800	6025	2026-09-12T21:18:27+00:00	candidate		storyboard
066-03	v04	assets/art/panels/066-03/v04-storyboard-svg.svg	storyboard-svg		1200	800	10906	2026-09-12T23:01:00+00:00	candidate		storyboard
066-03	v05	assets/art/panels/066-03/v05-storyboard-svg.svg	storyboard-svg		1200	800	10943	2026-09-12T23:55:11+00:00	candidate		storyboard
066-03	v06	assets/art/panels/066-03/v06-storyboard-svg.svg	storyboard-svg		1200	800	11994	2026-09-13T00:10:06+00:00	candidate		storyboard
066-03	v07	assets/art/panels/066-03/v07-storyboard-svg.svg	storyboard-svg		1200	800	15324	2026-09-13T00:25:41+00:00	candidate		storyboard
066-03	v08	assets/art/panels/066-03/v08-storyboard-svg.svg	storyboard-svg		1200	800	15873	2026-09-13T01:34:48+00:00	candidate		storyboard
066-04	v01	assets/art/panels/066-04/v01-storyboard-svg.svg	storyboard-svg		1200	800	4667	2026-09-07T16:49:18+00:00	candidate		storyboard
066-04	v02	assets/art/panels/066-04/v02-storyboard-svg.svg	storyboard-svg		1200	800	5039	2026-09-07T16:55:29+00:00	candidate		storyboard
066-04	v03	assets/art/panels/066-04/v03-storyboard-svg.svg	storyboard-svg		1200	800	5384	2026-09-12T21:18:27+00:00	candidate		storyboard
066-04	v04	assets/art/panels/066-04/v04-storyboard-svg.svg	storyboard-svg		1200	800	9869	2026-09-12T23:01:00+00:00	candidate		storyboard
066-04	v05	assets/art/panels/066-04/v05-storyboard-svg.svg	storyboard-svg		1200	800	9906	2026-09-12T23:55:11+00:00	candidate		storyboard
066-04	v06	assets/art/panels/066-04/v06-storyboard-svg.svg	storyboard-svg		1200	800	10957	2026-09-13T00:10:06+00:00	candidate		storyboard
066-04	v07	assets/art/panels/066-04/v07-storyboard-svg.svg	storyboard-svg		1200	800	14287	2026-09-13T00:25:41+00:00	candidate		storyboard
066-04	v08	assets/art/panels/066-04/v08-storyboard-svg.svg	storyboard-svg		1200	800	14861	2026-09-13T01:34:48+00:00	candidate		storyboard
066-05	v01	assets/art/panels/066-05/v01-storyboard-svg.svg	storyboard-svg		1200	800	5288	2026-09-07T16:49:18+00:00	candidate		storyboard
066-05	v02	assets/art/panels/066-05/v02-storyboard-svg.svg	storyboard-svg		1200	800	5432	2026-09-07T16:55:29+00:00	candidate		storyboard
066-05	v03	assets/art/panels/066-05/v03-storyboard-svg.svg	storyboard-svg		1200	800	7340	2026-09-12T21:18:27+00:00	candidate		storyboard
066-05	v04	assets/art/panels/066-05/v04-storyboard-svg.svg	storyboard-svg		1200	800	13420	2026-09-12T23:01:00+00:00	candidate		storyboard
066-05	v05	assets/art/panels/066-05/v05-storyboard-svg.svg	storyboard-svg		1200	800	13489	2026-09-12T23:55:11+00:00	candidate		storyboard
066-05	v06	assets/art/panels/066-05/v06-storyboard-svg.svg	storyboard-svg		1200	800	15688	2026-09-13T00:10:06+00:00	candidate		storyboard
066-05	v07	assets/art/panels/066-05/v07-storyboard-svg.svg	storyboard-svg		1200	800	22305	2026-09-13T00:25:41+00:00	candidate		storyboard
066-05	v08	assets/art/panels/066-05/v08-storyboard-svg.svg	storyboard-svg		1200	800	23061	2026-09-13T01:34:48+00:00	candidate		storyboard
067-01	v01	assets/art/panels/067-01/v01-storyboard-svg.svg	storyboard-svg		1200	800	5165	2026-09-07T16:49:18+00:00	candidate		storyboard
067-01	v02	assets/art/panels/067-01/v02-storyboard-svg.svg	storyboard-svg		1200	800	5558	2026-09-07T16:55:30+00:00	candidate		storyboard
067-01	v03	assets/art/panels/067-01/v03-storyboard-svg.svg	storyboard-svg		1200	800	5902	2026-09-12T21:18:27+00:00	candidate		storyboard
067-01	v04	assets/art/panels/067-01/v04-storyboard-svg.svg	storyboard-svg		1200	800	10861	2026-09-12T23:01:00+00:00	candidate		storyboard
067-01	v05	assets/art/panels/067-01/v05-storyboard-svg.svg	storyboard-svg		1200	800	10004	2026-09-12T23:15:36+00:00	candidate		storyboard
067-01	v06	assets/art/panels/067-01/v06-storyboard-svg.svg	storyboard-svg		1200	800	9993	2026-09-12T23:17:50+00:00	candidate		storyboard
067-01	v07	assets/art/panels/067-01/v07-storyboard-svg.svg	storyboard-svg		1200	800	10039	2026-09-12T23:55:11+00:00	candidate		storyboard
067-01	v08	assets/art/panels/067-01/v08-storyboard-svg.svg	storyboard-svg		1200	800	11046	2026-09-13T00:10:06+00:00	candidate		storyboard
067-01	v09	assets/art/panels/067-01/v09-storyboard-svg.svg	storyboard-svg		1200	800	14296	2026-09-13T00:25:41+00:00	candidate		storyboard
067-01	v10	assets/art/panels/067-01/v10-storyboard-svg.svg	storyboard-svg		1200	800	14712	2026-09-13T01:34:48+00:00	candidate		storyboard
067-02	v01	assets/art/panels/067-02/v01-storyboard-svg.svg	storyboard-svg		1200	800	4862	2026-09-07T16:49:18+00:00	candidate		storyboard
067-02	v02	assets/art/panels/067-02/v02-storyboard-svg.svg	storyboard-svg		1200	800	5562	2026-09-07T16:55:30+00:00	candidate		storyboard
067-02	v03	assets/art/panels/067-02/v03-storyboard-svg.svg	storyboard-svg		1200	800	6084	2026-09-12T21:18:27+00:00	candidate		storyboard
067-02	v04	assets/art/panels/067-02/v04-storyboard-svg.svg	storyboard-svg		1200	800	7271	2026-09-12T22:35:06+00:00	candidate		storyboard
067-02	v05	assets/art/panels/067-02/v05-storyboard-svg.svg	storyboard-svg		1200	800	10692	2026-09-12T23:01:00+00:00	candidate		storyboard
067-02	v06	assets/art/panels/067-02/v06-storyboard-svg.svg	storyboard-svg		1200	800	10738	2026-09-12T23:55:11+00:00	candidate		storyboard
067-02	v07	assets/art/panels/067-02/v07-storyboard-svg.svg	storyboard-svg		1200	800	11736	2026-09-13T01:34:48+00:00	candidate		storyboard
067-03	v01	assets/art/panels/067-03/v01-storyboard-svg.svg	storyboard-svg		1200	800	1961	2026-09-07T16:49:18+00:00	candidate		storyboard
067-03	v02	assets/art/panels/067-03/v02-storyboard-svg.svg	storyboard-svg		1200	800	2232	2026-09-12T21:18:27+00:00	candidate		storyboard
067-03	v03	assets/art/panels/067-03/v03-storyboard-svg.svg	storyboard-svg		1200	800	2278	2026-09-12T23:55:11+00:00	candidate		storyboard
067-03	v04	assets/art/panels/067-03/v04-storyboard-svg.svg	storyboard-svg		1200	800	2328	2026-09-13T01:34:48+00:00	candidate		storyboard
068-01	v01	assets/art/panels/068-01/v01-storyboard-svg.svg	storyboard-svg		1200	800	4357	2026-09-07T16:49:18+00:00	candidate		storyboard
068-01	v02	assets/art/panels/068-01/v02-storyboard-svg.svg	storyboard-svg		1200	800	5603	2026-09-07T16:55:30+00:00	candidate		storyboard
068-01	v03	assets/art/panels/068-01/v03-storyboard-svg.svg	storyboard-svg		1200	800	5697	2026-09-07T17:01:45+00:00	candidate		storyboard
068-01	v04	assets/art/panels/068-01/v04-storyboard-svg.svg	storyboard-svg		1200	800	6101	2026-09-12T21:18:27+00:00	candidate		storyboard
068-01	v05	assets/art/panels/068-01/v05-storyboard-svg.svg	storyboard-svg		1200	800	10392	2026-09-12T23:01:00+00:00	candidate		storyboard
068-01	v06	assets/art/panels/068-01/v06-storyboard-svg.svg	storyboard-svg		1200	800	10435	2026-09-12T23:55:11+00:00	candidate		storyboard
068-01	v07	assets/art/panels/068-01/v07-storyboard-svg.svg	storyboard-svg		1200	800	11478	2026-09-13T00:10:06+00:00	candidate		storyboard
068-01	v08	assets/art/panels/068-01/v08-storyboard-svg.svg	storyboard-svg		1200	800	14603	2026-09-13T00:25:41+00:00	candidate		storyboard
068-01	v09	assets/art/panels/068-01/v09-storyboard-svg.svg	storyboard-svg		1200	800	15357	2026-09-13T01:34:48+00:00	candidate		storyboard
068-02	v01	assets/art/panels/068-02/v01-storyboard-svg.svg	storyboard-svg		1200	800	2917	2026-09-07T16:49:18+00:00	candidate		storyboard
068-02	v02	assets/art/panels/068-02/v02-storyboard-svg.svg	storyboard-svg		1200	800	3909	2026-09-07T16:55:30+00:00	candidate		storyboard
068-02	v03	assets/art/panels/068-02/v03-storyboard-svg.svg	storyboard-svg		1200	800	3996	2026-09-07T17:01:45+00:00	candidate		storyboard
068-02	v04	assets/art/panels/068-02/v04-storyboard-svg.svg	storyboard-svg		1200	800	4348	2026-09-12T21:18:27+00:00	candidate		storyboard
068-02	v05	assets/art/panels/068-02/v05-storyboard-svg.svg	storyboard-svg		1200	800	6081	2026-09-12T23:01:00+00:00	candidate		storyboard
068-02	v06	assets/art/panels/068-02/v06-storyboard-svg.svg	storyboard-svg		1200	800	6127	2026-09-12T23:55:11+00:00	candidate		storyboard
068-02	v07	assets/art/panels/068-02/v07-storyboard-svg.svg	storyboard-svg		1200	800	7134	2026-09-13T00:10:06+00:00	candidate		storyboard
068-02	v08	assets/art/panels/068-02/v08-storyboard-svg.svg	storyboard-svg		1200	800	10384	2026-09-13T00:25:41+00:00	candidate		storyboard
068-02	v09	assets/art/panels/068-02/v09-storyboard-svg.svg	storyboard-svg		1200	800	10775	2026-09-13T01:34:48+00:00	candidate		storyboard
068-03	v01	assets/art/panels/068-03/v01-storyboard-svg.svg	storyboard-svg		1200	800	4487	2026-09-07T16:49:19+00:00	candidate		storyboard
068-03	v02	assets/art/panels/068-03/v02-storyboard-svg.svg	storyboard-svg		1200	800	5752	2026-09-07T16:55:30+00:00	candidate		storyboard
068-03	v03	assets/art/panels/068-03/v03-storyboard-svg.svg	storyboard-svg		1200	800	5831	2026-09-07T17:01:45+00:00	candidate		storyboard
068-03	v04	assets/art/panels/068-03/v04-storyboard-svg.svg	storyboard-svg		1200	800	6147	2026-09-12T21:18:27+00:00	candidate		storyboard
068-03	v05	assets/art/panels/068-03/v05-storyboard-svg.svg	storyboard-svg		1200	800	9841	2026-09-12T23:01:00+00:00	candidate		storyboard
068-03	v06	assets/art/panels/068-03/v06-storyboard-svg.svg	storyboard-svg		1200	800	9885	2026-09-12T23:55:11+00:00	candidate		storyboard
068-03	v07	assets/art/panels/068-03/v07-storyboard-svg.svg	storyboard-svg		1200	800	10954	2026-09-13T00:10:06+00:00	candidate		storyboard
068-03	v08	assets/art/panels/068-03/v08-storyboard-svg.svg	storyboard-svg		1200	800	14296	2026-09-13T00:25:41+00:00	candidate		storyboard
068-03	v09	assets/art/panels/068-03/v09-storyboard-svg.svg	storyboard-svg		1200	800	15053	2026-09-13T01:34:48+00:00	candidate		storyboard
068-04	v01	assets/art/panels/068-04/v01-storyboard-svg.svg	storyboard-svg		1200	800	4426	2026-09-07T16:49:19+00:00	candidate		storyboard
068-04	v02	assets/art/panels/068-04/v02-storyboard-svg.svg	storyboard-svg		1200	800	5672	2026-09-07T16:55:30+00:00	candidate		storyboard
068-04	v03	assets/art/panels/068-04/v03-storyboard-svg.svg	storyboard-svg		1200	800	5766	2026-09-07T17:01:45+00:00	candidate		storyboard
068-04	v04	assets/art/panels/068-04/v04-storyboard-svg.svg	storyboard-svg		1200	800	6158	2026-09-12T21:18:27+00:00	candidate		storyboard
068-04	v05	assets/art/panels/068-04/v05-storyboard-svg.svg	storyboard-svg		1200	800	10938	2026-09-12T23:01:00+00:00	candidate		storyboard
068-04	v06	assets/art/panels/068-04/v06-storyboard-svg.svg	storyboard-svg		1200	800	11016	2026-09-12T23:55:11+00:00	candidate		storyboard
068-04	v07	assets/art/panels/068-04/v07-storyboard-svg.svg	storyboard-svg		1200	800	13133	2026-09-13T00:10:06+00:00	candidate		storyboard
068-04	v08	assets/art/panels/068-04/v08-storyboard-svg.svg	storyboard-svg		1200	800	19600	2026-09-13T00:25:41+00:00	candidate		storyboard
068-04	v09	assets/art/panels/068-04/v09-storyboard-svg.svg	storyboard-svg		1200	800	20354	2026-09-13T01:34:48+00:00	candidate		storyboard
068-05	v01	assets/art/panels/068-05/v01-storyboard-svg.svg	storyboard-svg		1200	800	4877	2026-09-07T16:49:19+00:00	candidate		storyboard
068-05	v02	assets/art/panels/068-05/v02-storyboard-svg.svg	storyboard-svg		1200	800	6123	2026-09-07T16:55:30+00:00	candidate		storyboard
068-05	v03	assets/art/panels/068-05/v03-storyboard-svg.svg	storyboard-svg		1200	800	6217	2026-09-07T17:01:46+00:00	candidate		storyboard
068-05	v04	assets/art/panels/068-05/v04-storyboard-svg.svg	storyboard-svg		1200	800	6436	2026-09-12T21:18:27+00:00	candidate		storyboard
068-05	v05	assets/art/panels/068-05/v05-storyboard-svg.svg	storyboard-svg		1200	800	12074	2026-09-12T23:01:00+00:00	candidate		storyboard
068-05	v06	assets/art/panels/068-05/v06-storyboard-svg.svg	storyboard-svg		1200	800	12009	2026-09-12T23:15:36+00:00	candidate		storyboard
068-05	v07	assets/art/panels/068-05/v07-storyboard-svg.svg	storyboard-svg		1200	800	12648	2026-09-12T23:30:36+00:00	candidate		storyboard
068-05	v08	assets/art/panels/068-05/v08-storyboard-svg.svg	storyboard-svg		1200	800	12726	2026-09-12T23:55:11+00:00	candidate		storyboard
068-05	v09	assets/art/panels/068-05/v09-storyboard-svg.svg	storyboard-svg		1200	800	14843	2026-09-13T00:10:06+00:00	candidate		storyboard
068-05	v10	assets/art/panels/068-05/v10-storyboard-svg.svg	storyboard-svg		1200	800	21310	2026-09-13T00:25:41+00:00	candidate		storyboard
068-05	v11	assets/art/panels/068-05/v11-storyboard-svg.svg	storyboard-svg		1200	800	22067	2026-09-13T01:34:48+00:00	candidate		storyboard
069-01	v01	assets/art/panels/069-01/v01-storyboard-svg.svg	storyboard-svg		1200	800	3899	2026-09-07T16:49:19+00:00	candidate		storyboard
069-01	v02	assets/art/panels/069-01/v02-storyboard-svg.svg	storyboard-svg		1200	800	5050	2026-09-07T16:55:30+00:00	candidate		storyboard
069-01	v03	assets/art/panels/069-01/v03-storyboard-svg.svg	storyboard-svg		1200	800	5140	2026-09-07T17:01:46+00:00	candidate		storyboard
069-01	v04	assets/art/panels/069-01/v04-storyboard-svg.svg	storyboard-svg		1200	800	5531	2026-09-12T21:18:27+00:00	candidate		storyboard
069-01	v05	assets/art/panels/069-01/v05-storyboard-svg.svg	storyboard-svg		1200	800	10966	2026-09-12T23:01:00+00:00	candidate		storyboard
069-01	v06	assets/art/panels/069-01/v06-storyboard-svg.svg	storyboard-svg		1200	800	11016	2026-09-12T23:55:11+00:00	candidate		storyboard
069-01	v07	assets/art/panels/069-01/v07-storyboard-svg.svg	storyboard-svg		1200	800	12165	2026-09-13T00:10:06+00:00	candidate		storyboard
069-01	v08	assets/art/panels/069-01/v08-storyboard-svg.svg	storyboard-svg		1200	800	15376	2026-09-13T00:25:41+00:00	candidate		storyboard
069-01	v09	assets/art/panels/069-01/v09-storyboard-svg.svg	storyboard-svg		1200	800	15949	2026-09-13T01:34:48+00:00	candidate		storyboard
069-02	v01	assets/art/panels/069-02/v01-storyboard-svg.svg	storyboard-svg		1200	800	4216	2026-09-07T16:49:19+00:00	candidate		storyboard
069-02	v02	assets/art/panels/069-02/v02-storyboard-svg.svg	storyboard-svg		1200	800	5513	2026-09-07T16:55:30+00:00	candidate		storyboard
069-02	v03	assets/art/panels/069-02/v03-storyboard-svg.svg	storyboard-svg		1200	800	5610	2026-09-07T17:01:46+00:00	candidate		storyboard
069-02	v04	assets/art/panels/069-02/v04-storyboard-svg.svg	storyboard-svg		1200	800	5947	2026-09-12T21:18:27+00:00	candidate		storyboard
069-02	v05	assets/art/panels/069-02/v05-storyboard-svg.svg	storyboard-svg		1200	800	10727	2026-09-12T23:01:00+00:00	candidate		storyboard
069-02	v06	assets/art/panels/069-02/v06-storyboard-svg.svg	storyboard-svg		1200	800	10766	2026-09-12T23:55:11+00:00	candidate		storyboard
069-02	v07	assets/art/panels/069-02/v07-storyboard-svg.svg	storyboard-svg		1200	800	11861	2026-09-13T00:10:06+00:00	candidate		storyboard
069-02	v08	assets/art/panels/069-02/v08-storyboard-svg.svg	storyboard-svg		1200	800	15272	2026-09-13T00:25:41+00:00	candidate		storyboard
069-02	v09	assets/art/panels/069-02/v09-storyboard-svg.svg	storyboard-svg		1200	800	16002	2026-09-13T01:34:48+00:00	candidate		storyboard
069-03	v01	assets/art/panels/069-03/v01-storyboard-svg.svg	storyboard-svg		1200	800	4756	2026-09-07T16:49:19+00:00	candidate		storyboard
069-03	v02	assets/art/panels/069-03/v02-storyboard-svg.svg	storyboard-svg		1200	800	6045	2026-09-07T16:55:31+00:00	candidate		storyboard
069-03	v03	assets/art/panels/069-03/v03-storyboard-svg.svg	storyboard-svg		1200	800	6125	2026-09-07T17:01:46+00:00	candidate		storyboard
069-03	v04	assets/art/panels/069-03/v04-storyboard-svg.svg	storyboard-svg		1200	800	5556	2026-09-12T21:18:27+00:00	candidate		storyboard
069-03	v05	assets/art/panels/069-03/v05-storyboard-svg.svg	storyboard-svg		1200	800	7843	2026-09-12T23:01:00+00:00	candidate		storyboard
069-03	v06	assets/art/panels/069-03/v06-storyboard-svg.svg	storyboard-svg		1200	800	7882	2026-09-12T23:55:11+00:00	candidate		storyboard
069-03	v07	assets/art/panels/069-03/v07-storyboard-svg.svg	storyboard-svg		1200	800	8977	2026-09-13T00:10:06+00:00	candidate		storyboard
069-03	v08	assets/art/panels/069-03/v08-storyboard-svg.svg	storyboard-svg		1200	800	12388	2026-09-13T00:25:41+00:00	candidate		storyboard
069-03	v09	assets/art/panels/069-03/v09-storyboard-svg.svg	storyboard-svg		1200	800	12937	2026-09-13T01:34:48+00:00	candidate		storyboard
069-04	v01	assets/art/panels/069-04/v01-storyboard-svg.svg	storyboard-svg		1200	800	4328	2026-09-07T16:49:19+00:00	candidate		storyboard
069-04	v02	assets/art/panels/069-04/v02-storyboard-svg.svg	storyboard-svg		1200	800	5360	2026-09-07T16:55:31+00:00	candidate		storyboard
069-04	v03	assets/art/panels/069-04/v03-storyboard-svg.svg	storyboard-svg		1200	800	5483	2026-09-07T17:01:46+00:00	candidate		storyboard
069-04	v04	assets/art/panels/069-04/v04-storyboard-svg.svg	storyboard-svg		1200	800	5820	2026-09-12T21:18:27+00:00	candidate		storyboard
069-04	v05	assets/art/panels/069-04/v05-storyboard-svg.svg	storyboard-svg		1200	800	9690	2026-09-12T23:01:00+00:00	candidate		storyboard
069-04	v06	assets/art/panels/069-04/v06-storyboard-svg.svg	storyboard-svg		1200	800	9758	2026-09-12T23:55:11+00:00	candidate		storyboard
069-04	v07	assets/art/panels/069-04/v07-storyboard-svg.svg	storyboard-svg		1200	800	11967	2026-09-13T00:10:06+00:00	candidate		storyboard
069-04	v08	assets/art/panels/069-04/v08-storyboard-svg.svg	storyboard-svg		1200	800	18704	2026-09-13T00:25:41+00:00	candidate		storyboard
069-04	v09	assets/art/panels/069-04/v09-storyboard-svg.svg	storyboard-svg		1200	800	19253	2026-09-13T01:34:48+00:00	candidate		storyboard
069-05	v01	assets/art/panels/069-05/v01-storyboard-svg.svg	storyboard-svg		1200	800	4618	2026-09-07T16:49:19+00:00	candidate		storyboard
069-05	v02	assets/art/panels/069-05/v02-storyboard-svg.svg	storyboard-svg		1200	800	5881	2026-09-07T16:55:31+00:00	candidate		storyboard
069-05	v03	assets/art/panels/069-05/v03-storyboard-svg.svg	storyboard-svg		1200	800	5976	2026-09-07T17:01:46+00:00	candidate		storyboard
069-05	v04	assets/art/panels/069-05/v04-storyboard-svg.svg	storyboard-svg		1200	800	6303	2026-09-12T21:18:27+00:00	candidate		storyboard
069-05	v05	assets/art/panels/069-05/v05-storyboard-svg.svg	storyboard-svg		1200	800	10345	2026-09-12T23:01:00+00:00	candidate		storyboard
069-05	v06	assets/art/panels/069-05/v06-storyboard-svg.svg	storyboard-svg		1200	800	10395	2026-09-12T23:55:11+00:00	candidate		storyboard
069-05	v07	assets/art/panels/069-05/v07-storyboard-svg.svg	storyboard-svg		1200	800	11544	2026-09-13T00:10:06+00:00	candidate		storyboard
069-05	v08	assets/art/panels/069-05/v08-storyboard-svg.svg	storyboard-svg		1200	800	14755	2026-09-13T00:25:41+00:00	candidate		storyboard
069-05	v09	assets/art/panels/069-05/v09-storyboard-svg.svg	storyboard-svg		1200	800	15592	2026-09-13T01:34:48+00:00	candidate		storyboard
070-01	v01	assets/art/panels/070-01/v01-storyboard-svg.svg	storyboard-svg		1200	800	4155	2026-09-07T16:49:19+00:00	candidate		storyboard
070-01	v02	assets/art/panels/070-01/v02-storyboard-svg.svg	storyboard-svg		1200	800	5312	2026-09-07T16:55:31+00:00	candidate		storyboard
070-01	v03	assets/art/panels/070-01/v03-storyboard-svg.svg	storyboard-svg		1200	800	5404	2026-09-07T17:01:47+00:00	candidate		storyboard
070-01	v04	assets/art/panels/070-01/v04-storyboard-svg.svg	storyboard-svg		1200	800	5775	2026-09-12T21:18:27+00:00	candidate		storyboard
070-01	v05	assets/art/panels/070-01/v05-storyboard-svg.svg	storyboard-svg		1200	800	9231	2026-09-12T23:01:00+00:00	candidate		storyboard
070-01	v06	assets/art/panels/070-01/v06-storyboard-svg.svg	storyboard-svg		1200	800	9277	2026-09-12T23:55:11+00:00	candidate		storyboard
070-01	v07	assets/art/panels/070-01/v07-storyboard-svg.svg	storyboard-svg		1200	800	10284	2026-09-13T00:10:06+00:00	candidate		storyboard
070-01	v08	assets/art/panels/070-01/v08-storyboard-svg.svg	storyboard-svg		1200	800	13534	2026-09-13T00:25:41+00:00	candidate		storyboard
070-01	v09	assets/art/panels/070-01/v09-storyboard-svg.svg	storyboard-svg		1200	800	14083	2026-09-13T01:34:48+00:00	candidate		storyboard
070-02	v01	assets/art/panels/070-02/v01-storyboard-svg.svg	storyboard-svg		1200	800	6793	2026-09-07T16:49:19+00:00	candidate		storyboard
070-02	v02	assets/art/panels/070-02/v02-storyboard-svg.svg	storyboard-svg		1200	800	8312	2026-09-07T16:55:31+00:00	candidate		storyboard
070-02	v03	assets/art/panels/070-02/v03-storyboard-svg.svg	storyboard-svg		1200	800	8418	2026-09-07T17:01:47+00:00	candidate		storyboard
070-02	v04	assets/art/panels/070-02/v04-storyboard-svg.svg	storyboard-svg		1200	800	8754	2026-09-12T21:18:27+00:00	candidate		storyboard
070-02	v05	assets/art/panels/070-02/v05-storyboard-svg.svg	storyboard-svg		1200	800	19995	2026-09-12T23:01:00+00:00	candidate		storyboard
070-02	v06	assets/art/panels/070-02/v06-storyboard-svg.svg	storyboard-svg		1200	800	20041	2026-09-12T23:55:11+00:00	candidate		storyboard
070-02	v07	assets/art/panels/070-02/v07-storyboard-svg.svg	storyboard-svg		1200	800	21048	2026-09-13T00:10:06+00:00	candidate		storyboard
070-02	v08	assets/art/panels/070-02/v08-storyboard-svg.svg	storyboard-svg		1200	800	24298	2026-09-13T00:25:41+00:00	candidate		storyboard
070-02	v09	assets/art/panels/070-02/v09-storyboard-svg.svg	storyboard-svg		1200	800	25421	2026-09-13T01:34:48+00:00	candidate		storyboard
070-03	v01	assets/art/panels/070-03/v01-storyboard-svg.svg	storyboard-svg		1200	800	4301	2026-09-07T16:49:19+00:00	candidate		storyboard
070-03	v02	assets/art/panels/070-03/v02-storyboard-svg.svg	storyboard-svg		1200	800	5566	2026-09-07T16:55:31+00:00	candidate		storyboard
070-03	v03	assets/art/panels/070-03/v03-storyboard-svg.svg	storyboard-svg		1200	800	5645	2026-09-07T17:01:47+00:00	candidate		storyboard
070-03	v04	assets/art/panels/070-03/v04-storyboard-svg.svg	storyboard-svg		1200	800	6002	2026-09-12T21:18:27+00:00	candidate		storyboard
070-03	v05	assets/art/panels/070-03/v05-storyboard-svg.svg	storyboard-svg		1200	800	9696	2026-09-12T23:01:00+00:00	candidate		storyboard
070-03	v06	assets/art/panels/070-03/v06-storyboard-svg.svg	storyboard-svg		1200	800	9742	2026-09-12T23:55:11+00:00	candidate		storyboard
070-03	v07	assets/art/panels/070-03/v07-storyboard-svg.svg	storyboard-svg		1200	800	10749	2026-09-13T00:10:06+00:00	candidate		storyboard
070-03	v08	assets/art/panels/070-03/v08-storyboard-svg.svg	storyboard-svg		1200	800	13999	2026-09-13T00:25:41+00:00	candidate		storyboard
070-03	v09	assets/art/panels/070-03/v09-storyboard-svg.svg	storyboard-svg		1200	800	14756	2026-09-13T01:34:48+00:00	candidate		storyboard
070-04	v01	assets/art/panels/070-04/v01-storyboard-svg.svg	storyboard-svg		1200	800	4412	2026-09-07T16:49:19+00:00	candidate		storyboard
070-04	v02	assets/art/panels/070-04/v02-storyboard-svg.svg	storyboard-svg		1200	800	5723	2026-09-07T16:55:31+00:00	candidate		storyboard
070-04	v03	assets/art/panels/070-04/v03-storyboard-svg.svg	storyboard-svg		1200	800	5817	2026-09-07T17:01:47+00:00	candidate		storyboard
070-04	v04	assets/art/panels/070-04/v04-storyboard-svg.svg	storyboard-svg		1200	800	6164	2026-09-12T21:18:27+00:00	candidate		storyboard
070-04	v05	assets/art/panels/070-04/v05-storyboard-svg.svg	storyboard-svg		1200	800	9145	2026-09-12T23:01:00+00:00	candidate		storyboard
070-04	v06	assets/art/panels/070-04/v06-storyboard-svg.svg	storyboard-svg		1200	800	9191	2026-09-12T23:55:11+00:00	candidate		storyboard
070-04	v07	assets/art/panels/070-04/v07-storyboard-svg.svg	storyboard-svg		1200	800	10198	2026-09-13T00:10:06+00:00	candidate		storyboard
070-04	v08	assets/art/panels/070-04/v08-storyboard-svg.svg	storyboard-svg		1200	800	13448	2026-09-13T00:25:41+00:00	candidate		storyboard
070-04	v09	assets/art/panels/070-04/v09-storyboard-svg.svg	storyboard-svg		1200	800	14203	2026-09-13T01:34:48+00:00	candidate		storyboard
070-05	v01	assets/art/panels/070-05/v01-storyboard-svg.svg	storyboard-svg		1200	800	4762	2026-09-07T16:49:19+00:00	candidate		storyboard
070-05	v02	assets/art/panels/070-05/v02-storyboard-svg.svg	storyboard-svg		1200	800	6053	2026-09-07T16:55:31+00:00	candidate		storyboard
070-05	v03	assets/art/panels/070-05/v03-storyboard-svg.svg	storyboard-svg		1200	800	6176	2026-09-07T17:01:47+00:00	candidate		storyboard
070-05	v04	assets/art/panels/070-05/v04-storyboard-svg.svg	storyboard-svg		1200	800	6431	2026-09-12T21:18:27+00:00	candidate		storyboard
070-05	v05	assets/art/panels/070-05/v05-storyboard-svg.svg	storyboard-svg		1200	800	12878	2026-09-12T23:01:00+00:00	candidate		storyboard
070-05	v06	assets/art/panels/070-05/v06-storyboard-svg.svg	storyboard-svg		1200	800	12924	2026-09-12T23:55:11+00:00	candidate		storyboard
070-05	v07	assets/art/panels/070-05/v07-storyboard-svg.svg	storyboard-svg		1200	800	13931	2026-09-13T00:10:06+00:00	candidate		storyboard
070-05	v08	assets/art/panels/070-05/v08-storyboard-svg.svg	storyboard-svg		1200	800	17181	2026-09-13T00:25:41+00:00	candidate		storyboard
070-05	v09	assets/art/panels/070-05/v09-storyboard-svg.svg	storyboard-svg		1200	800	17935	2026-09-13T01:34:48+00:00	candidate		storyboard
071-01	v01	assets/art/panels/071-01/v01-storyboard-svg.svg	storyboard-svg		1200	800	8184	2026-09-07T16:49:19+00:00	candidate		storyboard
071-01	v02	assets/art/panels/071-01/v02-storyboard-svg.svg	storyboard-svg		1200	800	9742	2026-09-07T16:55:32+00:00	candidate		storyboard
071-01	v03	assets/art/panels/071-01/v03-storyboard-svg.svg	storyboard-svg		1200	800	9844	2026-09-07T17:01:48+00:00	candidate		storyboard
071-01	v04	assets/art/panels/071-01/v04-storyboard-svg.svg	storyboard-svg		1200	800	10364	2026-09-12T21:18:27+00:00	candidate		storyboard
071-01	v05	assets/art/panels/071-01/v05-storyboard-svg.svg	storyboard-svg		1200	800	18841	2026-09-12T23:01:00+00:00	candidate		storyboard
071-01	v06	assets/art/panels/071-01/v06-storyboard-svg.svg	storyboard-svg		1200	800	18887	2026-09-12T23:55:11+00:00	candidate		storyboard
071-01	v07	assets/art/panels/071-01/v07-storyboard-svg.svg	storyboard-svg		1200	800	19994	2026-09-13T00:10:06+00:00	candidate		storyboard
071-01	v08	assets/art/panels/071-01/v08-storyboard-svg.svg	storyboard-svg		1200	800	23165	2026-09-13T00:25:41+00:00	candidate		storyboard
071-01	v09	assets/art/panels/071-01/v09-storyboard-svg.svg	storyboard-svg		1200	800	24284	2026-09-13T01:34:48+00:00	candidate		storyboard
071-02	v01	assets/art/panels/071-02/v01-storyboard-svg.svg	storyboard-svg		1200	800	3601	2026-09-07T16:49:19+00:00	candidate		storyboard
071-02	v02	assets/art/panels/071-02/v02-storyboard-svg.svg	storyboard-svg		1200	800	4758	2026-09-07T16:55:32+00:00	candidate		storyboard
071-02	v03	assets/art/panels/071-02/v03-storyboard-svg.svg	storyboard-svg		1200	800	4850	2026-09-07T17:01:48+00:00	candidate		storyboard
071-02	v04	assets/art/panels/071-02/v04-storyboard-svg.svg	storyboard-svg		1200	800	6286	2026-09-12T21:18:27+00:00	candidate		storyboard
071-02	v05	assets/art/panels/071-02/v05-storyboard-svg.svg	storyboard-svg		1200	800	9268	2026-09-12T23:01:00+00:00	candidate		storyboard
071-02	v06	assets/art/panels/071-02/v06-storyboard-svg.svg	storyboard-svg		1200	800	9314	2026-09-12T23:55:11+00:00	candidate		storyboard
071-02	v07	assets/art/panels/071-02/v07-storyboard-svg.svg	storyboard-svg		1200	800	10421	2026-09-13T00:10:06+00:00	candidate		storyboard
071-02	v08	assets/art/panels/071-02/v08-storyboard-svg.svg	storyboard-svg		1200	800	13592	2026-09-13T00:25:41+00:00	candidate		storyboard
071-02	v09	assets/art/panels/071-02/v09-storyboard-svg.svg	storyboard-svg		1200	800	14324	2026-09-13T01:34:48+00:00	candidate		storyboard
071-03	v01	assets/art/panels/071-03/v01-storyboard-svg.svg	storyboard-svg		1200	800	3671	2026-09-07T16:49:19+00:00	candidate		storyboard
071-03	v02	assets/art/panels/071-03/v02-storyboard-svg.svg	storyboard-svg		1200	800	4828	2026-09-07T16:55:32+00:00	candidate		storyboard
071-03	v03	assets/art/panels/071-03/v03-storyboard-svg.svg	storyboard-svg		1200	800	4920	2026-09-07T17:01:48+00:00	candidate		storyboard
071-03	v04	assets/art/panels/071-03/v04-storyboard-svg.svg	storyboard-svg		1200	800	6351	2026-09-12T21:18:27+00:00	candidate		storyboard
071-03	v05	assets/art/panels/071-03/v05-storyboard-svg.svg	storyboard-svg		1200	800	9333	2026-09-12T23:01:00+00:00	candidate		storyboard
071-03	v06	assets/art/panels/071-03/v06-storyboard-svg.svg	storyboard-svg		1200	800	9379	2026-09-12T23:55:11+00:00	candidate		storyboard
071-03	v07	assets/art/panels/071-03/v07-storyboard-svg.svg	storyboard-svg		1200	800	10486	2026-09-13T00:10:06+00:00	candidate		storyboard
071-03	v08	assets/art/panels/071-03/v08-storyboard-svg.svg	storyboard-svg		1200	800	13657	2026-09-13T00:25:41+00:00	candidate		storyboard
071-03	v09	assets/art/panels/071-03/v09-storyboard-svg.svg	storyboard-svg		1200	800	14389	2026-09-13T01:34:48+00:00	candidate		storyboard
071-04	v01	assets/art/panels/071-04/v01-storyboard-svg.svg	storyboard-svg		1200	800	6096	2026-09-07T16:49:20+00:00	candidate		storyboard
071-04	v02	assets/art/panels/071-04/v02-storyboard-svg.svg	storyboard-svg		1200	800	7378	2026-09-07T16:55:32+00:00	candidate		storyboard
071-04	v03	assets/art/panels/071-04/v03-storyboard-svg.svg	storyboard-svg		1200	800	7472	2026-09-07T17:01:48+00:00	candidate		storyboard
071-04	v04	assets/art/panels/071-04/v04-storyboard-svg.svg	storyboard-svg		1200	800	8036	2026-09-12T21:18:27+00:00	candidate		storyboard
071-04	v05	assets/art/panels/071-04/v05-storyboard-svg.svg	storyboard-svg		1200	800	14883	2026-09-12T23:01:00+00:00	candidate		storyboard
071-04	v06	assets/art/panels/071-04/v06-storyboard-svg.svg	storyboard-svg		1200	800	14929	2026-09-12T23:55:11+00:00	candidate		storyboard
071-04	v07	assets/art/panels/071-04/v07-storyboard-svg.svg	storyboard-svg		1200	800	16036	2026-09-13T00:10:06+00:00	candidate		storyboard
071-04	v08	assets/art/panels/071-04/v08-storyboard-svg.svg	storyboard-svg		1200	800	19207	2026-09-13T00:25:41+00:00	candidate		storyboard
071-04	v09	assets/art/panels/071-04/v09-storyboard-svg.svg	storyboard-svg		1200	800	19963	2026-09-13T01:34:48+00:00	candidate		storyboard
071-05	v01	assets/art/panels/071-05/v01-storyboard-svg.svg	storyboard-svg		1200	800	5221	2026-09-07T16:49:20+00:00	candidate		storyboard
071-05	v02	assets/art/panels/071-05/v02-storyboard-svg.svg	storyboard-svg		1200	800	6522	2026-09-07T16:55:32+00:00	candidate		storyboard
071-05	v03	assets/art/panels/071-05/v03-storyboard-svg.svg	storyboard-svg		1200	800	6616	2026-09-07T17:01:48+00:00	candidate		storyboard
071-05	v04	assets/art/panels/071-05/v04-storyboard-svg.svg	storyboard-svg		1200	800	7041	2026-09-12T21:18:27+00:00	candidate		storyboard
071-05	v05	assets/art/panels/071-05/v05-storyboard-svg.svg	storyboard-svg		1200	800	12378	2026-09-12T23:01:00+00:00	candidate		storyboard
071-05	v06	assets/art/panels/071-05/v06-storyboard-svg.svg	storyboard-svg		1200	800	12424	2026-09-12T23:55:11+00:00	candidate		storyboard
071-05	v07	assets/art/panels/071-05/v07-storyboard-svg.svg	storyboard-svg		1200	800	13531	2026-09-13T00:10:06+00:00	candidate		storyboard
071-05	v08	assets/art/panels/071-05/v08-storyboard-svg.svg	storyboard-svg		1200	800	16702	2026-09-13T00:25:41+00:00	candidate		storyboard
071-05	v09	assets/art/panels/071-05/v09-storyboard-svg.svg	storyboard-svg		1200	800	17507	2026-09-13T01:34:48+00:00	candidate		storyboard
072-01	v01	assets/art/panels/072-01/v01-storyboard-svg.svg	storyboard-svg		1200	800	3131	2026-09-07T16:49:20+00:00	candidate		storyboard
072-01	v02	assets/art/panels/072-01/v02-storyboard-svg.svg	storyboard-svg		1200	800	4160	2026-09-07T16:55:32+00:00	candidate		storyboard
072-01	v03	assets/art/panels/072-01/v03-storyboard-svg.svg	storyboard-svg		1200	800	4247	2026-09-07T17:01:48+00:00	candidate		storyboard
072-01	v04	assets/art/panels/072-01/v04-storyboard-svg.svg	storyboard-svg		1200	800	4550	2026-09-12T21:18:27+00:00	candidate		storyboard
072-01	v05	assets/art/panels/072-01/v05-storyboard-svg.svg	storyboard-svg		1200	800	7642	2026-09-12T23:01:00+00:00	candidate		storyboard
072-01	v06	assets/art/panels/072-01/v06-storyboard-svg.svg	storyboard-svg		1200	800	7688	2026-09-12T23:55:11+00:00	candidate		storyboard
072-01	v07	assets/art/panels/072-01/v07-storyboard-svg.svg	storyboard-svg		1200	800	8795	2026-09-13T00:10:06+00:00	candidate		storyboard
072-01	v08	assets/art/panels/072-01/v08-storyboard-svg.svg	storyboard-svg		1200	800	11966	2026-09-13T00:25:41+00:00	candidate		storyboard
072-01	v09	assets/art/panels/072-01/v09-storyboard-svg.svg	storyboard-svg		1200	800	12357	2026-09-13T01:34:48+00:00	candidate		storyboard
072-02	v01	assets/art/panels/072-02/v01-storyboard-svg.svg	storyboard-svg		1200	800	4635	2026-09-07T16:49:20+00:00	candidate		storyboard
072-02	v02	assets/art/panels/072-02/v02-storyboard-svg.svg	storyboard-svg		1200	800	5796	2026-09-07T16:55:32+00:00	candidate		storyboard
072-02	v03	assets/art/panels/072-02/v03-storyboard-svg.svg	storyboard-svg		1200	800	5886	2026-09-07T17:01:49+00:00	candidate		storyboard
072-02	v04	assets/art/panels/072-02/v04-storyboard-svg.svg	storyboard-svg		1200	800	6299	2026-09-12T21:18:27+00:00	candidate		storyboard
072-02	v05	assets/art/panels/072-02/v05-storyboard-svg.svg	storyboard-svg		1200	800	12646	2026-09-12T23:01:00+00:00	candidate		storyboard
072-02	v06	assets/art/panels/072-02/v06-storyboard-svg.svg	storyboard-svg		1200	800	13259	2026-09-12T23:30:36+00:00	candidate		storyboard
072-02	v07	assets/art/panels/072-02/v07-storyboard-svg.svg	storyboard-svg		1200	800	13305	2026-09-12T23:55:11+00:00	candidate		storyboard
072-02	v08	assets/art/panels/072-02/v08-storyboard-svg.svg	storyboard-svg		1200	800	14412	2026-09-13T00:10:06+00:00	candidate		storyboard
072-02	v09	assets/art/panels/072-02/v09-storyboard-svg.svg	storyboard-svg		1200	800	17583	2026-09-13T00:25:41+00:00	candidate		storyboard
072-02	v10	assets/art/panels/072-02/v10-storyboard-svg.svg	storyboard-svg		1200	800	18156	2026-09-13T01:34:48+00:00	candidate		storyboard
072-03	v01	assets/art/panels/072-03/v01-storyboard-svg.svg	storyboard-svg		1200	800	4281	2026-09-07T16:49:20+00:00	candidate		storyboard
072-03	v02	assets/art/panels/072-03/v02-storyboard-svg.svg	storyboard-svg		1200	800	5450	2026-09-07T16:55:32+00:00	candidate		storyboard
072-03	v03	assets/art/panels/072-03/v03-storyboard-svg.svg	storyboard-svg		1200	800	5542	2026-09-07T17:01:49+00:00	candidate		storyboard
072-03	v04	assets/art/panels/072-03/v04-storyboard-svg.svg	storyboard-svg		1200	800	5887	2026-09-12T21:18:27+00:00	candidate		storyboard
072-03	v05	assets/art/panels/072-03/v05-storyboard-svg.svg	storyboard-svg		1200	800	11314	2026-09-12T23:01:00+00:00	candidate		storyboard
072-03	v06	assets/art/panels/072-03/v06-storyboard-svg.svg	storyboard-svg		1200	800	11927	2026-09-12T23:30:36+00:00	candidate		storyboard
072-03	v07	assets/art/panels/072-03/v07-storyboard-svg.svg	storyboard-svg		1200	800	11973	2026-09-12T23:55:11+00:00	candidate		storyboard
072-03	v08	assets/art/panels/072-03/v08-storyboard-svg.svg	storyboard-svg		1200	800	13080	2026-09-13T00:10:06+00:00	candidate		storyboard
072-03	v09	assets/art/panels/072-03/v09-storyboard-svg.svg	storyboard-svg		1200	800	16251	2026-09-13T00:25:41+00:00	candidate		storyboard
072-03	v10	assets/art/panels/072-03/v10-storyboard-svg.svg	storyboard-svg		1200	800	16800	2026-09-13T01:34:48+00:00	candidate		storyboard
072-04	v01	assets/art/panels/072-04/v01-storyboard-svg.svg	storyboard-svg		1200	800	3922	2026-09-07T16:49:20+00:00	candidate		storyboard
072-04	v02	assets/art/panels/072-04/v02-storyboard-svg.svg	storyboard-svg		1200	800	5079	2026-09-07T16:55:33+00:00	candidate		storyboard
072-04	v03	assets/art/panels/072-04/v03-storyboard-svg.svg	storyboard-svg		1200	800	5169	2026-09-07T17:01:49+00:00	candidate		storyboard
072-04	v04	assets/art/panels/072-04/v04-storyboard-svg.svg	storyboard-svg		1200	800	5525	2026-09-12T21:18:27+00:00	candidate		storyboard
072-04	v05	assets/art/panels/072-04/v05-storyboard-svg.svg	storyboard-svg		1200	800	9529	2026-09-12T23:01:00+00:00	candidate		storyboard
072-04	v06	assets/art/panels/072-04/v06-storyboard-svg.svg	storyboard-svg		1200	800	10142	2026-09-12T23:30:36+00:00	candidate		storyboard
072-04	v07	assets/art/panels/072-04/v07-storyboard-svg.svg	storyboard-svg		1200	800	10188	2026-09-12T23:55:11+00:00	candidate		storyboard
072-04	v08	assets/art/panels/072-04/v08-storyboard-svg.svg	storyboard-svg		1200	800	11295	2026-09-13T00:10:06+00:00	candidate		storyboard
072-04	v09	assets/art/panels/072-04/v09-storyboard-svg.svg	storyboard-svg		1200	800	14466	2026-09-13T00:25:41+00:00	candidate		storyboard
072-04	v10	assets/art/panels/072-04/v10-storyboard-svg.svg	storyboard-svg		1200	800	15040	2026-09-13T01:34:48+00:00	candidate		storyboard
072-05	v01	assets/art/panels/072-05/v01-storyboard-svg.svg	storyboard-svg		1200	800	4560	2026-09-07T16:49:20+00:00	candidate		storyboard
072-05	v02	assets/art/panels/072-05/v02-storyboard-svg.svg	storyboard-svg		1200	800	5872	2026-09-07T16:55:33+00:00	candidate		storyboard
072-05	v03	assets/art/panels/072-05/v03-storyboard-svg.svg	storyboard-svg		1200	800	5966	2026-09-07T17:01:49+00:00	candidate		storyboard
072-05	v04	assets/art/panels/072-05/v04-storyboard-svg.svg	storyboard-svg		1200	800	6316	2026-09-12T21:18:27+00:00	candidate		storyboard
072-05	v05	assets/art/panels/072-05/v05-storyboard-svg.svg	storyboard-svg		1200	800	12349	2026-09-12T23:01:00+00:00	candidate		storyboard
072-05	v06	assets/art/panels/072-05/v06-storyboard-svg.svg	storyboard-svg		1200	800	12430	2026-09-12T23:55:11+00:00	candidate		storyboard
072-05	v07	assets/art/panels/072-05/v07-storyboard-svg.svg	storyboard-svg		1200	800	14627	2026-09-13T00:10:06+00:00	candidate		storyboard
072-05	v08	assets/art/panels/072-05/v08-storyboard-svg.svg	storyboard-svg		1200	800	21090	2026-09-13T00:25:41+00:00	candidate		storyboard
072-05	v09	assets/art/panels/072-05/v09-storyboard-svg.svg	storyboard-svg		1200	800	21845	2026-09-13T01:34:48+00:00	candidate		storyboard
073-01	v01	assets/art/panels/073-01/v01-storyboard-svg.svg	storyboard-svg		1200	800	7271	2026-09-07T16:49:20+00:00	candidate		storyboard
073-01	v02	assets/art/panels/073-01/v02-storyboard-svg.svg	storyboard-svg		1200	800	7581	2026-09-07T16:55:33+00:00	candidate		storyboard
073-01	v03	assets/art/panels/073-01/v03-storyboard-svg.svg	storyboard-svg		1200	800	7926	2026-09-12T21:18:27+00:00	candidate		storyboard
073-01	v04	assets/art/panels/073-01/v04-storyboard-svg.svg	storyboard-svg		1200	800	8488	2026-09-12T22:35:06+00:00	candidate		storyboard
073-01	v05	assets/art/panels/073-01/v05-storyboard-svg.svg	storyboard-svg		1200	800	16312	2026-09-12T23:01:00+00:00	candidate		storyboard
073-01	v06	assets/art/panels/073-01/v06-storyboard-svg.svg	storyboard-svg		1200	800	16348	2026-09-12T23:55:11+00:00	candidate		storyboard
073-01	v07	assets/art/panels/073-01/v07-storyboard-svg.svg	storyboard-svg		1200	800	16734	2026-09-13T01:34:48+00:00	candidate		storyboard
073-02	v01	assets/art/panels/073-02/v01-storyboard-svg.svg	storyboard-svg		1200	800	4507	2026-09-07T16:49:20+00:00	candidate		storyboard
073-02	v02	assets/art/panels/073-02/v02-storyboard-svg.svg	storyboard-svg		1200	800	4895	2026-09-07T16:55:33+00:00	candidate		storyboard
073-02	v03	assets/art/panels/073-02/v03-storyboard-svg.svg	storyboard-svg		1200	800	5779	2026-09-12T21:18:27+00:00	candidate		storyboard
073-02	v04	assets/art/panels/073-02/v04-storyboard-svg.svg	storyboard-svg		1200	800	10727	2026-09-12T23:01:00+00:00	candidate		storyboard
073-02	v05	assets/art/panels/073-02/v05-storyboard-svg.svg	storyboard-svg		1200	800	10763	2026-09-12T23:55:11+00:00	candidate		storyboard
073-02	v06	assets/art/panels/073-02/v06-storyboard-svg.svg	storyboard-svg		1200	800	11914	2026-09-13T00:10:06+00:00	candidate		storyboard
073-02	v07	assets/art/panels/073-02/v07-storyboard-svg.svg	storyboard-svg		1200	800	15511	2026-09-13T00:25:41+00:00	candidate		storyboard
073-02	v08	assets/art/panels/073-02/v08-storyboard-svg.svg	storyboard-svg		1200	800	16085	2026-09-13T01:34:48+00:00	candidate		storyboard
073-03	v01	assets/art/panels/073-03/v01-storyboard-svg.svg	storyboard-svg		1200	800	4342	2026-09-07T16:49:20+00:00	candidate		storyboard
073-03	v02	assets/art/panels/073-03/v02-storyboard-svg.svg	storyboard-svg		1200	800	4821	2026-09-07T16:55:33+00:00	candidate		storyboard
073-03	v03	assets/art/panels/073-03/v03-storyboard-svg.svg	storyboard-svg		1200	800	5206	2026-09-12T21:18:27+00:00	candidate		storyboard
073-03	v04	assets/art/panels/073-03/v04-storyboard-svg.svg	storyboard-svg		1200	800	8181	2026-09-12T23:01:00+00:00	candidate		storyboard
073-03	v05	assets/art/panels/073-03/v05-storyboard-svg.svg	storyboard-svg		1200	800	8217	2026-09-12T23:55:11+00:00	candidate		storyboard
073-03	v06	assets/art/panels/073-03/v06-storyboard-svg.svg	storyboard-svg		1200	800	9368	2026-09-13T00:10:06+00:00	candidate		storyboard
073-03	v07	assets/art/panels/073-03/v07-storyboard-svg.svg	storyboard-svg		1200	800	12965	2026-09-13T00:25:41+00:00	candidate		storyboard
073-03	v08	assets/art/panels/073-03/v08-storyboard-svg.svg	storyboard-svg		1200	800	13534	2026-09-13T01:34:48+00:00	candidate		storyboard
073-04	v01	assets/art/panels/073-04/v01-storyboard-svg.svg	storyboard-svg		1200	800	4034	2026-09-07T16:49:20+00:00	candidate		storyboard
073-04	v02	assets/art/panels/073-04/v02-storyboard-svg.svg	storyboard-svg		1200	800	4329	2026-09-07T16:55:33+00:00	candidate		storyboard
073-04	v03	assets/art/panels/073-04/v03-storyboard-svg.svg	storyboard-svg		1200	800	4743	2026-09-12T21:18:27+00:00	candidate		storyboard
073-04	v04	assets/art/panels/073-04/v04-storyboard-svg.svg	storyboard-svg		1200	800	6986	2026-09-12T23:01:00+00:00	candidate		storyboard
073-04	v05	assets/art/panels/073-04/v05-storyboard-svg.svg	storyboard-svg		1200	800	7022	2026-09-12T23:55:11+00:00	candidate		storyboard
073-04	v06	assets/art/panels/073-04/v06-storyboard-svg.svg	storyboard-svg		1200	800	8173	2026-09-13T00:10:06+00:00	candidate		storyboard
073-04	v07	assets/art/panels/073-04/v07-storyboard-svg.svg	storyboard-svg		1200	800	11770	2026-09-13T00:25:41+00:00	candidate		storyboard
073-04	v08	assets/art/panels/073-04/v08-storyboard-svg.svg	storyboard-svg		1200	800	12157	2026-09-13T01:34:48+00:00	candidate		storyboard
073-05	v01	assets/art/panels/073-05/v01-storyboard-svg.svg	storyboard-svg		1200	800	4353	2026-09-07T16:49:20+00:00	candidate		storyboard
073-05	v02	assets/art/panels/073-05/v02-storyboard-svg.svg	storyboard-svg		1200	800	4770	2026-09-07T16:55:33+00:00	candidate		storyboard
073-05	v03	assets/art/panels/073-05/v03-storyboard-svg.svg	storyboard-svg		1200	800	5226	2026-09-12T21:18:27+00:00	candidate		storyboard
073-05	v04	assets/art/panels/073-05/v04-storyboard-svg.svg	storyboard-svg		1200	800	8093	2026-09-12T23:01:00+00:00	candidate		storyboard
073-05	v05	assets/art/panels/073-05/v05-storyboard-svg.svg	storyboard-svg		1200	800	8129	2026-09-12T23:55:11+00:00	candidate		storyboard
073-05	v06	assets/art/panels/073-05/v06-storyboard-svg.svg	storyboard-svg		1200	800	9280	2026-09-13T00:10:06+00:00	candidate		storyboard
073-05	v07	assets/art/panels/073-05/v07-storyboard-svg.svg	storyboard-svg		1200	800	12877	2026-09-13T00:25:41+00:00	candidate		storyboard
073-05	v08	assets/art/panels/073-05/v08-storyboard-svg.svg	storyboard-svg		1200	800	13448	2026-09-13T01:34:48+00:00	candidate		storyboard
074-01	v01	assets/art/panels/074-01/v01-storyboard-svg.svg	storyboard-svg		1200	800	3577	2026-09-07T16:49:20+00:00	candidate		storyboard
074-01	v02	assets/art/panels/074-01/v02-storyboard-svg.svg	storyboard-svg		1200	800	3872	2026-09-07T16:55:33+00:00	candidate		storyboard
074-01	v03	assets/art/panels/074-01/v03-storyboard-svg.svg	storyboard-svg		1200	800	4235	2026-09-12T21:18:27+00:00	candidate		storyboard
074-01	v04	assets/art/panels/074-01/v04-storyboard-svg.svg	storyboard-svg		1200	800	6478	2026-09-12T23:01:00+00:00	candidate		storyboard
074-01	v05	assets/art/panels/074-01/v05-storyboard-svg.svg	storyboard-svg		1200	800	6514	2026-09-12T23:55:11+00:00	candidate		storyboard
074-01	v06	assets/art/panels/074-01/v06-storyboard-svg.svg	storyboard-svg		1200	800	7665	2026-09-13T00:10:06+00:00	candidate		storyboard
074-01	v07	assets/art/panels/074-01/v07-storyboard-svg.svg	storyboard-svg		1200	800	11262	2026-09-13T00:25:41+00:00	candidate		storyboard
074-01	v08	assets/art/panels/074-01/v08-storyboard-svg.svg	storyboard-svg		1200	800	11649	2026-09-13T01:34:48+00:00	candidate		storyboard
074-02	v01	assets/art/panels/074-02/v01-storyboard-svg.svg	storyboard-svg		1200	800	4747	2026-09-07T16:49:20+00:00	candidate		storyboard
074-02	v02	assets/art/panels/074-02/v02-storyboard-svg.svg	storyboard-svg		1200	800	4888	2026-09-07T16:55:34+00:00	candidate		storyboard
074-02	v03	assets/art/panels/074-02/v03-storyboard-svg.svg	storyboard-svg		1200	800	5291	2026-09-12T21:18:27+00:00	candidate		storyboard
074-02	v04	assets/art/panels/074-02/v04-storyboard-svg.svg	storyboard-svg		1200	800	9809	2026-09-12T23:01:00+00:00	candidate		storyboard
074-02	v05	assets/art/panels/074-02/v05-storyboard-svg.svg	storyboard-svg		1200	800	9845	2026-09-12T23:55:11+00:00	candidate		storyboard
074-02	v06	assets/art/panels/074-02/v06-storyboard-svg.svg	storyboard-svg		1200	800	10996	2026-09-13T00:10:06+00:00	candidate		storyboard
074-02	v07	assets/art/panels/074-02/v07-storyboard-svg.svg	storyboard-svg		1200	800	14593	2026-09-13T00:25:41+00:00	candidate		storyboard
074-02	v08	assets/art/panels/074-02/v08-storyboard-svg.svg	storyboard-svg		1200	800	14800	2026-09-13T01:34:48+00:00	candidate		storyboard
074-03	v01	assets/art/panels/074-03/v01-storyboard-svg.svg	storyboard-svg		1200	800	3815	2026-09-07T16:49:20+00:00	candidate		storyboard
074-03	v02	assets/art/panels/074-03/v02-storyboard-svg.svg	storyboard-svg		1200	800	4047	2026-09-07T16:55:34+00:00	candidate		storyboard
074-03	v03	assets/art/panels/074-03/v03-storyboard-svg.svg	storyboard-svg		1200	800	4487	2026-09-12T21:18:27+00:00	candidate		storyboard
074-03	v04	assets/art/panels/074-03/v04-storyboard-svg.svg	storyboard-svg		1200	800	8627	2026-09-12T23:01:00+00:00	candidate		storyboard
074-03	v05	assets/art/panels/074-03/v05-storyboard-svg.svg	storyboard-svg		1200	800	8663	2026-09-12T23:55:11+00:00	candidate		storyboard
074-03	v06	assets/art/panels/074-03/v06-storyboard-svg.svg	storyboard-svg		1200	800	9814	2026-09-13T00:10:06+00:00	candidate		storyboard
074-03	v07	assets/art/panels/074-03/v07-storyboard-svg.svg	storyboard-svg		1200	800	13411	2026-09-13T00:25:41+00:00	candidate		storyboard
074-03	v08	assets/art/panels/074-03/v08-storyboard-svg.svg	storyboard-svg		1200	800	13802	2026-09-13T01:34:48+00:00	candidate		storyboard
074-04	v01	assets/art/panels/074-04/v01-storyboard-svg.svg	storyboard-svg		1200	800	3135	2026-09-07T16:49:21+00:00	candidate		storyboard
074-04	v02	assets/art/panels/074-04/v02-storyboard-svg.svg	storyboard-svg		1200	800	3250	2026-09-07T16:55:34+00:00	candidate		storyboard
074-04	v03	assets/art/panels/074-04/v03-storyboard-svg.svg	storyboard-svg		1200	800	3553	2026-09-12T21:18:27+00:00	candidate		storyboard
074-04	v04	assets/art/panels/074-04/v04-storyboard-svg.svg	storyboard-svg		1200	800	4774	2026-09-12T23:01:00+00:00	candidate		storyboard
074-04	v05	assets/art/panels/074-04/v05-storyboard-svg.svg	storyboard-svg		1200	800	4810	2026-09-12T23:55:11+00:00	candidate		storyboard
074-04	v06	assets/art/panels/074-04/v06-storyboard-svg.svg	storyboard-svg		1200	800	5961	2026-09-13T00:10:06+00:00	candidate		storyboard
074-04	v07	assets/art/panels/074-04/v07-storyboard-svg.svg	storyboard-svg		1200	800	9558	2026-09-13T00:25:41+00:00	candidate		storyboard
074-04	v08	assets/art/panels/074-04/v08-storyboard-svg.svg	storyboard-svg		1200	800	9786	2026-09-13T01:34:49+00:00	candidate		storyboard
074-05	v01	assets/art/panels/074-05/v01-storyboard-svg.svg	storyboard-svg		1200	800	5436	2026-09-07T16:49:21+00:00	candidate		storyboard
074-05	v02	assets/art/panels/074-05/v02-storyboard-svg.svg	storyboard-svg		1200	800	5960	2026-09-07T16:55:34+00:00	candidate		storyboard
074-05	v03	assets/art/panels/074-05/v03-storyboard-svg.svg	storyboard-svg		1200	800	6488	2026-09-12T21:18:27+00:00	candidate		storyboard
074-05	v04	assets/art/panels/074-05/v04-storyboard-svg.svg	storyboard-svg		1200	800	11272	2026-09-12T23:01:00+00:00	candidate		storyboard
074-05	v05	assets/art/panels/074-05/v05-storyboard-svg.svg	storyboard-svg		1200	800	11308	2026-09-12T23:55:11+00:00	candidate		storyboard
074-05	v06	assets/art/panels/074-05/v06-storyboard-svg.svg	storyboard-svg		1200	800	12459	2026-09-13T00:10:06+00:00	candidate		storyboard
074-05	v07	assets/art/panels/074-05/v07-storyboard-svg.svg	storyboard-svg		1200	800	16056	2026-09-13T00:25:41+00:00	candidate		storyboard
074-05	v08	assets/art/panels/074-05/v08-storyboard-svg.svg	storyboard-svg		1200	800	16812	2026-09-13T01:34:49+00:00	candidate		storyboard
075-01	v01	assets/art/panels/075-01/v01-storyboard-svg.svg	storyboard-svg		1200	800	6029	2026-09-07T16:49:21+00:00	candidate		storyboard
075-01	v02	assets/art/panels/075-01/v02-storyboard-svg.svg	storyboard-svg		1200	800	6286	2026-09-07T16:55:34+00:00	candidate		storyboard
075-01	v03	assets/art/panels/075-01/v03-storyboard-svg.svg	storyboard-svg		1200	800	6726	2026-09-12T21:18:27+00:00	candidate		storyboard
075-01	v04	assets/art/panels/075-01/v04-storyboard-svg.svg	storyboard-svg		1200	800	8042	2026-09-12T22:35:06+00:00	candidate		storyboard
075-01	v05	assets/art/panels/075-01/v05-storyboard-svg.svg	storyboard-svg		1200	800	30759	2026-09-12T23:01:00+00:00	candidate		storyboard
075-01	v06	assets/art/panels/075-01/v06-storyboard-svg.svg	storyboard-svg		1200	800	30800	2026-09-12T23:55:11+00:00	candidate		storyboard
075-01	v07	assets/art/panels/075-01/v07-storyboard-svg.svg	storyboard-svg		1200	800	31270	2026-09-13T01:34:49+00:00	candidate		storyboard
075-02	v01	assets/art/panels/075-02/v01-storyboard-svg.svg	storyboard-svg		1200	800	5913	2026-09-07T16:49:21+00:00	candidate		storyboard
075-02	v02	assets/art/panels/075-02/v02-storyboard-svg.svg	storyboard-svg		1200	800	6170	2026-09-07T16:55:34+00:00	candidate		storyboard
075-02	v03	assets/art/panels/075-02/v03-storyboard-svg.svg	storyboard-svg		1200	800	6252	2026-09-07T17:01:49+00:00	candidate		storyboard
075-02	v04	assets/art/panels/075-02/v04-storyboard-svg.svg	storyboard-svg		1200	800	7016	2026-09-12T21:18:27+00:00	candidate		storyboard
075-02	v05	assets/art/panels/075-02/v05-storyboard-svg.svg	storyboard-svg		1200	800	25872	2026-09-12T23:01:00+00:00	candidate		storyboard
075-02	v06	assets/art/panels/075-02/v06-storyboard-svg.svg	storyboard-svg		1200	800	25922	2026-09-12T23:55:11+00:00	candidate		storyboard
075-02	v07	assets/art/panels/075-02/v07-storyboard-svg.svg	storyboard-svg		1200	800	27039	2026-09-13T00:10:06+00:00	candidate		storyboard
075-02	v08	assets/art/panels/075-02/v08-storyboard-svg.svg	storyboard-svg		1200	800	30333	2026-09-13T00:25:41+00:00	candidate		storyboard
075-02	v09	assets/art/panels/075-02/v09-storyboard-svg.svg	storyboard-svg		1200	800	30541	2026-09-13T01:34:49+00:00	candidate		storyboard
075-03	v01	assets/art/panels/075-03/v01-storyboard-svg.svg	storyboard-svg		1200	800	6481	2026-09-07T16:49:21+00:00	candidate		storyboard
075-03	v02	assets/art/panels/075-03/v02-storyboard-svg.svg	storyboard-svg		1200	800	6747	2026-09-07T16:55:34+00:00	candidate		storyboard
075-03	v03	assets/art/panels/075-03/v03-storyboard-svg.svg	storyboard-svg		1200	800	7321	2026-09-12T21:18:27+00:00	candidate		storyboard
075-03	v04	assets/art/panels/075-03/v04-storyboard-svg.svg	storyboard-svg		1200	800	29103	2026-09-12T23:01:00+00:00	candidate		storyboard
075-03	v05	assets/art/panels/075-03/v05-storyboard-svg.svg	storyboard-svg		1200	800	29153	2026-09-12T23:55:11+00:00	candidate		storyboard
075-03	v06	assets/art/panels/075-03/v06-storyboard-svg.svg	storyboard-svg		1200	800	30270	2026-09-13T00:10:06+00:00	candidate		storyboard
075-03	v07	assets/art/panels/075-03/v07-storyboard-svg.svg	storyboard-svg		1200	800	33564	2026-09-13T00:25:41+00:00	candidate		storyboard
075-03	v08	assets/art/panels/075-03/v08-storyboard-svg.svg	storyboard-svg		1200	800	34063	2026-09-13T01:34:49+00:00	candidate		storyboard
075-04	v01	assets/art/panels/075-04/v01-storyboard-svg.svg	storyboard-svg		1200	800	5207	2026-09-07T16:49:21+00:00	candidate		storyboard
075-04	v02	assets/art/panels/075-04/v02-storyboard-svg.svg	storyboard-svg		1200	800	5731	2026-09-07T16:55:34+00:00	candidate		storyboard
075-04	v03	assets/art/panels/075-04/v03-storyboard-svg.svg	storyboard-svg		1200	800	5813	2026-09-07T17:01:49+00:00	candidate		storyboard
075-04	v04	assets/art/panels/075-04/v04-storyboard-svg.svg	storyboard-svg		1200	800	5776	2026-09-12T21:18:27+00:00	candidate		storyboard
075-04	v05	assets/art/panels/075-04/v05-storyboard-svg.svg	storyboard-svg		1200	800	10400	2026-09-12T23:01:00+00:00	candidate		storyboard
075-04	v06	assets/art/panels/075-04/v06-storyboard-svg.svg	storyboard-svg		1200	800	11081	2026-09-12T23:37:24+00:00	candidate		storyboard
075-04	v07	assets/art/panels/075-04/v07-storyboard-svg.svg	storyboard-svg		1200	800	11587	2026-09-12T23:38:46+00:00	candidate		storyboard
075-04	v08	assets/art/panels/075-04/v08-storyboard-svg.svg	storyboard-svg		1200	800	11637	2026-09-12T23:55:11+00:00	candidate		storyboard
075-04	v09	assets/art/panels/075-04/v09-storyboard-svg.svg	storyboard-svg		1200	800	12754	2026-09-13T00:10:06+00:00	candidate		storyboard
075-04	v10	assets/art/panels/075-04/v10-storyboard-svg.svg	storyboard-svg		1200	800	16048	2026-09-13T00:25:41+00:00	candidate		storyboard
075-04	v11	assets/art/panels/075-04/v11-storyboard-svg.svg	storyboard-svg		1200	800	16620	2026-09-13T01:34:49+00:00	candidate		storyboard
075-05	v01	assets/art/panels/075-05/v01-storyboard-svg.svg	storyboard-svg		1200	800	4641	2026-09-07T16:49:21+00:00	candidate		storyboard
075-05	v02	assets/art/panels/075-05/v02-storyboard-svg.svg	storyboard-svg		1200	800	4956	2026-09-07T16:55:35+00:00	candidate		storyboard
075-05	v03	assets/art/panels/075-05/v03-storyboard-svg.svg	storyboard-svg		1200	800	5155	2026-09-12T21:18:27+00:00	candidate		storyboard
075-05	v04	assets/art/panels/075-05/v04-storyboard-svg.svg	storyboard-svg		1200	800	6471	2026-09-12T22:35:06+00:00	candidate		storyboard
075-05	v05	assets/art/panels/075-05/v05-storyboard-svg.svg	storyboard-svg		1200	800	13468	2026-09-12T23:01:00+00:00	candidate		storyboard
075-05	v06	assets/art/panels/075-05/v06-storyboard-svg.svg	storyboard-svg		1200	800	13509	2026-09-12T23:55:11+00:00	candidate		storyboard
075-05	v07	assets/art/panels/075-05/v07-storyboard-svg.svg	storyboard-svg		1200	800	13716	2026-09-13T01:34:49+00:00	candidate		storyboard
075-06	v01	assets/art/panels/075-06/v01-storyboard-svg.svg	storyboard-svg		1200	800	5670	2026-09-07T16:49:21+00:00	candidate		storyboard
075-06	v02	assets/art/panels/075-06/v02-storyboard-svg.svg	storyboard-svg		1200	800	5783	2026-09-07T16:55:35+00:00	candidate		storyboard
075-06	v03	assets/art/panels/075-06/v03-storyboard-svg.svg	storyboard-svg		1200	800	5845	2026-09-07T17:26:55+00:00	candidate		storyboard
075-06	v04	assets/art/panels/075-06/v04-storyboard-svg.svg	storyboard-svg		1200	800	6287	2026-09-12T21:18:27+00:00	candidate		storyboard
075-06	v05	assets/art/panels/075-06/v05-storyboard-svg.svg	storyboard-svg		1200	800	27434	2026-09-12T23:01:00+00:00	candidate		storyboard
075-06	v06	assets/art/panels/075-06/v06-storyboard-svg.svg	storyboard-svg		1200	800	27516	2026-09-12T23:55:11+00:00	candidate		storyboard
075-06	v07	assets/art/panels/075-06/v07-storyboard-svg.svg	storyboard-svg		1200	800	29845	2026-09-13T00:10:06+00:00	candidate		storyboard
075-06	v08	assets/art/panels/075-06/v08-storyboard-svg.svg	storyboard-svg		1200	800	36762	2026-09-13T00:25:41+00:00	candidate		storyboard
075-06	v09	assets/art/panels/075-06/v09-storyboard-svg.svg	storyboard-svg		1200	800	36970	2026-09-13T01:34:49+00:00	candidate		storyboard
076-01	v01	assets/art/panels/076-01/v01-storyboard-svg.svg	storyboard-svg		1200	800	4348	2026-09-07T16:49:21+00:00	candidate		storyboard
076-01	v02	assets/art/panels/076-01/v02-storyboard-svg.svg	storyboard-svg		1200	800	4594	2026-09-07T16:55:35+00:00	candidate		storyboard
076-01	v03	assets/art/panels/076-01/v03-storyboard-svg.svg	storyboard-svg		1200	800	5106	2026-09-12T21:18:27+00:00	candidate		storyboard
076-01	v04	assets/art/panels/076-01/v04-storyboard-svg.svg	storyboard-svg		1200	800	8814	2026-09-12T23:01:00+00:00	candidate		storyboard
076-01	v05	assets/art/panels/076-01/v05-storyboard-svg.svg	storyboard-svg		1200	800	8885	2026-09-12T23:55:11+00:00	candidate		storyboard
076-01	v06	assets/art/panels/076-01/v06-storyboard-svg.svg	storyboard-svg		1200	800	11146	2026-09-13T00:10:06+00:00	candidate		storyboard
076-01	v07	assets/art/panels/076-01/v07-storyboard-svg.svg	storyboard-svg		1200	800	17914	2026-09-13T00:25:41+00:00	candidate		storyboard
076-01	v08	assets/art/panels/076-01/v08-storyboard-svg.svg	storyboard-svg		1200	800	18305	2026-09-13T01:34:49+00:00	candidate		storyboard
076-02	v01	assets/art/panels/076-02/v01-storyboard-svg.svg	storyboard-svg		1200	800	7740	2026-09-07T16:49:21+00:00	candidate		storyboard
076-02	v02	assets/art/panels/076-02/v02-storyboard-svg.svg	storyboard-svg		1200	800	8434	2026-09-07T16:55:35+00:00	candidate		storyboard
076-02	v03	assets/art/panels/076-02/v03-storyboard-svg.svg	storyboard-svg		1200	800	10722	2026-09-12T21:18:27+00:00	candidate		storyboard
076-02	v04	assets/art/panels/076-02/v04-storyboard-svg.svg	storyboard-svg		1200	800	16880	2026-09-12T23:01:00+00:00	candidate		storyboard
076-02	v05	assets/art/panels/076-02/v05-storyboard-svg.svg	storyboard-svg		1200	800	16919	2026-09-12T23:55:11+00:00	candidate		storyboard
076-02	v06	assets/art/panels/076-02/v06-storyboard-svg.svg	storyboard-svg		1200	800	17972	2026-09-13T00:10:06+00:00	candidate		storyboard
076-02	v07	assets/art/panels/076-02/v07-storyboard-svg.svg	storyboard-svg		1200	800	21117	2026-09-13T00:25:41+00:00	candidate		storyboard
076-02	v08	assets/art/panels/076-02/v08-storyboard-svg.svg	storyboard-svg		1200	800	22237	2026-09-13T01:34:49+00:00	candidate		storyboard
076-03	v01	assets/art/panels/076-03/v01-storyboard-svg.svg	storyboard-svg		1200	800	4067	2026-09-07T16:49:21+00:00	candidate		storyboard
076-03	v02	assets/art/panels/076-03/v02-storyboard-svg.svg	storyboard-svg		1200	800	4333	2026-09-07T16:55:35+00:00	candidate		storyboard
076-03	v03	assets/art/panels/076-03/v03-storyboard-svg.svg	storyboard-svg		1200	800	4756	2026-09-12T21:18:27+00:00	candidate		storyboard
076-03	v04	assets/art/panels/076-03/v04-storyboard-svg.svg	storyboard-svg		1200	800	10176	2026-09-12T23:01:00+00:00	candidate		storyboard
076-03	v05	assets/art/panels/076-03/v05-storyboard-svg.svg	storyboard-svg		1200	800	9319	2026-09-12T23:15:36+00:00	candidate		storyboard
076-03	v06	assets/art/panels/076-03/v06-storyboard-svg.svg	storyboard-svg		1200	800	9308	2026-09-12T23:17:50+00:00	candidate		storyboard
076-03	v07	assets/art/panels/076-03/v07-storyboard-svg.svg	storyboard-svg		1200	800	9354	2026-09-12T23:55:11+00:00	candidate		storyboard
076-03	v08	assets/art/panels/076-03/v08-storyboard-svg.svg	storyboard-svg		1200	800	10361	2026-09-13T00:10:06+00:00	candidate		storyboard
076-03	v09	assets/art/panels/076-03/v09-storyboard-svg.svg	storyboard-svg		1200	800	13611	2026-09-13T00:25:41+00:00	candidate		storyboard
076-03	v10	assets/art/panels/076-03/v10-storyboard-svg.svg	storyboard-svg		1200	800	13976	2026-09-13T01:34:49+00:00	candidate		storyboard
076-04	v01	assets/art/panels/076-04/v01-storyboard-svg.svg	storyboard-svg		1200	800	3967	2026-09-07T16:49:21+00:00	candidate		storyboard
076-04	v02	assets/art/panels/076-04/v02-storyboard-svg.svg	storyboard-svg		1200	800	4213	2026-09-07T16:55:35+00:00	candidate		storyboard
076-04	v03	assets/art/panels/076-04/v03-storyboard-svg.svg	storyboard-svg		1200	800	4602	2026-09-12T21:18:27+00:00	candidate		storyboard
076-04	v04	assets/art/panels/076-04/v04-storyboard-svg.svg	storyboard-svg		1200	800	8583	2026-09-12T23:01:00+00:00	candidate		storyboard
076-04	v05	assets/art/panels/076-04/v05-storyboard-svg.svg	storyboard-svg		1200	800	8629	2026-09-12T23:55:11+00:00	candidate		storyboard
076-04	v06	assets/art/panels/076-04/v06-storyboard-svg.svg	storyboard-svg		1200	800	9636	2026-09-13T00:10:06+00:00	candidate		storyboard
076-04	v07	assets/art/panels/076-04/v07-storyboard-svg.svg	storyboard-svg		1200	800	12886	2026-09-13T00:25:41+00:00	candidate		storyboard
076-04	v08	assets/art/panels/076-04/v08-storyboard-svg.svg	storyboard-svg		1200	800	13277	2026-09-13T01:34:49+00:00	candidate		storyboard
076-05	v01	assets/art/panels/076-05/v01-storyboard-svg.svg	storyboard-svg		1200	800	6801	2026-09-07T16:49:21+00:00	candidate		storyboard
076-05	v02	assets/art/panels/076-05/v02-storyboard-svg.svg	storyboard-svg		1200	800	7240	2026-09-07T16:55:35+00:00	candidate		storyboard
076-05	v03	assets/art/panels/076-05/v03-storyboard-svg.svg	storyboard-svg		1200	800	7680	2026-09-12T21:18:27+00:00	candidate		storyboard
076-05	v04	assets/art/panels/076-05/v04-storyboard-svg.svg	storyboard-svg		1200	800	28936	2026-09-12T23:01:00+00:00	candidate		storyboard
076-05	v05	assets/art/panels/076-05/v05-storyboard-svg.svg	storyboard-svg		1200	800	29007	2026-09-12T23:55:11+00:00	candidate		storyboard
076-05	v06	assets/art/panels/076-05/v06-storyboard-svg.svg	storyboard-svg		1200	800	31268	2026-09-13T00:10:06+00:00	candidate		storyboard
076-05	v07	assets/art/panels/076-05/v07-storyboard-svg.svg	storyboard-svg		1200	800	38036	2026-09-13T00:25:41+00:00	candidate		storyboard
076-05	v08	assets/art/panels/076-05/v08-storyboard-svg.svg	storyboard-svg		1200	800	38608	2026-09-13T01:34:49+00:00	candidate		storyboard
077-01	v01	assets/art/panels/077-01/v01-storyboard-svg.svg	storyboard-svg		1200	800	3828	2026-09-07T16:49:21+00:00	candidate		storyboard
077-01	v02	assets/art/panels/077-01/v02-storyboard-svg.svg	storyboard-svg		1200	800	4094	2026-09-07T16:55:35+00:00	candidate		storyboard
077-01	v03	assets/art/panels/077-01/v03-storyboard-svg.svg	storyboard-svg		1200	800	4494	2026-09-12T21:18:27+00:00	candidate		storyboard
077-01	v04	assets/art/panels/077-01/v04-storyboard-svg.svg	storyboard-svg		1200	800	8379	2026-09-12T23:01:00+00:00	candidate		storyboard
077-01	v05	assets/art/panels/077-01/v05-storyboard-svg.svg	storyboard-svg		1200	800	9923	2026-09-12T23:15:36+00:00	candidate		storyboard
077-01	v06	assets/art/panels/077-01/v06-storyboard-svg.svg	storyboard-svg		1200	800	12399	2026-09-12T23:17:50+00:00	candidate		storyboard
077-01	v07	assets/art/panels/077-01/v07-storyboard-svg.svg	storyboard-svg		1200	800	14697	2026-09-12T23:30:36+00:00	candidate		storyboard
077-01	v08	assets/art/panels/077-01/v08-storyboard-svg.svg	storyboard-svg		1200	800	14743	2026-09-12T23:55:11+00:00	candidate		storyboard
077-01	v09	assets/art/panels/077-01/v09-storyboard-svg.svg	storyboard-svg		1200	800	15109	2026-09-13T01:34:49+00:00	candidate		storyboard
077-02	v01	assets/art/panels/077-02/v01-storyboard-svg.svg	storyboard-svg		1200	800	5819	2026-09-07T16:49:21+00:00	candidate		storyboard
077-02	v02	assets/art/panels/077-02/v02-storyboard-svg.svg	storyboard-svg		1200	800	6462	2026-09-07T16:55:36+00:00	candidate		storyboard
077-02	v03	assets/art/panels/077-02/v03-storyboard-svg.svg	storyboard-svg		1200	800	7663	2026-09-12T21:18:27+00:00	candidate		storyboard
077-02	v04	assets/art/panels/077-02/v04-storyboard-svg.svg	storyboard-svg		1200	800	15157	2026-09-12T23:01:00+00:00	candidate		storyboard
077-02	v05	assets/art/panels/077-02/v05-storyboard-svg.svg	storyboard-svg		1200	800	15198	2026-09-12T23:55:11+00:00	candidate		storyboard
077-02	v06	assets/art/panels/077-02/v06-storyboard-svg.svg	storyboard-svg		1200	800	16405	2026-09-13T00:10:06+00:00	candidate		storyboard
077-02	v07	assets/art/panels/077-02/v07-storyboard-svg.svg	storyboard-svg		1200	800	20028	2026-09-13T00:25:41+00:00	candidate		storyboard
077-02	v08	assets/art/panels/077-02/v08-storyboard-svg.svg	storyboard-svg		1200	800	20850	2026-09-13T01:34:49+00:00	candidate		storyboard
077-03	v01	assets/art/panels/077-03/v01-storyboard-svg.svg	storyboard-svg		1200	800	5869	2026-09-07T16:49:21+00:00	candidate		storyboard
077-03	v02	assets/art/panels/077-03/v02-storyboard-svg.svg	storyboard-svg		1200	800	6422	2026-09-07T16:55:36+00:00	candidate		storyboard
077-03	v03	assets/art/panels/077-03/v03-storyboard-svg.svg	storyboard-svg		1200	800	6891	2026-09-12T21:18:27+00:00	candidate		storyboard
077-03	v04	assets/art/panels/077-03/v04-storyboard-svg.svg	storyboard-svg		1200	800	13871	2026-09-12T23:01:00+00:00	candidate		storyboard
077-03	v05	assets/art/panels/077-03/v05-storyboard-svg.svg	storyboard-svg		1200	800	13910	2026-09-12T23:55:11+00:00	candidate		storyboard
077-03	v06	assets/art/panels/077-03/v06-storyboard-svg.svg	storyboard-svg		1200	800	14959	2026-09-13T00:10:06+00:00	candidate		storyboard
077-03	v07	assets/art/panels/077-03/v07-storyboard-svg.svg	storyboard-svg		1200	800	18104	2026-09-13T00:25:41+00:00	candidate		storyboard
077-03	v08	assets/art/panels/077-03/v08-storyboard-svg.svg	storyboard-svg		1200	800	18857	2026-09-13T01:34:49+00:00	candidate		storyboard
077-04	v01	assets/art/panels/077-04/v01-storyboard-svg.svg	storyboard-svg		1200	800	7478	2026-09-07T16:49:22+00:00	candidate		storyboard
077-04	v02	assets/art/panels/077-04/v02-storyboard-svg.svg	storyboard-svg		1200	800	8083	2026-09-07T16:55:36+00:00	candidate		storyboard
077-04	v03	assets/art/panels/077-04/v03-storyboard-svg.svg	storyboard-svg		1200	800	8464	2026-09-12T21:18:27+00:00	candidate		storyboard
077-04	v04	assets/art/panels/077-04/v04-storyboard-svg.svg	storyboard-svg		1200	800	9123	2026-09-12T22:35:06+00:00	candidate		storyboard
077-04	v05	assets/art/panels/077-04/v05-storyboard-svg.svg	storyboard-svg		1200	800	16482	2026-09-12T23:01:00+00:00	candidate		storyboard
077-04	v06	assets/art/panels/077-04/v06-storyboard-svg.svg	storyboard-svg		1200	800	16523	2026-09-12T23:55:11+00:00	candidate		storyboard
077-04	v07	assets/art/panels/077-04/v07-storyboard-svg.svg	storyboard-svg		1200	800	17095	2026-09-13T01:34:49+00:00	candidate		storyboard
077-05	v01	assets/art/panels/077-05/v01-storyboard-svg.svg	storyboard-svg		1200	800	6928	2026-09-07T16:49:22+00:00	candidate		storyboard
077-05	v02	assets/art/panels/077-05/v02-storyboard-svg.svg	storyboard-svg		1200	800	7585	2026-09-07T16:55:36+00:00	candidate		storyboard
077-05	v03	assets/art/panels/077-05/v03-storyboard-svg.svg	storyboard-svg		1200	800	7986	2026-09-12T21:18:27+00:00	candidate		storyboard
077-05	v04	assets/art/panels/077-05/v04-storyboard-svg.svg	storyboard-svg		1200	800	15978	2026-09-12T23:01:00+00:00	candidate		storyboard
077-05	v05	assets/art/panels/077-05/v05-storyboard-svg.svg	storyboard-svg		1200	800	16024	2026-09-12T23:55:11+00:00	candidate		storyboard
077-05	v06	assets/art/panels/077-05/v06-storyboard-svg.svg	storyboard-svg		1200	800	17031	2026-09-13T00:10:06+00:00	candidate		storyboard
077-05	v07	assets/art/panels/077-05/v07-storyboard-svg.svg	storyboard-svg		1200	800	20281	2026-09-13T00:25:41+00:00	candidate		storyboard
077-05	v08	assets/art/panels/077-05/v08-storyboard-svg.svg	storyboard-svg		1200	800	21216	2026-09-13T01:34:49+00:00	candidate		storyboard
078-01	v01	assets/art/panels/078-01/v01-storyboard-svg.svg	storyboard-svg		1200	800	2815	2026-09-07T16:49:22+00:00	candidate		storyboard
078-01	v02	assets/art/panels/078-01/v02-storyboard-svg.svg	storyboard-svg		1200	800	2944	2026-09-07T16:55:36+00:00	candidate		storyboard
078-01	v03	assets/art/panels/078-01/v03-storyboard-svg.svg	storyboard-svg		1200	800	3355	2026-09-12T21:18:27+00:00	candidate		storyboard
078-01	v04	assets/art/panels/078-01/v04-storyboard-svg.svg	storyboard-svg		1200	800	5952	2026-09-12T23:01:00+00:00	candidate		storyboard
078-01	v05	assets/art/panels/078-01/v05-storyboard-svg.svg	storyboard-svg		1200	800	6031	2026-09-12T23:55:11+00:00	candidate		storyboard
078-01	v06	assets/art/panels/078-01/v06-storyboard-svg.svg	storyboard-svg		1200	800	8220	2026-09-13T00:10:06+00:00	candidate		storyboard
078-01	v07	assets/art/panels/078-01/v07-storyboard-svg.svg	storyboard-svg		1200	800	14677	2026-09-13T00:25:41+00:00	candidate		storyboard
078-01	v08	assets/art/panels/078-01/v08-storyboard-svg.svg	storyboard-svg		1200	800	14860	2026-09-13T01:34:49+00:00	candidate		storyboard
078-02	v01	assets/art/panels/078-02/v01-storyboard-svg.svg	storyboard-svg		1200	800	3665	2026-09-07T16:49:22+00:00	candidate		storyboard
078-02	v02	assets/art/panels/078-02/v02-storyboard-svg.svg	storyboard-svg		1200	800	3911	2026-09-07T16:55:36+00:00	candidate		storyboard
078-02	v03	assets/art/panels/078-02/v03-storyboard-svg.svg	storyboard-svg		1200	800	4840	2026-09-12T21:18:27+00:00	candidate		storyboard
078-02	v04	assets/art/panels/078-02/v04-storyboard-svg.svg	storyboard-svg		1200	800	9164	2026-09-12T23:01:00+00:00	candidate		storyboard
078-02	v05	assets/art/panels/078-02/v05-storyboard-svg.svg	storyboard-svg		1200	800	9203	2026-09-12T23:55:11+00:00	candidate		storyboard
078-02	v06	assets/art/panels/078-02/v06-storyboard-svg.svg	storyboard-svg		1200	800	10252	2026-09-13T00:10:06+00:00	candidate		storyboard
078-02	v07	assets/art/panels/078-02/v07-storyboard-svg.svg	storyboard-svg		1200	800	13397	2026-09-13T00:25:41+00:00	candidate		storyboard
078-02	v08	assets/art/panels/078-02/v08-storyboard-svg.svg	storyboard-svg		1200	800	13788	2026-09-13T01:34:49+00:00	candidate		storyboard
078-03	v01	assets/art/panels/078-03/v01-storyboard-svg.svg	storyboard-svg		1200	800	4468	2026-09-07T16:49:22+00:00	candidate		storyboard
078-03	v02	assets/art/panels/078-03/v02-storyboard-svg.svg	storyboard-svg		1200	800	4836	2026-09-07T16:55:36+00:00	candidate		storyboard
078-03	v03	assets/art/panels/078-03/v03-storyboard-svg.svg	storyboard-svg		1200	800	7481	2026-09-12T21:18:27+00:00	candidate		storyboard
078-03	v04	assets/art/panels/078-03/v04-storyboard-svg.svg	storyboard-svg		1200	800	10759	2026-09-12T23:01:00+00:00	candidate		storyboard
078-03	v05	assets/art/panels/078-03/v05-storyboard-svg.svg	storyboard-svg		1200	800	10838	2026-09-12T23:55:11+00:00	candidate		storyboard
078-03	v06	assets/art/panels/078-03/v06-storyboard-svg.svg	storyboard-svg		1200	800	13027	2026-09-13T00:10:06+00:00	candidate		storyboard
078-03	v07	assets/art/panels/078-03/v07-storyboard-svg.svg	storyboard-svg		1200	800	19484	2026-09-13T00:25:41+00:00	candidate		storyboard
078-03	v08	assets/art/panels/078-03/v08-storyboard-svg.svg	storyboard-svg		1200	800	20331	2026-09-13T01:34:49+00:00	candidate		storyboard
078-04	v01	assets/art/panels/078-04/v01-storyboard-svg.svg	storyboard-svg		1200	800	2722	2026-09-07T16:49:22+00:00	candidate		storyboard
078-04	v02	assets/art/panels/078-04/v02-storyboard-svg.svg	storyboard-svg		1200	800	2851	2026-09-07T16:55:36+00:00	candidate		storyboard
078-04	v03	assets/art/panels/078-04/v03-storyboard-svg.svg	storyboard-svg		1200	800	3233	2026-09-12T21:18:27+00:00	candidate		storyboard
078-04	v04	assets/art/panels/078-04/v04-storyboard-svg.svg	storyboard-svg		1200	800	4960	2026-09-12T23:01:00+00:00	candidate		storyboard
078-04	v05	assets/art/panels/078-04/v05-storyboard-svg.svg	storyboard-svg		1200	800	5006	2026-09-12T23:55:11+00:00	candidate		storyboard
078-04	v06	assets/art/panels/078-04/v06-storyboard-svg.svg	storyboard-svg		1200	800	6013	2026-09-13T00:10:06+00:00	candidate		storyboard
078-04	v07	assets/art/panels/078-04/v07-storyboard-svg.svg	storyboard-svg		1200	800	9263	2026-09-13T00:25:41+00:00	candidate		storyboard
078-04	v08	assets/art/panels/078-04/v08-storyboard-svg.svg	storyboard-svg		1200	800	9446	2026-09-13T01:34:49+00:00	candidate		storyboard
078-05	v01	assets/art/panels/078-05/v01-storyboard-svg.svg	storyboard-svg		1200	800	4460	2026-09-07T16:49:22+00:00	candidate		storyboard
078-05	v02	assets/art/panels/078-05/v02-storyboard-svg.svg	storyboard-svg		1200	800	4762	2026-09-07T16:55:37+00:00	candidate		storyboard
078-05	v03	assets/art/panels/078-05/v03-storyboard-svg.svg	storyboard-svg		1200	800	5170	2026-09-12T21:18:27+00:00	candidate		storyboard
078-05	v04	assets/art/panels/078-05/v04-storyboard-svg.svg	storyboard-svg		1200	800	8838	2026-09-12T23:01:00+00:00	candidate		storyboard
078-05	v05	assets/art/panels/078-05/v05-storyboard-svg.svg	storyboard-svg		1200	800	8884	2026-09-12T23:55:11+00:00	candidate		storyboard
078-05	v06	assets/art/panels/078-05/v06-storyboard-svg.svg	storyboard-svg		1200	800	9891	2026-09-13T00:10:06+00:00	candidate		storyboard
078-05	v07	assets/art/panels/078-05/v07-storyboard-svg.svg	storyboard-svg		1200	800	13141	2026-09-13T00:25:41+00:00	candidate		storyboard
078-05	v08	assets/art/panels/078-05/v08-storyboard-svg.svg	storyboard-svg		1200	800	13532	2026-09-13T01:34:49+00:00	candidate		storyboard
079-01	v01	assets/art/panels/079-01/v01-storyboard-svg.svg	storyboard-svg		1200	800	5976	2026-09-07T16:49:22+00:00	candidate		storyboard
079-01	v02	assets/art/panels/079-01/v02-storyboard-svg.svg	storyboard-svg		1200	800	6344	2026-09-07T16:55:37+00:00	candidate		storyboard
079-01	v03	assets/art/panels/079-01/v03-storyboard-svg.svg	storyboard-svg		1200	800	6842	2026-09-12T21:18:27+00:00	candidate		storyboard
079-01	v04	assets/art/panels/079-01/v04-storyboard-svg.svg	storyboard-svg		1200	800	12677	2026-09-12T23:01:00+00:00	candidate		storyboard
079-01	v05	assets/art/panels/079-01/v05-storyboard-svg.svg	storyboard-svg		1200	800	12726	2026-09-12T23:55:11+00:00	candidate		storyboard
079-01	v06	assets/art/panels/079-01/v06-storyboard-svg.svg	storyboard-svg		1200	800	13861	2026-09-13T00:10:06+00:00	candidate		storyboard
079-01	v07	assets/art/panels/079-01/v07-storyboard-svg.svg	storyboard-svg		1200	800	17173	2026-09-13T00:25:41+00:00	candidate		storyboard
079-01	v08	assets/art/panels/079-01/v08-storyboard-svg.svg	storyboard-svg		1200	800	17746	2026-09-13T01:34:49+00:00	candidate		storyboard
079-02	v01	assets/art/panels/079-02/v01-storyboard-svg.svg	storyboard-svg		1200	800	4323	2026-09-07T16:49:22+00:00	candidate		storyboard
079-02	v02	assets/art/panels/079-02/v02-storyboard-svg.svg	storyboard-svg		1200	800	4691	2026-09-07T16:55:37+00:00	candidate		storyboard
079-02	v03	assets/art/panels/079-02/v03-storyboard-svg.svg	storyboard-svg		1200	800	5205	2026-09-12T21:18:27+00:00	candidate		storyboard
079-02	v04	assets/art/panels/079-02/v04-storyboard-svg.svg	storyboard-svg		1200	800	8180	2026-09-12T23:01:00+00:00	candidate		storyboard
079-02	v05	assets/art/panels/079-02/v05-storyboard-svg.svg	storyboard-svg		1200	800	8229	2026-09-12T23:55:11+00:00	candidate		storyboard
079-02	v06	assets/art/panels/079-02/v06-storyboard-svg.svg	storyboard-svg		1200	800	9364	2026-09-13T00:10:06+00:00	candidate		storyboard
079-02	v07	assets/art/panels/079-02/v07-storyboard-svg.svg	storyboard-svg		1200	800	12676	2026-09-13T00:25:41+00:00	candidate		storyboard
079-02	v08	assets/art/panels/079-02/v08-storyboard-svg.svg	storyboard-svg		1200	800	13247	2026-09-13T01:34:49+00:00	candidate		storyboard
079-03	v01	assets/art/panels/079-03/v01-storyboard-svg.svg	storyboard-svg		1200	800	2996	2026-09-07T16:49:22+00:00	candidate		storyboard
079-03	v02	assets/art/panels/079-03/v02-storyboard-svg.svg	storyboard-svg		1200	800	3125	2026-09-07T16:55:37+00:00	candidate		storyboard
079-03	v03	assets/art/panels/079-03/v03-storyboard-svg.svg	storyboard-svg		1200	800	3504	2026-09-12T21:18:27+00:00	candidate		storyboard
079-03	v04	assets/art/panels/079-03/v04-storyboard-svg.svg	storyboard-svg		1200	800	5231	2026-09-12T23:01:00+00:00	candidate		storyboard
079-03	v05	assets/art/panels/079-03/v05-storyboard-svg.svg	storyboard-svg		1200	800	5270	2026-09-12T23:55:11+00:00	candidate		storyboard
079-03	v06	assets/art/panels/079-03/v06-storyboard-svg.svg	storyboard-svg		1200	800	6319	2026-09-13T00:10:06+00:00	candidate		storyboard
079-03	v07	assets/art/panels/079-03/v07-storyboard-svg.svg	storyboard-svg		1200	800	9464	2026-09-13T00:25:41+00:00	candidate		storyboard
079-03	v08	assets/art/panels/079-03/v08-storyboard-svg.svg	storyboard-svg		1200	800	9672	2026-09-13T01:34:49+00:00	candidate		storyboard
079-04	v01	assets/art/panels/079-04/v01-storyboard-svg.svg	storyboard-svg		1200	800	4674	2026-09-07T16:49:22+00:00	candidate		storyboard
079-04	v02	assets/art/panels/079-04/v02-storyboard-svg.svg	storyboard-svg		1200	800	4971	2026-09-07T16:55:37+00:00	candidate		storyboard
079-04	v03	assets/art/panels/079-04/v03-storyboard-svg.svg	storyboard-svg		1200	800	5323	2026-09-12T21:18:27+00:00	candidate		storyboard
079-04	v04	assets/art/panels/079-04/v04-storyboard-svg.svg	storyboard-svg		1200	800	9377	2026-09-12T23:01:00+00:00	candidate		storyboard
079-04	v05	assets/art/panels/079-04/v05-storyboard-svg.svg	storyboard-svg		1200	800	9416	2026-09-12T23:55:11+00:00	candidate		storyboard
079-04	v06	assets/art/panels/079-04/v06-storyboard-svg.svg	storyboard-svg		1200	800	10465	2026-09-13T00:10:06+00:00	candidate		storyboard
079-04	v07	assets/art/panels/079-04/v07-storyboard-svg.svg	storyboard-svg		1200	800	13610	2026-09-13T00:25:41+00:00	candidate		storyboard
079-04	v08	assets/art/panels/079-04/v08-storyboard-svg.svg	storyboard-svg		1200	800	14001	2026-09-13T01:34:49+00:00	candidate		storyboard
079-05	v01	assets/art/panels/079-05/v01-storyboard-svg.svg	storyboard-svg		1200	800	4555	2026-09-07T16:49:22+00:00	candidate		storyboard
079-05	v02	assets/art/panels/079-05/v02-storyboard-svg.svg	storyboard-svg		1200	800	4923	2026-09-07T16:55:37+00:00	candidate		storyboard
079-05	v03	assets/art/panels/079-05/v03-storyboard-svg.svg	storyboard-svg		1200	800	5620	2026-09-12T21:18:27+00:00	candidate		storyboard
079-05	v04	assets/art/panels/079-05/v04-storyboard-svg.svg	storyboard-svg		1200	800	8109	2026-09-12T23:01:00+00:00	candidate		storyboard
079-05	v05	assets/art/panels/079-05/v05-storyboard-svg.svg	storyboard-svg		1200	800	8148	2026-09-12T23:55:11+00:00	candidate		storyboard
079-05	v06	assets/art/panels/079-05/v06-storyboard-svg.svg	storyboard-svg		1200	800	9197	2026-09-13T00:10:06+00:00	candidate		storyboard
079-05	v07	assets/art/panels/079-05/v07-storyboard-svg.svg	storyboard-svg		1200	800	12342	2026-09-13T00:25:41+00:00	candidate		storyboard
079-05	v08	assets/art/panels/079-05/v08-storyboard-svg.svg	storyboard-svg		1200	800	12916	2026-09-13T01:34:49+00:00	candidate		storyboard
080-01	v01	assets/art/panels/080-01/v01-storyboard-svg.svg	storyboard-svg		1200	800	7230	2026-09-07T16:49:22+00:00	candidate		storyboard
080-01	v02	assets/art/panels/080-01/v02-storyboard-svg.svg	storyboard-svg		1200	800	7813	2026-09-07T16:55:37+00:00	candidate		storyboard
080-01	v03	assets/art/panels/080-01/v03-storyboard-svg.svg	storyboard-svg		1200	800	8177	2026-09-12T21:18:27+00:00	candidate		storyboard
080-01	v04	assets/art/panels/080-01/v04-storyboard-svg.svg	storyboard-svg		1200	800	8836	2026-09-12T22:35:06+00:00	candidate		storyboard
080-01	v05	assets/art/panels/080-01/v05-storyboard-svg.svg	storyboard-svg		1200	800	16019	2026-09-12T23:01:00+00:00	candidate		storyboard
080-01	v06	assets/art/panels/080-01/v06-storyboard-svg.svg	storyboard-svg		1200	800	16060	2026-09-12T23:55:11+00:00	candidate		storyboard
080-01	v07	assets/art/panels/080-01/v07-storyboard-svg.svg	storyboard-svg		1200	800	16714	2026-09-13T01:34:49+00:00	candidate		storyboard
080-02	v01	assets/art/panels/080-02/v01-storyboard-svg.svg	storyboard-svg		1200	800	6210	2026-09-07T16:49:22+00:00	candidate		storyboard
080-02	v02	assets/art/panels/080-02/v02-storyboard-svg.svg	storyboard-svg		1200	800	6836	2026-09-07T16:55:37+00:00	candidate		storyboard
080-02	v03	assets/art/panels/080-02/v03-storyboard-svg.svg	storyboard-svg		1200	800	7369	2026-09-12T21:18:27+00:00	candidate		storyboard
080-02	v04	assets/art/panels/080-02/v04-storyboard-svg.svg	storyboard-svg		1200	800	15884	2026-09-12T23:01:00+00:00	candidate		storyboard
080-02	v05	assets/art/panels/080-02/v05-storyboard-svg.svg	storyboard-svg		1200	800	15925	2026-09-12T23:55:11+00:00	candidate		storyboard
080-02	v06	assets/art/panels/080-02/v06-storyboard-svg.svg	storyboard-svg		1200	800	17132	2026-09-13T00:10:06+00:00	candidate		storyboard
080-02	v07	assets/art/panels/080-02/v07-storyboard-svg.svg	storyboard-svg		1200	800	20755	2026-09-13T00:25:41+00:00	candidate		storyboard
080-02	v08	assets/art/panels/080-02/v08-storyboard-svg.svg	storyboard-svg		1200	800	21666	2026-09-13T01:34:49+00:00	candidate		storyboard
080-03	v01	assets/art/panels/080-03/v01-storyboard-svg.svg	storyboard-svg		1200	800	3414	2026-09-07T16:49:23+00:00	candidate		storyboard
080-03	v02	assets/art/panels/080-03/v02-storyboard-svg.svg	storyboard-svg		1200	800	3680	2026-09-07T16:55:38+00:00	candidate		storyboard
080-03	v03	assets/art/panels/080-03/v03-storyboard-svg.svg	storyboard-svg		1200	800	4133	2026-09-12T21:18:27+00:00	candidate		storyboard
080-03	v04	assets/art/panels/080-03/v04-storyboard-svg.svg	storyboard-svg		1200	800	6484	2026-09-12T23:01:00+00:00	candidate		storyboard
080-03	v05	assets/art/panels/080-03/v05-storyboard-svg.svg	storyboard-svg		1200	800	6525	2026-09-12T23:55:11+00:00	candidate		storyboard
080-03	v06	assets/art/panels/080-03/v06-storyboard-svg.svg	storyboard-svg		1200	800	7732	2026-09-13T00:10:06+00:00	candidate		storyboard
080-03	v07	assets/art/panels/080-03/v07-storyboard-svg.svg	storyboard-svg		1200	800	11355	2026-09-13T00:25:41+00:00	candidate		storyboard
080-03	v08	assets/art/panels/080-03/v08-storyboard-svg.svg	storyboard-svg		1200	800	11721	2026-09-13T01:34:49+00:00	candidate		storyboard
080-04	v01	assets/art/panels/080-04/v01-storyboard-svg.svg	storyboard-svg		1200	800	4493	2026-09-07T16:49:23+00:00	candidate		storyboard
080-04	v02	assets/art/panels/080-04/v02-storyboard-svg.svg	storyboard-svg		1200	800	4865	2026-09-07T16:55:38+00:00	candidate		storyboard
080-04	v03	assets/art/panels/080-04/v03-storyboard-svg.svg	storyboard-svg		1200	800	5257	2026-09-12T21:18:27+00:00	candidate		storyboard
080-04	v04	assets/art/panels/080-04/v04-storyboard-svg.svg	storyboard-svg		1200	800	9151	2026-09-12T23:01:00+00:00	candidate		storyboard
080-04	v05	assets/art/panels/080-04/v05-storyboard-svg.svg	storyboard-svg		1200	800	9192	2026-09-12T23:55:11+00:00	candidate		storyboard
080-04	v06	assets/art/panels/080-04/v06-storyboard-svg.svg	storyboard-svg		1200	800	10399	2026-09-13T00:10:06+00:00	candidate		storyboard
080-04	v07	assets/art/panels/080-04/v07-storyboard-svg.svg	storyboard-svg		1200	800	14022	2026-09-13T00:25:41+00:00	candidate		storyboard
080-04	v08	assets/art/panels/080-04/v08-storyboard-svg.svg	storyboard-svg		1200	800	14596	2026-09-13T01:34:49+00:00	candidate		storyboard
080-05	v01	assets/art/panels/080-05/v01-storyboard-svg.svg	storyboard-svg		1200	800	4528	2026-09-07T16:49:23+00:00	candidate		storyboard
080-05	v02	assets/art/panels/080-05/v02-storyboard-svg.svg	storyboard-svg		1200	800	4823	2026-09-07T16:55:38+00:00	candidate		storyboard
080-05	v03	assets/art/panels/080-05/v03-storyboard-svg.svg	storyboard-svg		1200	800	5244	2026-09-12T21:18:27+00:00	candidate		storyboard
080-05	v04	assets/art/panels/080-05/v04-storyboard-svg.svg	storyboard-svg		1200	800	12178	2026-09-12T23:01:00+00:00	candidate		storyboard
080-05	v05	assets/art/panels/080-05/v05-storyboard-svg.svg	storyboard-svg		1200	800	12249	2026-09-12T23:55:11+00:00	candidate		storyboard
080-05	v06	assets/art/panels/080-05/v06-storyboard-svg.svg	storyboard-svg		1200	800	14510	2026-09-13T00:10:06+00:00	candidate		storyboard
080-05	v07	assets/art/panels/080-05/v07-storyboard-svg.svg	storyboard-svg		1200	800	21278	2026-09-13T00:25:41+00:00	candidate		storyboard
080-05	v08	assets/art/panels/080-05/v08-storyboard-svg.svg	storyboard-svg		1200	800	21669	2026-09-13T01:34:49+00:00	candidate		storyboard
081-01	v01	assets/art/panels/081-01/v01-storyboard-svg.svg	storyboard-svg		1200	800	2892	2026-09-07T16:49:23+00:00	candidate		storyboard
081-01	v02	assets/art/panels/081-01/v02-storyboard-svg.svg	storyboard-svg		1200	800	3021	2026-09-07T16:55:38+00:00	candidate		storyboard
081-01	v03	assets/art/panels/081-01/v03-storyboard-svg.svg	storyboard-svg		1200	800	3374	2026-09-12T21:18:27+00:00	candidate		storyboard
081-01	v04	assets/art/panels/081-01/v04-storyboard-svg.svg	storyboard-svg		1200	800	5101	2026-09-12T23:01:00+00:00	candidate		storyboard
081-01	v05	assets/art/panels/081-01/v05-storyboard-svg.svg	storyboard-svg		1200	800	5147	2026-09-12T23:55:11+00:00	candidate		storyboard
081-01	v06	assets/art/panels/081-01/v06-storyboard-svg.svg	storyboard-svg		1200	800	6154	2026-09-13T00:10:06+00:00	candidate		storyboard
081-01	v07	assets/art/panels/081-01/v07-storyboard-svg.svg	storyboard-svg		1200	800	9404	2026-09-13T00:25:41+00:00	candidate		storyboard
081-01	v08	assets/art/panels/081-01/v08-storyboard-svg.svg	storyboard-svg		1200	800	9612	2026-09-13T01:34:49+00:00	candidate		storyboard
081-02	v01	assets/art/panels/081-02/v01-storyboard-svg.svg	storyboard-svg		1200	800	2823	2026-09-07T16:49:23+00:00	candidate		storyboard
081-02	v02	assets/art/panels/081-02/v02-storyboard-svg.svg	storyboard-svg		1200	800	2952	2026-09-07T16:55:38+00:00	candidate		storyboard
081-02	v03	assets/art/panels/081-02/v03-storyboard-svg.svg	storyboard-svg		1200	800	3070	2026-09-12T20:10:17+00:00	candidate		storyboard
081-02	v04	assets/art/panels/081-02/v04-storyboard-svg.svg	storyboard-svg		1200	800	3395	2026-09-12T21:18:27+00:00	candidate		storyboard
081-02	v05	assets/art/panels/081-02/v05-storyboard-svg.svg	storyboard-svg		1200	800	5992	2026-09-12T23:01:00+00:00	candidate		storyboard
081-02	v06	assets/art/panels/081-02/v06-storyboard-svg.svg	storyboard-svg		1200	800	6038	2026-09-12T23:55:11+00:00	candidate		storyboard
081-02	v07	assets/art/panels/081-02/v07-storyboard-svg.svg	storyboard-svg		1200	800	7045	2026-09-13T00:10:06+00:00	candidate		storyboard
081-02	v08	assets/art/panels/081-02/v08-storyboard-svg.svg	storyboard-svg		1200	800	10295	2026-09-13T00:25:41+00:00	candidate		storyboard
081-02	v09	assets/art/panels/081-02/v09-storyboard-svg.svg	storyboard-svg		1200	800	10503	2026-09-13T01:34:49+00:00	candidate		storyboard
081-03	v01	assets/art/panels/081-03/v01-storyboard-svg.svg	storyboard-svg		1200	800	4784	2026-09-07T16:49:23+00:00	candidate		storyboard
081-03	v02	assets/art/panels/081-03/v02-storyboard-svg.svg	storyboard-svg		1200	800	5419	2026-09-07T16:55:38+00:00	candidate		storyboard
081-03	v03	assets/art/panels/081-03/v03-storyboard-svg.svg	storyboard-svg		1200	800	6805	2026-09-12T21:18:27+00:00	candidate		storyboard
081-03	v04	assets/art/panels/081-03/v04-storyboard-svg.svg	storyboard-svg		1200	800	11149	2026-09-12T23:01:00+00:00	candidate		storyboard
081-03	v05	assets/art/panels/081-03/v05-storyboard-svg.svg	storyboard-svg		1200	800	11195	2026-09-12T23:55:11+00:00	candidate		storyboard
081-03	v06	assets/art/panels/081-03/v06-storyboard-svg.svg	storyboard-svg		1200	800	12202	2026-09-13T00:10:06+00:00	candidate		storyboard
081-03	v07	assets/art/panels/081-03/v07-storyboard-svg.svg	storyboard-svg		1200	800	15452	2026-09-13T00:25:41+00:00	candidate		storyboard
081-03	v08	assets/art/panels/081-03/v08-storyboard-svg.svg	storyboard-svg		1200	800	16392	2026-09-13T01:34:49+00:00	candidate		storyboard
081-04	v01	assets/art/panels/081-04/v01-storyboard-svg.svg	storyboard-svg		1200	800	4040	2026-09-07T16:49:23+00:00	candidate		storyboard
081-04	v02	assets/art/panels/081-04/v02-storyboard-svg.svg	storyboard-svg		1200	800	4286	2026-09-07T16:55:38+00:00	candidate		storyboard
081-04	v03	assets/art/panels/081-04/v03-storyboard-svg.svg	storyboard-svg		1200	800	4727	2026-09-12T21:18:27+00:00	candidate		storyboard
081-04	v04	assets/art/panels/081-04/v04-storyboard-svg.svg	storyboard-svg		1200	800	8501	2026-09-12T23:01:00+00:00	candidate		storyboard
081-04	v05	assets/art/panels/081-04/v05-storyboard-svg.svg	storyboard-svg		1200	800	8547	2026-09-12T23:55:11+00:00	candidate		storyboard
081-04	v06	assets/art/panels/081-04/v06-storyboard-svg.svg	storyboard-svg		1200	800	9554	2026-09-13T00:10:06+00:00	candidate		storyboard
081-04	v07	assets/art/panels/081-04/v07-storyboard-svg.svg	storyboard-svg		1200	800	12804	2026-09-13T00:25:41+00:00	candidate		storyboard
081-04	v08	assets/art/panels/081-04/v08-storyboard-svg.svg	storyboard-svg		1200	800	13195	2026-09-13T01:34:49+00:00	candidate		storyboard
082-01	v01	assets/art/panels/082-01/v01-storyboard-svg.svg	storyboard-svg		1200	800	2837	2026-09-07T16:49:23+00:00	candidate		storyboard
082-01	v02	assets/art/panels/082-01/v02-storyboard-svg.svg	storyboard-svg		1200	800	2966	2026-09-07T16:55:39+00:00	candidate		storyboard
082-01	v03	assets/art/panels/082-01/v03-storyboard-svg.svg	storyboard-svg		1200	800	3270	2026-09-12T21:18:27+00:00	candidate		storyboard
082-01	v04	assets/art/panels/082-01/v04-storyboard-svg.svg	storyboard-svg		1200	800	5404	2026-09-12T23:01:00+00:00	candidate		storyboard
082-01	v05	assets/art/panels/082-01/v05-storyboard-svg.svg	storyboard-svg		1200	800	5453	2026-09-12T23:55:11+00:00	candidate		storyboard
082-01	v06	assets/art/panels/082-01/v06-storyboard-svg.svg	storyboard-svg		1200	800	6588	2026-09-13T00:10:06+00:00	candidate		storyboard
082-01	v07	assets/art/panels/082-01/v07-storyboard-svg.svg	storyboard-svg		1200	800	9900	2026-09-13T00:25:41+00:00	candidate		storyboard
082-01	v08	assets/art/panels/082-01/v08-storyboard-svg.svg	storyboard-svg		1200	800	10108	2026-09-13T01:34:49+00:00	candidate		storyboard
082-02	v01	assets/art/panels/082-02/v01-storyboard-svg.svg	storyboard-svg		1200	800	4116	2026-09-07T16:49:23+00:00	candidate		storyboard
082-02	v02	assets/art/panels/082-02/v02-storyboard-svg.svg	storyboard-svg		1200	800	4509	2026-09-07T16:55:39+00:00	candidate		storyboard
082-02	v03	assets/art/panels/082-02/v03-storyboard-svg.svg	storyboard-svg		1200	800	3278	2026-09-12T21:18:27+00:00	candidate		storyboard
082-02	v04	assets/art/panels/082-02/v04-storyboard-svg.svg	storyboard-svg		1200	800	4213	2026-09-12T23:01:00+00:00	candidate		storyboard
082-02	v05	assets/art/panels/082-02/v05-storyboard-svg.svg	storyboard-svg		1200	800	4262	2026-09-12T23:55:11+00:00	candidate		storyboard
082-02	v06	assets/art/panels/082-02/v06-storyboard-svg.svg	storyboard-svg		1200	800	5397	2026-09-13T00:10:06+00:00	candidate		storyboard
082-02	v07	assets/art/panels/082-02/v07-storyboard-svg.svg	storyboard-svg		1200	800	8709	2026-09-13T00:25:41+00:00	candidate		storyboard
082-02	v08	assets/art/panels/082-02/v08-storyboard-svg.svg	storyboard-svg		1200	800	8759	2026-09-13T01:34:49+00:00	candidate		storyboard
082-03	v01	assets/art/panels/082-03/v01-storyboard-svg.svg	storyboard-svg		1200	800	5726	2026-09-07T16:49:23+00:00	candidate		storyboard
082-03	v02	assets/art/panels/082-03/v02-storyboard-svg.svg	storyboard-svg		1200	800	5992	2026-09-07T16:55:39+00:00	candidate		storyboard
082-03	v03	assets/art/panels/082-03/v03-storyboard-svg.svg	storyboard-svg		1200	800	6302	2026-09-12T21:18:27+00:00	candidate		storyboard
082-03	v04	assets/art/panels/082-03/v04-storyboard-svg.svg	storyboard-svg		1200	800	26579	2026-09-12T23:01:00+00:00	candidate		storyboard
082-03	v05	assets/art/panels/082-03/v05-storyboard-svg.svg	storyboard-svg		1200	800	26628	2026-09-12T23:55:11+00:00	candidate		storyboard
082-03	v06	assets/art/panels/082-03/v06-storyboard-svg.svg	storyboard-svg		1200	800	27763	2026-09-13T00:10:06+00:00	candidate		storyboard
082-03	v07	assets/art/panels/082-03/v07-storyboard-svg.svg	storyboard-svg		1200	800	31075	2026-09-13T00:25:41+00:00	candidate		storyboard
082-03	v08	assets/art/panels/082-03/v08-storyboard-svg.svg	storyboard-svg		1200	800	31441	2026-09-13T01:34:49+00:00	candidate		storyboard
082-04	v01	assets/art/panels/082-04/v01-storyboard-svg.svg	storyboard-svg		1200	800	4167	2026-09-07T16:49:23+00:00	candidate		storyboard
082-04	v02	assets/art/panels/082-04/v02-storyboard-svg.svg	storyboard-svg		1200	800	4551	2026-09-07T16:55:39+00:00	candidate		storyboard
082-04	v03	assets/art/panels/082-04/v03-storyboard-svg.svg	storyboard-svg		1200	800	4965	2026-09-12T21:18:27+00:00	candidate		storyboard
082-04	v04	assets/art/panels/082-04/v04-storyboard-svg.svg	storyboard-svg		1200	800	7940	2026-09-12T23:01:00+00:00	candidate		storyboard
082-04	v05	assets/art/panels/082-04/v05-storyboard-svg.svg	storyboard-svg		1200	800	7986	2026-09-12T23:55:11+00:00	candidate		storyboard
082-04	v06	assets/art/panels/082-04/v06-storyboard-svg.svg	storyboard-svg		1200	800	8993	2026-09-13T00:10:06+00:00	candidate		storyboard
082-04	v07	assets/art/panels/082-04/v07-storyboard-svg.svg	storyboard-svg		1200	800	12243	2026-09-13T00:25:41+00:00	candidate		storyboard
082-04	v08	assets/art/panels/082-04/v08-storyboard-svg.svg	storyboard-svg		1200	800	12792	2026-09-13T01:34:49+00:00	candidate		storyboard
082-05	v01	assets/art/panels/082-05/v01-storyboard-svg.svg	storyboard-svg		1200	800	2575	2026-09-07T16:49:23+00:00	candidate		storyboard
082-05	v02	assets/art/panels/082-05/v02-storyboard-svg.svg	storyboard-svg		1200	800	2704	2026-09-07T16:55:39+00:00	candidate		storyboard
082-05	v03	assets/art/panels/082-05/v03-storyboard-svg.svg	storyboard-svg		1200	800	3040	2026-09-12T21:18:27+00:00	candidate		storyboard
082-05	v04	assets/art/panels/082-05/v04-storyboard-svg.svg	storyboard-svg		1200	800	3340	2026-09-12T23:01:00+00:00	candidate		storyboard
082-05	v05	assets/art/panels/082-05/v05-storyboard-svg.svg	storyboard-svg		1200	800	3386	2026-09-12T23:55:11+00:00	candidate		storyboard
082-05	v06	assets/art/panels/082-05/v06-storyboard-svg.svg	storyboard-svg		1200	800	4393	2026-09-13T00:10:07+00:00	candidate		storyboard
082-05	v07	assets/art/panels/082-05/v07-storyboard-svg.svg	storyboard-svg		1200	800	7643	2026-09-13T00:25:41+00:00	candidate		storyboard
082-05	v08	assets/art/panels/082-05/v08-storyboard-svg.svg	storyboard-svg		1200	800	7851	2026-09-13T01:34:49+00:00	candidate		storyboard
083-01	v01	assets/art/panels/083-01/v01-storyboard-svg.svg	storyboard-svg		1200	800	4001	2026-09-07T16:49:23+00:00	candidate		storyboard
083-01	v02	assets/art/panels/083-01/v02-storyboard-svg.svg	storyboard-svg		1200	800	4299	2026-09-07T16:55:39+00:00	candidate		storyboard
083-01	v03	assets/art/panels/083-01/v03-storyboard-svg.svg	storyboard-svg		1200	800	4381	2026-09-07T17:01:50+00:00	candidate		storyboard
083-01	v04	assets/art/panels/083-01/v04-storyboard-svg.svg	storyboard-svg		1200	800	4728	2026-09-12T21:18:27+00:00	candidate		storyboard
083-01	v05	assets/art/panels/083-01/v05-storyboard-svg.svg	storyboard-svg		1200	800	7085	2026-09-12T23:01:00+00:00	candidate		storyboard
083-01	v06	assets/art/panels/083-01/v06-storyboard-svg.svg	storyboard-svg		1200	800	7166	2026-09-12T23:55:11+00:00	candidate		storyboard
083-01	v07	assets/art/panels/083-01/v07-storyboard-svg.svg	storyboard-svg		1200	800	9247	2026-09-13T00:10:07+00:00	candidate		storyboard
083-01	v08	assets/art/panels/083-01/v08-storyboard-svg.svg	storyboard-svg		1200	800	15839	2026-09-13T00:25:41+00:00	candidate		storyboard
083-01	v09	assets/art/panels/083-01/v09-storyboard-svg.svg	storyboard-svg		1200	800	16205	2026-09-13T01:34:49+00:00	candidate		storyboard
083-02	v01	assets/art/panels/083-02/v01-storyboard-svg.svg	storyboard-svg		1200	800	4588	2026-09-07T16:49:23+00:00	candidate		storyboard
083-02	v02	assets/art/panels/083-02/v02-storyboard-svg.svg	storyboard-svg		1200	800	4956	2026-09-07T16:55:39+00:00	candidate		storyboard
083-02	v03	assets/art/panels/083-02/v03-storyboard-svg.svg	storyboard-svg		1200	800	5038	2026-09-07T17:01:50+00:00	candidate		storyboard
083-02	v04	assets/art/panels/083-02/v04-storyboard-svg.svg	storyboard-svg		1200	800	5497	2026-09-12T21:18:27+00:00	candidate		storyboard
083-02	v05	assets/art/panels/083-02/v05-storyboard-svg.svg	storyboard-svg		1200	800	9500	2026-09-12T23:01:00+00:00	candidate		storyboard
083-02	v06	assets/art/panels/083-02/v06-storyboard-svg.svg	storyboard-svg		1200	800	10382	2026-09-12T23:37:24+00:00	candidate		storyboard
083-02	v07	assets/art/panels/083-02/v07-storyboard-svg.svg	storyboard-svg		1200	800	10426	2026-09-12T23:55:11+00:00	candidate		storyboard
083-02	v08	assets/art/panels/083-02/v08-storyboard-svg.svg	storyboard-svg		1200	800	11495	2026-09-13T00:10:07+00:00	candidate		storyboard
083-02	v09	assets/art/panels/083-02/v09-storyboard-svg.svg	storyboard-svg		1200	800	14837	2026-09-13T00:25:41+00:00	candidate		storyboard
083-02	v10	assets/art/panels/083-02/v10-storyboard-svg.svg	storyboard-svg		1200	800	15410	2026-09-13T01:34:49+00:00	candidate		storyboard
083-03	v01	assets/art/panels/083-03/v01-storyboard-svg.svg	storyboard-svg		1200	800	4186	2026-09-07T16:49:24+00:00	candidate		storyboard
083-03	v02	assets/art/panels/083-03/v02-storyboard-svg.svg	storyboard-svg		1200	800	4570	2026-09-07T16:55:39+00:00	candidate		storyboard
083-03	v03	assets/art/panels/083-03/v03-storyboard-svg.svg	storyboard-svg		1200	800	4958	2026-09-12T21:18:27+00:00	candidate		storyboard
083-03	v04	assets/art/panels/083-03/v04-storyboard-svg.svg	storyboard-svg		1200	800	7933	2026-09-12T23:01:00+00:00	candidate		storyboard
083-03	v05	assets/art/panels/083-03/v05-storyboard-svg.svg	storyboard-svg		1200	800	7979	2026-09-12T23:55:11+00:00	candidate		storyboard
083-03	v06	assets/art/panels/083-03/v06-storyboard-svg.svg	storyboard-svg		1200	800	8986	2026-09-13T00:10:07+00:00	candidate		storyboard
083-03	v07	assets/art/panels/083-03/v07-storyboard-svg.svg	storyboard-svg		1200	800	12236	2026-09-13T00:25:41+00:00	candidate		storyboard
083-03	v08	assets/art/panels/083-03/v08-storyboard-svg.svg	storyboard-svg		1200	800	12785	2026-09-13T01:34:49+00:00	candidate		storyboard
083-04	v01	assets/art/panels/083-04/v01-storyboard-svg.svg	storyboard-svg		1200	800	2836	2026-09-07T16:49:24+00:00	candidate		storyboard
083-04	v02	assets/art/panels/083-04/v02-storyboard-svg.svg	storyboard-svg		1200	800	2965	2026-09-07T16:55:40+00:00	candidate		storyboard
083-04	v03	assets/art/panels/083-04/v03-storyboard-svg.svg	storyboard-svg		1200	800	3270	2026-09-12T21:18:27+00:00	candidate		storyboard
083-04	v04	assets/art/panels/083-04/v04-storyboard-svg.svg	storyboard-svg		1200	800	5404	2026-09-12T23:01:00+00:00	candidate		storyboard
083-04	v05	assets/art/panels/083-04/v05-storyboard-svg.svg	storyboard-svg		1200	800	5450	2026-09-12T23:55:11+00:00	candidate		storyboard
083-04	v06	assets/art/panels/083-04/v06-storyboard-svg.svg	storyboard-svg		1200	800	6457	2026-09-13T00:10:07+00:00	candidate		storyboard
083-04	v07	assets/art/panels/083-04/v07-storyboard-svg.svg	storyboard-svg		1200	800	9707	2026-09-13T00:25:41+00:00	candidate		storyboard
083-04	v08	assets/art/panels/083-04/v08-storyboard-svg.svg	storyboard-svg		1200	800	9992	2026-09-13T01:34:49+00:00	candidate		storyboard
083-05	v01	assets/art/panels/083-05/v01-storyboard-svg.svg	storyboard-svg		1200	800	4528	2026-09-07T16:49:24+00:00	candidate		storyboard
083-05	v02	assets/art/panels/083-05/v02-storyboard-svg.svg	storyboard-svg		1200	800	4896	2026-09-07T16:55:40+00:00	candidate		storyboard
083-05	v03	assets/art/panels/083-05/v03-storyboard-svg.svg	storyboard-svg		1200	800	5391	2026-09-12T21:18:27+00:00	candidate		storyboard
083-05	v04	assets/art/panels/083-05/v04-storyboard-svg.svg	storyboard-svg		1200	800	9551	2026-09-12T23:01:00+00:00	candidate		storyboard
083-05	v05	assets/art/panels/083-05/v05-storyboard-svg.svg	storyboard-svg		1200	800	9597	2026-09-12T23:55:11+00:00	candidate		storyboard
083-05	v06	assets/art/panels/083-05/v06-storyboard-svg.svg	storyboard-svg		1200	800	10604	2026-09-13T00:10:07+00:00	candidate		storyboard
083-05	v07	assets/art/panels/083-05/v07-storyboard-svg.svg	storyboard-svg		1200	800	13854	2026-09-13T00:25:41+00:00	candidate		storyboard
083-05	v08	assets/art/panels/083-05/v08-storyboard-svg.svg	storyboard-svg		1200	800	14425	2026-09-13T01:34:49+00:00	candidate		storyboard
084-01	v01	assets/art/panels/084-01/v01-storyboard-svg.svg	storyboard-svg		1200	800	8644	2026-09-07T16:49:24+00:00	candidate		storyboard
084-01	v02	assets/art/panels/084-01/v02-storyboard-svg.svg	storyboard-svg		1200	800	9083	2026-09-07T16:55:40+00:00	candidate		storyboard
084-01	v03	assets/art/panels/084-01/v03-storyboard-svg.svg	storyboard-svg		1200	800	9499	2026-09-12T21:18:27+00:00	candidate		storyboard
084-01	v04	assets/art/panels/084-01/v04-storyboard-svg.svg	storyboard-svg		1200	800	10061	2026-09-12T22:35:06+00:00	candidate		storyboard
084-01	v05	assets/art/panels/084-01/v05-storyboard-svg.svg	storyboard-svg		1200	800	19386	2026-09-12T23:01:00+00:00	candidate		storyboard
084-01	v06	assets/art/panels/084-01/v06-storyboard-svg.svg	storyboard-svg		1200	800	19422	2026-09-12T23:55:11+00:00	candidate		storyboard
084-01	v07	assets/art/panels/084-01/v07-storyboard-svg.svg	storyboard-svg		1200	800	19989	2026-09-13T01:34:49+00:00	candidate		storyboard
084-02	v01	assets/art/panels/084-02/v01-storyboard-svg.svg	storyboard-svg		1200	800	6345	2026-09-07T16:49:24+00:00	candidate		storyboard
084-02	v02	assets/art/panels/084-02/v02-storyboard-svg.svg	storyboard-svg		1200	800	6895	2026-09-07T16:55:40+00:00	candidate		storyboard
084-02	v03	assets/art/panels/084-02/v03-storyboard-svg.svg	storyboard-svg		1200	800	7334	2026-09-12T21:18:27+00:00	candidate		storyboard
084-02	v04	assets/art/panels/084-02/v04-storyboard-svg.svg	storyboard-svg		1200	800	14702	2026-09-12T23:01:00+00:00	candidate		storyboard
084-02	v05	assets/art/panels/084-02/v05-storyboard-svg.svg	storyboard-svg		1200	800	14738	2026-09-12T23:55:11+00:00	candidate		storyboard
084-02	v06	assets/art/panels/084-02/v06-storyboard-svg.svg	storyboard-svg		1200	800	15889	2026-09-13T00:10:07+00:00	candidate		storyboard
084-02	v07	assets/art/panels/084-02/v07-storyboard-svg.svg	storyboard-svg		1200	800	19486	2026-09-13T00:25:41+00:00	candidate		storyboard
084-02	v08	assets/art/panels/084-02/v08-storyboard-svg.svg	storyboard-svg		1200	800	20241	2026-09-13T01:34:49+00:00	candidate		storyboard
084-03	v01	assets/art/panels/084-03/v01-storyboard-svg.svg	storyboard-svg		1200	800	7497	2026-09-07T16:49:24+00:00	candidate		storyboard
084-03	v02	assets/art/panels/084-03/v02-storyboard-svg.svg	storyboard-svg		1200	800	8021	2026-09-07T16:55:40+00:00	candidate		storyboard
084-03	v03	assets/art/panels/084-03/v03-storyboard-svg.svg	storyboard-svg		1200	800	8552	2026-09-12T21:18:27+00:00	candidate		storyboard
084-03	v04	assets/art/panels/084-03/v04-storyboard-svg.svg	storyboard-svg		1200	800	15064	2026-09-12T23:01:00+00:00	candidate		storyboard
084-03	v05	assets/art/panels/084-03/v05-storyboard-svg.svg	storyboard-svg		1200	800	15100	2026-09-12T23:55:11+00:00	candidate		storyboard
084-03	v06	assets/art/panels/084-03/v06-storyboard-svg.svg	storyboard-svg		1200	800	16251	2026-09-13T00:10:07+00:00	candidate		storyboard
084-03	v07	assets/art/panels/084-03/v07-storyboard-svg.svg	storyboard-svg		1200	800	19848	2026-09-13T00:25:41+00:00	candidate		storyboard
084-03	v08	assets/art/panels/084-03/v08-storyboard-svg.svg	storyboard-svg		1200	800	20600	2026-09-13T01:34:49+00:00	candidate		storyboard
084-04	v01	assets/art/panels/084-04/v01-storyboard-svg.svg	storyboard-svg		1200	800	4443	2026-09-07T16:49:24+00:00	candidate		storyboard
084-04	v02	assets/art/panels/084-04/v02-storyboard-svg.svg	storyboard-svg		1200	800	4811	2026-09-07T16:55:40+00:00	candidate		storyboard
084-04	v03	assets/art/panels/084-04/v03-storyboard-svg.svg	storyboard-svg		1200	800	5269	2026-09-12T21:18:27+00:00	candidate		storyboard
084-04	v04	assets/art/panels/084-04/v04-storyboard-svg.svg	storyboard-svg		1200	800	9048	2026-09-12T23:01:00+00:00	candidate		storyboard
084-04	v05	assets/art/panels/084-04/v05-storyboard-svg.svg	storyboard-svg		1200	800	9084	2026-09-12T23:55:11+00:00	candidate		storyboard
084-04	v06	assets/art/panels/084-04/v06-storyboard-svg.svg	storyboard-svg		1200	800	10235	2026-09-13T00:10:07+00:00	candidate		storyboard
084-04	v07	assets/art/panels/084-04/v07-storyboard-svg.svg	storyboard-svg		1200	800	13832	2026-09-13T00:25:41+00:00	candidate		storyboard
084-04	v08	assets/art/panels/084-04/v08-storyboard-svg.svg	storyboard-svg		1200	800	14406	2026-09-13T01:34:49+00:00	candidate		storyboard
084-05	v01	assets/art/panels/084-05/v01-storyboard-svg.svg	storyboard-svg		1200	800	2663	2026-09-07T16:49:24+00:00	candidate		storyboard
084-05	v02	assets/art/panels/084-05/v02-storyboard-svg.svg	storyboard-svg		1200	800	2792	2026-09-07T16:55:40+00:00	candidate		storyboard
084-05	v03	assets/art/panels/084-05/v03-storyboard-svg.svg	storyboard-svg		1200	800	3080	2026-09-12T21:18:27+00:00	candidate		storyboard
084-05	v04	assets/art/panels/084-05/v04-storyboard-svg.svg	storyboard-svg		1200	800	4623	2026-09-12T23:01:00+00:00	candidate		storyboard
084-05	v05	assets/art/panels/084-05/v05-storyboard-svg.svg	storyboard-svg		1200	800	4659	2026-09-12T23:55:11+00:00	candidate		storyboard
084-05	v06	assets/art/panels/084-05/v06-storyboard-svg.svg	storyboard-svg		1200	800	5810	2026-09-13T00:10:07+00:00	candidate		storyboard
084-05	v07	assets/art/panels/084-05/v07-storyboard-svg.svg	storyboard-svg		1200	800	9407	2026-09-13T00:25:41+00:00	candidate		storyboard
084-05	v08	assets/art/panels/084-05/v08-storyboard-svg.svg	storyboard-svg		1200	800	9611	2026-09-13T01:34:49+00:00	candidate		storyboard
085-01	v01	assets/art/panels/085-01/v01-storyboard-svg.svg	storyboard-svg		1200	800	4806	2026-09-07T16:49:24+00:00	candidate		storyboard
085-01	v02	assets/art/panels/085-01/v02-storyboard-svg.svg	storyboard-svg		1200	800	5052	2026-09-07T16:55:40+00:00	candidate		storyboard
085-01	v03	assets/art/panels/085-01/v03-storyboard-svg.svg	storyboard-svg		1200	800	5452	2026-09-12T21:18:27+00:00	candidate		storyboard
085-01	v04	assets/art/panels/085-01/v04-storyboard-svg.svg	storyboard-svg		1200	800	10185	2026-09-12T23:01:00+00:00	candidate		storyboard
085-01	v05	assets/art/panels/085-01/v05-storyboard-svg.svg	storyboard-svg		1200	800	10253	2026-09-12T23:55:11+00:00	candidate		storyboard
085-01	v06	assets/art/panels/085-01/v06-storyboard-svg.svg	storyboard-svg		1200	800	12616	2026-09-13T00:10:07+00:00	candidate		storyboard
085-01	v07	assets/art/panels/085-01/v07-storyboard-svg.svg	storyboard-svg		1200	800	19836	2026-09-13T00:25:41+00:00	candidate		storyboard
085-01	v08	assets/art/panels/085-01/v08-storyboard-svg.svg	storyboard-svg		1200	800	20227	2026-09-13T01:34:49+00:00	candidate		storyboard
085-02	v01	assets/art/panels/085-02/v01-storyboard-svg.svg	storyboard-svg		1200	800	4269	2026-09-07T16:49:24+00:00	candidate		storyboard
085-02	v02	assets/art/panels/085-02/v02-storyboard-svg.svg	storyboard-svg		1200	800	4515	2026-09-07T16:55:41+00:00	candidate		storyboard
085-02	v03	assets/art/panels/085-02/v03-storyboard-svg.svg	storyboard-svg		1200	800	4926	2026-09-12T21:18:27+00:00	candidate		storyboard
085-02	v04	assets/art/panels/085-02/v04-storyboard-svg.svg	storyboard-svg		1200	800	9701	2026-09-12T23:01:00+00:00	candidate		storyboard
085-02	v05	assets/art/panels/085-02/v05-storyboard-svg.svg	storyboard-svg		1200	800	9769	2026-09-12T23:55:11+00:00	candidate		storyboard
085-02	v06	assets/art/panels/085-02/v06-storyboard-svg.svg	storyboard-svg		1200	800	12132	2026-09-13T00:10:07+00:00	candidate		storyboard
085-02	v07	assets/art/panels/085-02/v07-storyboard-svg.svg	storyboard-svg		1200	800	19352	2026-09-13T00:25:41+00:00	candidate		storyboard
085-02	v08	assets/art/panels/085-02/v08-storyboard-svg.svg	storyboard-svg		1200	800	19743	2026-09-13T01:34:49+00:00	candidate		storyboard
085-03	v01	assets/art/panels/085-03/v01-storyboard-svg.svg	storyboard-svg		1200	800	4436	2026-09-07T16:49:24+00:00	candidate		storyboard
085-03	v02	assets/art/panels/085-03/v02-storyboard-svg.svg	storyboard-svg		1200	800	4682	2026-09-07T16:55:41+00:00	candidate		storyboard
085-03	v03	assets/art/panels/085-03/v03-storyboard-svg.svg	storyboard-svg		1200	800	5163	2026-09-12T21:18:27+00:00	candidate		storyboard
085-03	v04	assets/art/panels/085-03/v04-storyboard-svg.svg	storyboard-svg		1200	800	9856	2026-09-12T23:01:00+00:00	candidate		storyboard
085-03	v05	assets/art/panels/085-03/v05-storyboard-svg.svg	storyboard-svg		1200	800	9924	2026-09-12T23:55:11+00:00	candidate		storyboard
085-03	v06	assets/art/panels/085-03/v06-storyboard-svg.svg	storyboard-svg		1200	800	12287	2026-09-13T00:10:07+00:00	candidate		storyboard
085-03	v07	assets/art/panels/085-03/v07-storyboard-svg.svg	storyboard-svg		1200	800	19507	2026-09-13T00:25:41+00:00	candidate		storyboard
085-03	v08	assets/art/panels/085-03/v08-storyboard-svg.svg	storyboard-svg		1200	800	19898	2026-09-13T01:34:49+00:00	candidate		storyboard
085-04	v01	assets/art/panels/085-04/v01-storyboard-svg.svg	storyboard-svg		1200	800	4755	2026-09-07T16:49:24+00:00	candidate		storyboard
085-04	v02	assets/art/panels/085-04/v02-storyboard-svg.svg	storyboard-svg		1200	800	5001	2026-09-07T16:55:41+00:00	candidate		storyboard
085-04	v03	assets/art/panels/085-04/v03-storyboard-svg.svg	storyboard-svg		1200	800	5482	2026-09-12T21:18:27+00:00	candidate		storyboard
085-04	v04	assets/art/panels/085-04/v04-storyboard-svg.svg	storyboard-svg		1200	800	10175	2026-09-12T23:01:00+00:00	candidate		storyboard
085-04	v05	assets/art/panels/085-04/v05-storyboard-svg.svg	storyboard-svg		1200	800	10243	2026-09-12T23:55:11+00:00	candidate		storyboard
085-04	v06	assets/art/panels/085-04/v06-storyboard-svg.svg	storyboard-svg		1200	800	12606	2026-09-13T00:10:07+00:00	candidate		storyboard
085-04	v07	assets/art/panels/085-04/v07-storyboard-svg.svg	storyboard-svg		1200	800	19826	2026-09-13T00:25:41+00:00	candidate		storyboard
085-04	v08	assets/art/panels/085-04/v08-storyboard-svg.svg	storyboard-svg		1200	800	20217	2026-09-13T01:34:49+00:00	candidate		storyboard
085-05	v01	assets/art/panels/085-05/v01-storyboard-svg.svg	storyboard-svg		1200	800	4905	2026-09-07T16:49:24+00:00	candidate		storyboard
085-05	v02	assets/art/panels/085-05/v02-storyboard-svg.svg	storyboard-svg		1200	800	5151	2026-09-07T16:55:41+00:00	candidate		storyboard
085-05	v03	assets/art/panels/085-05/v03-storyboard-svg.svg	storyboard-svg		1200	800	5566	2026-09-12T21:18:27+00:00	candidate		storyboard
085-05	v04	assets/art/panels/085-05/v04-storyboard-svg.svg	storyboard-svg		1200	800	9711	2026-09-12T23:01:00+00:00	candidate		storyboard
085-05	v05	assets/art/panels/085-05/v05-storyboard-svg.svg	storyboard-svg		1200	800	9779	2026-09-12T23:55:11+00:00	candidate		storyboard
085-05	v06	assets/art/panels/085-05/v06-storyboard-svg.svg	storyboard-svg		1200	800	12142	2026-09-13T00:10:07+00:00	candidate		storyboard
085-05	v07	assets/art/panels/085-05/v07-storyboard-svg.svg	storyboard-svg		1200	800	19362	2026-09-13T00:25:41+00:00	candidate		storyboard
085-05	v08	assets/art/panels/085-05/v08-storyboard-svg.svg	storyboard-svg		1200	800	19753	2026-09-13T01:34:49+00:00	candidate		storyboard
086-01	v01	assets/art/panels/086-01/v01-storyboard-svg.svg	storyboard-svg		1200	800	7673	2026-09-07T16:49:24+00:00	candidate		storyboard
086-01	v02	assets/art/panels/086-01/v02-storyboard-svg.svg	storyboard-svg		1200	800	8197	2026-09-07T16:55:41+00:00	candidate		storyboard
086-01	v03	assets/art/panels/086-01/v03-storyboard-svg.svg	storyboard-svg		1200	800	8794	2026-09-12T21:18:27+00:00	candidate		storyboard
086-01	v04	assets/art/panels/086-01/v04-storyboard-svg.svg	storyboard-svg		1200	800	15306	2026-09-12T23:01:00+00:00	candidate		storyboard
086-01	v05	assets/art/panels/086-01/v05-storyboard-svg.svg	storyboard-svg		1200	800	15342	2026-09-12T23:55:11+00:00	candidate		storyboard
086-01	v06	assets/art/panels/086-01/v06-storyboard-svg.svg	storyboard-svg		1200	800	16493	2026-09-13T00:10:07+00:00	candidate		storyboard
086-01	v07	assets/art/panels/086-01/v07-storyboard-svg.svg	storyboard-svg		1200	800	20090	2026-09-13T00:25:41+00:00	candidate		storyboard
086-01	v08	assets/art/panels/086-01/v08-storyboard-svg.svg	storyboard-svg		1200	800	20846	2026-09-13T01:34:49+00:00	candidate		storyboard
086-02	v01	assets/art/panels/086-02/v01-storyboard-svg.svg	storyboard-svg		1200	800	5976	2026-09-07T16:49:25+00:00	candidate		storyboard
086-02	v02	assets/art/panels/086-02/v02-storyboard-svg.svg	storyboard-svg		1200	800	6609	2026-09-07T16:55:41+00:00	candidate		storyboard
086-02	v03	assets/art/panels/086-02/v03-storyboard-svg.svg	storyboard-svg		1200	800	7012	2026-09-12T21:18:27+00:00	candidate		storyboard
086-02	v04	assets/art/panels/086-02/v04-storyboard-svg.svg	storyboard-svg		1200	800	11415	2026-09-12T23:01:00+00:00	candidate		storyboard
086-02	v05	assets/art/panels/086-02/v05-storyboard-svg.svg	storyboard-svg		1200	800	11488	2026-09-12T23:55:11+00:00	candidate		storyboard
086-02	v06	assets/art/panels/086-02/v06-storyboard-svg.svg	storyboard-svg		1200	800	13735	2026-09-13T00:10:07+00:00	candidate		storyboard
086-02	v07	assets/art/panels/086-02/v07-storyboard-svg.svg	storyboard-svg		1200	800	20632	2026-09-13T00:25:41+00:00	candidate		storyboard
086-02	v08	assets/art/panels/086-02/v08-storyboard-svg.svg	storyboard-svg		1200	800	21386	2026-09-13T01:34:49+00:00	candidate		storyboard
086-03	v01	assets/art/panels/086-03/v01-storyboard-svg.svg	storyboard-svg		1200	800	3335	2026-09-07T16:49:25+00:00	candidate		storyboard
086-03	v02	assets/art/panels/086-03/v02-storyboard-svg.svg	storyboard-svg		1200	800	3464	2026-09-07T16:55:41+00:00	candidate		storyboard
086-03	v03	assets/art/panels/086-03/v03-storyboard-svg.svg	storyboard-svg		1200	800	3776	2026-09-12T21:18:27+00:00	candidate		storyboard
086-03	v04	assets/art/panels/086-03/v04-storyboard-svg.svg	storyboard-svg		1200	800	5312	2026-09-12T23:01:00+00:00	candidate		storyboard
086-03	v05	assets/art/panels/086-03/v05-storyboard-svg.svg	storyboard-svg		1200	800	5358	2026-09-12T23:55:11+00:00	candidate		storyboard
086-03	v06	assets/art/panels/086-03/v06-storyboard-svg.svg	storyboard-svg		1200	800	6449	2026-09-13T00:10:07+00:00	candidate		storyboard
086-03	v07	assets/art/panels/086-03/v07-storyboard-svg.svg	storyboard-svg		1200	800	9749	2026-09-13T00:25:41+00:00	candidate		storyboard
086-03	v08	assets/art/panels/086-03/v08-storyboard-svg.svg	storyboard-svg		1200	800	9957	2026-09-13T01:34:49+00:00	candidate		storyboard
086-04	v01	assets/art/panels/086-04/v01-storyboard-svg.svg	storyboard-svg		1200	800	3168	2026-09-07T16:49:25+00:00	candidate		storyboard
086-04	v02	assets/art/panels/086-04/v02-storyboard-svg.svg	storyboard-svg		1200	800	3297	2026-09-07T16:55:42+00:00	candidate		storyboard
086-04	v03	assets/art/panels/086-04/v03-storyboard-svg.svg	storyboard-svg		1200	800	3617	2026-09-12T21:18:27+00:00	candidate		storyboard
086-04	v04	assets/art/panels/086-04/v04-storyboard-svg.svg	storyboard-svg		1200	800	5153	2026-09-12T23:01:00+00:00	candidate		storyboard
086-04	v05	assets/art/panels/086-04/v05-storyboard-svg.svg	storyboard-svg		1200	800	5199	2026-09-12T23:55:11+00:00	candidate		storyboard
086-04	v06	assets/art/panels/086-04/v06-storyboard-svg.svg	storyboard-svg		1200	800	6290	2026-09-13T00:10:07+00:00	candidate		storyboard
086-04	v07	assets/art/panels/086-04/v07-storyboard-svg.svg	storyboard-svg		1200	800	9590	2026-09-13T00:25:41+00:00	candidate		storyboard
086-04	v08	assets/art/panels/086-04/v08-storyboard-svg.svg	storyboard-svg		1200	800	9798	2026-09-13T01:34:49+00:00	candidate		storyboard
086-05	v01	assets/art/panels/086-05/v01-storyboard-svg.svg	storyboard-svg		1200	800	3434	2026-09-07T16:49:25+00:00	candidate		storyboard
086-05	v02	assets/art/panels/086-05/v02-storyboard-svg.svg	storyboard-svg		1200	800	3549	2026-09-07T16:55:42+00:00	candidate		storyboard
086-05	v03	assets/art/panels/086-05/v03-storyboard-svg.svg	storyboard-svg		1200	800	3559	2026-09-07T17:26:55+00:00	candidate		storyboard
086-05	v04	assets/art/panels/086-05/v04-storyboard-svg.svg	storyboard-svg		1200	800	3905	2026-09-12T21:18:27+00:00	candidate		storyboard
086-05	v05	assets/art/panels/086-05/v05-storyboard-svg.svg	storyboard-svg		1200	800	5441	2026-09-12T23:01:00+00:00	candidate		storyboard
086-05	v06	assets/art/panels/086-05/v06-storyboard-svg.svg	storyboard-svg		1200	800	5487	2026-09-12T23:55:11+00:00	candidate		storyboard
086-05	v07	assets/art/panels/086-05/v07-storyboard-svg.svg	storyboard-svg		1200	800	6578	2026-09-13T00:10:07+00:00	candidate		storyboard
086-05	v08	assets/art/panels/086-05/v08-storyboard-svg.svg	storyboard-svg		1200	800	9878	2026-09-13T00:25:41+00:00	candidate		storyboard
086-05	v09	assets/art/panels/086-05/v09-storyboard-svg.svg	storyboard-svg		1200	800	10111	2026-09-13T01:34:49+00:00	candidate		storyboard
086-06	v01	assets/art/panels/086-06/v01-storyboard-svg.svg	storyboard-svg		1200	800	6843	2026-09-07T16:49:25+00:00	candidate		storyboard
086-06	v02	assets/art/panels/086-06/v02-storyboard-svg.svg	storyboard-svg		1200	800	7511	2026-09-07T16:55:42+00:00	candidate		storyboard
086-06	v03	assets/art/panels/086-06/v03-storyboard-svg.svg	storyboard-svg		1200	800	7593	2026-09-07T17:01:50+00:00	candidate		storyboard
086-06	v04	assets/art/panels/086-06/v04-storyboard-svg.svg	storyboard-svg		1200	800	7683	2026-09-12T21:18:27+00:00	candidate		storyboard
086-06	v05	assets/art/panels/086-06/v05-storyboard-svg.svg	storyboard-svg		1200	800	15656	2026-09-12T23:01:00+00:00	candidate		storyboard
086-06	v06	assets/art/panels/086-06/v06-storyboard-svg.svg	storyboard-svg		1200	800	15702	2026-09-12T23:55:11+00:00	candidate		storyboard
086-06	v07	assets/art/panels/086-06/v07-storyboard-svg.svg	storyboard-svg		1200	800	16793	2026-09-13T00:10:07+00:00	candidate		storyboard
086-06	v08	assets/art/panels/086-06/v08-storyboard-svg.svg	storyboard-svg		1200	800	20093	2026-09-13T00:25:41+00:00	candidate		storyboard
086-06	v09	assets/art/panels/086-06/v09-storyboard-svg.svg	storyboard-svg		1200	800	20850	2026-09-13T01:34:49+00:00	candidate		storyboard
087-01	v01	assets/art/panels/087-01/v01-storyboard-svg.svg	storyboard-svg		1200	800	5543	2026-09-07T16:49:25+00:00	candidate		storyboard
087-01	v02	assets/art/panels/087-01/v02-storyboard-svg.svg	storyboard-svg		1200	800	5911	2026-09-07T16:55:42+00:00	candidate		storyboard
087-01	v03	assets/art/panels/087-01/v03-storyboard-svg.svg	storyboard-svg		1200	800	6371	2026-09-12T21:18:27+00:00	candidate		storyboard
087-01	v04	assets/art/panels/087-01/v04-storyboard-svg.svg	storyboard-svg		1200	800	11217	2026-09-12T23:01:00+00:00	candidate		storyboard
087-01	v05	assets/art/panels/087-01/v05-storyboard-svg.svg	storyboard-svg		1200	800	11317	2026-09-12T23:55:11+00:00	candidate		storyboard
087-01	v06	assets/art/panels/087-01/v06-storyboard-svg.svg	storyboard-svg		1200	800	14785	2026-09-13T00:10:07+00:00	candidate		storyboard
087-01	v07	assets/art/panels/087-01/v07-storyboard-svg.svg	storyboard-svg		1200	800	25305	2026-09-13T00:25:41+00:00	candidate		storyboard
087-01	v08	assets/art/panels/087-01/v08-storyboard-svg.svg	storyboard-svg		1200	800	25877	2026-09-13T01:34:49+00:00	candidate		storyboard
087-02	v01	assets/art/panels/087-02/v01-storyboard-svg.svg	storyboard-svg		1200	800	7593	2026-09-07T16:49:25+00:00	candidate		storyboard
087-02	v02	assets/art/panels/087-02/v02-storyboard-svg.svg	storyboard-svg		1200	800	8082	2026-09-07T16:55:42+00:00	candidate		storyboard
087-02	v03	assets/art/panels/087-02/v03-storyboard-svg.svg	storyboard-svg		1200	800	8413	2026-09-12T21:18:27+00:00	candidate		storyboard
087-02	v04	assets/art/panels/087-02/v04-storyboard-svg.svg	storyboard-svg		1200	800	32201	2026-09-12T23:01:00+00:00	candidate		storyboard
087-02	v05	assets/art/panels/087-02/v05-storyboard-svg.svg	storyboard-svg		1200	800	32242	2026-09-12T23:55:11+00:00	candidate		storyboard
087-02	v06	assets/art/panels/087-02/v06-storyboard-svg.svg	storyboard-svg		1200	800	33449	2026-09-13T00:10:07+00:00	candidate		storyboard
087-02	v07	assets/art/panels/087-02/v07-storyboard-svg.svg	storyboard-svg		1200	800	37072	2026-09-13T00:25:41+00:00	candidate		storyboard
087-02	v08	assets/art/panels/087-02/v08-storyboard-svg.svg	storyboard-svg		1200	800	37645	2026-09-13T01:34:49+00:00	candidate		storyboard
087-03	v01	assets/art/panels/087-03/v01-storyboard-svg.svg	storyboard-svg		1200	800	4666	2026-09-07T16:49:25+00:00	candidate		storyboard
087-03	v02	assets/art/panels/087-03/v02-storyboard-svg.svg	storyboard-svg		1200	800	5034	2026-09-07T16:55:42+00:00	candidate		storyboard
087-03	v03	assets/art/panels/087-03/v03-storyboard-svg.svg	storyboard-svg		1200	800	5546	2026-09-12T21:18:27+00:00	candidate		storyboard
087-03	v04	assets/art/panels/087-03/v04-storyboard-svg.svg	storyboard-svg		1200	800	8521	2026-09-12T23:01:00+00:00	candidate		storyboard
087-03	v05	assets/art/panels/087-03/v05-storyboard-svg.svg	storyboard-svg		1200	800	8621	2026-09-12T23:55:11+00:00	candidate		storyboard
087-03	v06	assets/art/panels/087-03/v06-storyboard-svg.svg	storyboard-svg		1200	800	12089	2026-09-13T00:10:07+00:00	candidate		storyboard
087-03	v07	assets/art/panels/087-03/v07-storyboard-svg.svg	storyboard-svg		1200	800	22609	2026-09-13T00:25:41+00:00	candidate		storyboard
087-03	v08	assets/art/panels/087-03/v08-storyboard-svg.svg	storyboard-svg		1200	800	23183	2026-09-13T01:34:49+00:00	candidate		storyboard
087-04	v01	assets/art/panels/087-04/v01-storyboard-svg.svg	storyboard-svg		1200	800	3667	2026-09-07T16:49:25+00:00	candidate		storyboard
087-04	v02	assets/art/panels/087-04/v02-storyboard-svg.svg	storyboard-svg		1200	800	3796	2026-09-07T16:55:42+00:00	candidate		storyboard
087-04	v03	assets/art/panels/087-04/v03-storyboard-svg.svg	storyboard-svg		1200	800	3914	2026-09-12T20:10:17+00:00	candidate		storyboard
087-04	v04	assets/art/panels/087-04/v04-storyboard-svg.svg	storyboard-svg		1200	800	3912	2026-09-12T20:13:58+00:00	candidate		storyboard
087-04	v05	assets/art/panels/087-04/v05-storyboard-svg.svg	storyboard-svg		1200	800	4098	2026-09-12T21:18:27+00:00	candidate		storyboard
087-04	v06	assets/art/panels/087-04/v06-storyboard-svg.svg	storyboard-svg		1200	800	5599	2026-09-12T23:01:00+00:00	candidate		storyboard
087-04	v07	assets/art/panels/087-04/v07-storyboard-svg.svg	storyboard-svg		1200	800	5645	2026-09-12T23:55:11+00:00	candidate		storyboard
087-04	v08	assets/art/panels/087-04/v08-storyboard-svg.svg	storyboard-svg		1200	800	6652	2026-09-13T00:10:07+00:00	candidate		storyboard
087-04	v09	assets/art/panels/087-04/v09-storyboard-svg.svg	storyboard-svg		1200	800	9902	2026-09-13T00:25:41+00:00	candidate		storyboard
087-04	v10	assets/art/panels/087-04/v10-storyboard-svg.svg	storyboard-svg		1200	800	10110	2026-09-13T01:34:49+00:00	candidate		storyboard
087-05	v01	assets/art/panels/087-05/v01-storyboard-svg.svg	storyboard-svg		1200	800	5671	2026-09-07T16:49:25+00:00	candidate		storyboard
087-05	v02	assets/art/panels/087-05/v02-storyboard-svg.svg	storyboard-svg		1200	800	6151	2026-09-07T16:55:42+00:00	candidate		storyboard
087-05	v03	assets/art/panels/087-05/v03-storyboard-svg.svg	storyboard-svg		1200	800	6468	2026-09-12T21:18:27+00:00	candidate		storyboard
087-05	v04	assets/art/panels/087-05/v04-storyboard-svg.svg	storyboard-svg		1200	800	11314	2026-09-12T23:01:00+00:00	candidate		storyboard
087-05	v05	assets/art/panels/087-05/v05-storyboard-svg.svg	storyboard-svg		1200	800	11414	2026-09-12T23:55:11+00:00	candidate		storyboard
087-05	v06	assets/art/panels/087-05/v06-storyboard-svg.svg	storyboard-svg		1200	800	14882	2026-09-13T00:10:07+00:00	candidate		storyboard
087-05	v07	assets/art/panels/087-05/v07-storyboard-svg.svg	storyboard-svg		1200	800	25402	2026-09-13T00:25:41+00:00	candidate		storyboard
087-05	v08	assets/art/panels/087-05/v08-storyboard-svg.svg	storyboard-svg		1200	800	26000	2026-09-13T01:34:49+00:00	candidate		storyboard
087-06	v01	assets/art/panels/087-06/v01-storyboard-svg.svg	storyboard-svg		1200	800	5378	2026-09-07T16:49:25+00:00	candidate		storyboard
087-06	v02	assets/art/panels/087-06/v02-storyboard-svg.svg	storyboard-svg		1200	800	5746	2026-09-07T16:55:43+00:00	candidate		storyboard
087-06	v03	assets/art/panels/087-06/v03-storyboard-svg.svg	storyboard-svg		1200	800	6146	2026-09-12T21:18:27+00:00	candidate		storyboard
087-06	v04	assets/art/panels/087-06/v04-storyboard-svg.svg	storyboard-svg		1200	800	10992	2026-09-12T23:01:00+00:00	candidate		storyboard
087-06	v05	assets/art/panels/087-06/v05-storyboard-svg.svg	storyboard-svg		1200	800	11092	2026-09-12T23:55:11+00:00	candidate		storyboard
087-06	v06	assets/art/panels/087-06/v06-storyboard-svg.svg	storyboard-svg		1200	800	14560	2026-09-13T00:10:07+00:00	candidate		storyboard
087-06	v07	assets/art/panels/087-06/v07-storyboard-svg.svg	storyboard-svg		1200	800	25080	2026-09-13T00:25:41+00:00	candidate		storyboard
087-06	v08	assets/art/panels/087-06/v08-storyboard-svg.svg	storyboard-svg		1200	800	25653	2026-09-13T01:34:49+00:00	candidate		storyboard
088-01	v01	assets/art/panels/088-01/v01-storyboard-svg.svg	storyboard-svg		1200	800	11931	2026-09-07T16:49:25+00:00	candidate		storyboard
088-01	v02	assets/art/panels/088-01/v02-storyboard-svg.svg	storyboard-svg		1200	800	13430	2026-09-07T16:59:00+00:00	candidate		storyboard
088-01	v03	assets/art/panels/088-01/v03-storyboard-svg.svg	storyboard-svg		1200	800	13967	2026-09-07T17:01:50+00:00	candidate		storyboard
088-01	v04	assets/art/panels/088-01/v04-storyboard-svg.svg	storyboard-svg		1200	800	14885	2026-09-12T21:18:27+00:00	candidate		storyboard
088-01	v05	assets/art/panels/088-01/v05-storyboard-svg.svg	storyboard-svg		1200	800	25194	2026-09-12T23:01:00+00:00	candidate		storyboard
088-01	v06	assets/art/panels/088-01/v06-storyboard-svg.svg	storyboard-svg		1200	800	25267	2026-09-12T23:55:11+00:00	candidate		storyboard
088-01	v07	assets/art/panels/088-01/v07-storyboard-svg.svg	storyboard-svg		1200	800	27434	2026-09-13T00:10:07+00:00	candidate		storyboard
088-01	v08	assets/art/panels/088-01/v08-storyboard-svg.svg	storyboard-svg		1200	800	34281	2026-09-13T00:25:41+00:00	candidate		storyboard
088-01	v09	assets/art/panels/088-01/v09-storyboard-svg.svg	storyboard-svg		1200	800	34489	2026-09-13T01:34:49+00:00	candidate		storyboard
088-02	v01	assets/art/panels/088-02/v01-storyboard-svg.svg	storyboard-svg		1200	800	6236	2026-09-07T16:49:25+00:00	candidate		storyboard
088-02	v02	assets/art/panels/088-02/v02-storyboard-svg.svg	storyboard-svg		1200	800	6936	2026-09-07T16:55:43+00:00	candidate		storyboard
088-02	v03	assets/art/panels/088-02/v03-storyboard-svg.svg	storyboard-svg		1200	800	7054	2026-09-12T20:10:17+00:00	candidate		storyboard
088-02	v04	assets/art/panels/088-02/v04-storyboard-svg.svg	storyboard-svg		1200	800	7052	2026-09-12T20:13:58+00:00	candidate		storyboard
088-02	v05	assets/art/panels/088-02/v05-storyboard-svg.svg	storyboard-svg		1200	800	7286	2026-09-12T21:18:27+00:00	candidate		storyboard
088-02	v06	assets/art/panels/088-02/v06-storyboard-svg.svg	storyboard-svg		1200	800	11138	2026-09-12T23:01:00+00:00	candidate		storyboard
088-02	v07	assets/art/panels/088-02/v07-storyboard-svg.svg	storyboard-svg		1200	800	11211	2026-09-12T23:55:11+00:00	candidate		storyboard
088-02	v08	assets/art/panels/088-02/v08-storyboard-svg.svg	storyboard-svg		1200	800	13374	2026-09-13T00:10:07+00:00	candidate		storyboard
088-02	v09	assets/art/panels/088-02/v09-storyboard-svg.svg	storyboard-svg		1200	800	20221	2026-09-13T00:25:41+00:00	candidate		storyboard
088-02	v10	assets/art/panels/088-02/v10-storyboard-svg.svg	storyboard-svg		1200	800	20974	2026-09-13T01:34:49+00:00	candidate		storyboard
088-03	v01	assets/art/panels/088-03/v01-storyboard-svg.svg	storyboard-svg		1200	800	4007	2026-09-07T16:49:26+00:00	candidate		storyboard
088-03	v02	assets/art/panels/088-03/v02-storyboard-svg.svg	storyboard-svg		1200	800	4270	2026-09-07T16:55:43+00:00	candidate		storyboard
088-03	v03	assets/art/panels/088-03/v03-storyboard-svg.svg	storyboard-svg		1200	800	4651	2026-09-12T21:18:27+00:00	candidate		storyboard
088-03	v04	assets/art/panels/088-03/v04-storyboard-svg.svg	storyboard-svg		1200	800	6896	2026-09-12T23:01:00+00:00	candidate		storyboard
088-03	v05	assets/art/panels/088-03/v05-storyboard-svg.svg	storyboard-svg		1200	800	6969	2026-09-12T23:55:11+00:00	candidate		storyboard
088-03	v06	assets/art/panels/088-03/v06-storyboard-svg.svg	storyboard-svg		1200	800	9132	2026-09-13T00:10:07+00:00	candidate		storyboard
088-03	v07	assets/art/panels/088-03/v07-storyboard-svg.svg	storyboard-svg		1200	800	15979	2026-09-13T00:25:41+00:00	candidate		storyboard
088-03	v08	assets/art/panels/088-03/v08-storyboard-svg.svg	storyboard-svg		1200	800	16370	2026-09-13T01:34:49+00:00	candidate		storyboard
088-04	v01	assets/art/panels/088-04/v01-storyboard-svg.svg	storyboard-svg		1200	800	3565	2026-09-07T16:49:26+00:00	candidate		storyboard
088-04	v02	assets/art/panels/088-04/v02-storyboard-svg.svg	storyboard-svg		1200	800	3831	2026-09-07T16:55:43+00:00	candidate		storyboard
088-04	v03	assets/art/panels/088-04/v03-storyboard-svg.svg	storyboard-svg		1200	800	4204	2026-09-12T21:18:27+00:00	candidate		storyboard
088-04	v04	assets/art/panels/088-04/v04-storyboard-svg.svg	storyboard-svg		1200	800	6231	2026-09-12T23:01:00+00:00	candidate		storyboard
088-04	v05	assets/art/panels/088-04/v05-storyboard-svg.svg	storyboard-svg		1200	800	6304	2026-09-12T23:55:11+00:00	candidate		storyboard
088-04	v06	assets/art/panels/088-04/v06-storyboard-svg.svg	storyboard-svg		1200	800	8467	2026-09-13T00:10:07+00:00	candidate		storyboard
088-04	v07	assets/art/panels/088-04/v07-storyboard-svg.svg	storyboard-svg		1200	800	15314	2026-09-13T00:25:41+00:00	candidate		storyboard
088-04	v08	assets/art/panels/088-04/v08-storyboard-svg.svg	storyboard-svg		1200	800	15680	2026-09-13T01:34:49+00:00	candidate		storyboard
088-05	v01	assets/art/panels/088-05/v01-storyboard-svg.svg	storyboard-svg		1200	800	2725	2026-09-07T16:49:26+00:00	candidate		storyboard
088-05	v02	assets/art/panels/088-05/v02-storyboard-svg.svg	storyboard-svg		1200	800	2854	2026-09-07T16:55:43+00:00	candidate		storyboard
088-05	v03	assets/art/panels/088-05/v03-storyboard-svg.svg	storyboard-svg		1200	800	3164	2026-09-12T21:18:27+00:00	candidate		storyboard
088-05	v04	assets/art/panels/088-05/v04-storyboard-svg.svg	storyboard-svg		1200	800	4891	2026-09-12T23:01:00+00:00	candidate		storyboard
088-05	v05	assets/art/panels/088-05/v05-storyboard-svg.svg	storyboard-svg		1200	800	4964	2026-09-12T23:55:11+00:00	candidate		storyboard
088-05	v06	assets/art/panels/088-05/v06-storyboard-svg.svg	storyboard-svg		1200	800	7127	2026-09-13T00:10:07+00:00	candidate		storyboard
088-05	v07	assets/art/panels/088-05/v07-storyboard-svg.svg	storyboard-svg		1200	800	13974	2026-09-13T00:25:41+00:00	candidate		storyboard
088-05	v08	assets/art/panels/088-05/v08-storyboard-svg.svg	storyboard-svg		1200	800	14157	2026-09-13T01:34:49+00:00	candidate		storyboard
088-06	v01	assets/art/panels/088-06/v01-storyboard-svg.svg	storyboard-svg		1200	800	3984	2026-09-07T16:49:26+00:00	candidate		storyboard
088-06	v02	assets/art/panels/088-06/v02-storyboard-svg.svg	storyboard-svg		1200	800	4250	2026-09-07T16:55:43+00:00	candidate		storyboard
088-06	v03	assets/art/panels/088-06/v03-storyboard-svg.svg	storyboard-svg		1200	800	4694	2026-09-12T21:18:27+00:00	candidate		storyboard
088-06	v04	assets/art/panels/088-06/v04-storyboard-svg.svg	storyboard-svg		1200	800	8468	2026-09-12T23:01:00+00:00	candidate		storyboard
088-06	v05	assets/art/panels/088-06/v05-storyboard-svg.svg	storyboard-svg		1200	800	8541	2026-09-12T23:55:11+00:00	candidate		storyboard
088-06	v06	assets/art/panels/088-06/v06-storyboard-svg.svg	storyboard-svg		1200	800	10704	2026-09-13T00:10:07+00:00	candidate		storyboard
088-06	v07	assets/art/panels/088-06/v07-storyboard-svg.svg	storyboard-svg		1200	800	17551	2026-09-13T00:25:41+00:00	candidate		storyboard
088-06	v08	assets/art/panels/088-06/v08-storyboard-svg.svg	storyboard-svg		1200	800	17917	2026-09-13T01:34:49+00:00	candidate		storyboard
088-07	v01	assets/art/panels/088-07/v01-storyboard-svg.svg	storyboard-svg		1200	800	9123	2026-09-07T16:49:26+00:00	candidate		storyboard
088-07	v02	assets/art/panels/088-07/v02-storyboard-svg.svg	storyboard-svg		1200	800	9920	2026-09-07T16:55:43+00:00	candidate		storyboard
088-07	v03	assets/art/panels/088-07/v03-storyboard-svg.svg	storyboard-svg		1200	800	10620	2026-09-12T21:18:27+00:00	candidate		storyboard
088-07	v04	assets/art/panels/088-07/v04-storyboard-svg.svg	storyboard-svg		1200	800	16356	2026-09-12T23:01:00+00:00	candidate		storyboard
088-07	v05	assets/art/panels/088-07/v05-storyboard-svg.svg	storyboard-svg		1200	800	16402	2026-09-12T23:55:11+00:00	candidate		storyboard
088-07	v06	assets/art/panels/088-07/v06-storyboard-svg.svg	storyboard-svg		1200	800	17413	2026-09-13T00:10:07+00:00	candidate		storyboard
088-07	v07	assets/art/panels/088-07/v07-storyboard-svg.svg	storyboard-svg		1200	800	20663	2026-09-13T00:25:41+00:00	candidate		storyboard
088-07	v08	assets/art/panels/088-07/v08-storyboard-svg.svg	storyboard-svg		1200	800	21781	2026-09-13T01:34:49+00:00	candidate		storyboard
089-01	v01	assets/art/panels/089-01/v01-storyboard-svg.svg	storyboard-svg		1200	800	5584	2026-09-07T16:49:26+00:00	candidate		storyboard
089-01	v02	assets/art/panels/089-01/v02-storyboard-svg.svg	storyboard-svg		1200	800	6241	2026-09-07T16:55:43+00:00	candidate		storyboard
089-01	v03	assets/art/panels/089-01/v03-storyboard-svg.svg	storyboard-svg		1200	800	6598	2026-09-12T21:18:27+00:00	candidate		storyboard
089-01	v04	assets/art/panels/089-01/v04-storyboard-svg.svg	storyboard-svg		1200	800	10437	2026-09-12T23:01:00+00:00	candidate		storyboard
089-01	v05	assets/art/panels/089-01/v05-storyboard-svg.svg	storyboard-svg		1200	800	10473	2026-09-12T23:55:11+00:00	candidate		storyboard
089-01	v06	assets/art/panels/089-01/v06-storyboard-svg.svg	storyboard-svg		1200	800	11624	2026-09-13T00:10:07+00:00	candidate		storyboard
089-01	v07	assets/art/panels/089-01/v07-storyboard-svg.svg	storyboard-svg		1200	800	15221	2026-09-13T00:25:41+00:00	candidate		storyboard
089-01	v08	assets/art/panels/089-01/v08-storyboard-svg.svg	storyboard-svg		1200	800	16157	2026-09-13T01:34:49+00:00	candidate		storyboard
089-02	v01	assets/art/panels/089-02/v01-storyboard-svg.svg	storyboard-svg		1200	800	4346	2026-09-07T16:49:26+00:00	candidate		storyboard
089-02	v02	assets/art/panels/089-02/v02-storyboard-svg.svg	storyboard-svg		1200	800	4595	2026-09-07T16:55:44+00:00	candidate		storyboard
089-02	v03	assets/art/panels/089-02/v03-storyboard-svg.svg	storyboard-svg		1200	800	4677	2026-09-07T17:01:50+00:00	candidate		storyboard
089-02	v04	assets/art/panels/089-02/v04-storyboard-svg.svg	storyboard-svg		1200	800	4487	2026-09-12T21:18:27+00:00	candidate		storyboard
089-02	v05	assets/art/panels/089-02/v05-storyboard-svg.svg	storyboard-svg		1200	800	7757	2026-09-12T23:01:00+00:00	candidate		storyboard
089-02	v06	assets/art/panels/089-02/v06-storyboard-svg.svg	storyboard-svg		1200	800	7793	2026-09-12T23:55:11+00:00	candidate		storyboard
089-02	v07	assets/art/panels/089-02/v07-storyboard-svg.svg	storyboard-svg		1200	800	8944	2026-09-13T00:10:07+00:00	candidate		storyboard
089-02	v08	assets/art/panels/089-02/v08-storyboard-svg.svg	storyboard-svg		1200	800	12541	2026-09-13T00:25:41+00:00	candidate		storyboard
089-02	v09	assets/art/panels/089-02/v09-storyboard-svg.svg	storyboard-svg		1200	800	12928	2026-09-13T01:34:49+00:00	candidate		storyboard
089-03	v01	assets/art/panels/089-03/v01-storyboard-svg.svg	storyboard-svg		1200	800	6034	2026-09-07T16:49:26+00:00	candidate		storyboard
089-03	v02	assets/art/panels/089-03/v02-storyboard-svg.svg	storyboard-svg		1200	800	6934	2026-09-07T16:55:44+00:00	candidate		storyboard
089-03	v03	assets/art/panels/089-03/v03-storyboard-svg.svg	storyboard-svg		1200	800	7052	2026-09-12T20:10:17+00:00	candidate		storyboard
089-03	v04	assets/art/panels/089-03/v04-storyboard-svg.svg	storyboard-svg		1200	800	7050	2026-09-12T20:13:58+00:00	candidate		storyboard
089-03	v05	assets/art/panels/089-03/v05-storyboard-svg.svg	storyboard-svg		1200	800	7419	2026-09-12T21:18:27+00:00	candidate		storyboard
089-03	v06	assets/art/panels/089-03/v06-storyboard-svg.svg	storyboard-svg		1200	800	10372	2026-09-12T23:01:00+00:00	candidate		storyboard
089-03	v07	assets/art/panels/089-03/v07-storyboard-svg.svg	storyboard-svg		1200	800	10408	2026-09-12T23:55:11+00:00	candidate		storyboard
089-03	v08	assets/art/panels/089-03/v08-storyboard-svg.svg	storyboard-svg		1200	800	11559	2026-09-13T00:10:07+00:00	candidate		storyboard
089-03	v09	assets/art/panels/089-03/v09-storyboard-svg.svg	storyboard-svg		1200	800	15156	2026-09-13T00:25:41+00:00	candidate		storyboard
089-03	v10	assets/art/panels/089-03/v10-storyboard-svg.svg	storyboard-svg		1200	800	16334	2026-09-13T01:34:49+00:00	candidate		storyboard
089-04	v01	assets/art/panels/089-04/v01-storyboard-svg.svg	storyboard-svg		1200	800	4779	2026-09-07T16:49:26+00:00	candidate		storyboard
089-04	v02	assets/art/panels/089-04/v02-storyboard-svg.svg	storyboard-svg		1200	800	5259	2026-09-07T16:55:44+00:00	candidate		storyboard
089-04	v03	assets/art/panels/089-04/v03-storyboard-svg.svg	storyboard-svg		1200	800	5693	2026-09-12T21:18:27+00:00	candidate		storyboard
089-04	v04	assets/art/panels/089-04/v04-storyboard-svg.svg	storyboard-svg		1200	800	9587	2026-09-12T23:01:00+00:00	candidate		storyboard
089-04	v05	assets/art/panels/089-04/v05-storyboard-svg.svg	storyboard-svg		1200	800	9623	2026-09-12T23:55:11+00:00	candidate		storyboard
089-04	v06	assets/art/panels/089-04/v06-storyboard-svg.svg	storyboard-svg		1200	800	10774	2026-09-13T00:10:07+00:00	candidate		storyboard
089-04	v07	assets/art/panels/089-04/v07-storyboard-svg.svg	storyboard-svg		1200	800	14371	2026-09-13T00:25:41+00:00	candidate		storyboard
089-04	v08	assets/art/panels/089-04/v08-storyboard-svg.svg	storyboard-svg		1200	800	14941	2026-09-13T01:34:49+00:00	candidate		storyboard
089-05	v01	assets/art/panels/089-05/v01-storyboard-svg.svg	storyboard-svg		1200	800	3846	2026-09-07T16:49:26+00:00	candidate		storyboard
089-05	v02	assets/art/panels/089-05/v02-storyboard-svg.svg	storyboard-svg		1200	800	4092	2026-09-07T16:55:44+00:00	candidate		storyboard
089-05	v03	assets/art/panels/089-05/v03-storyboard-svg.svg	storyboard-svg		1200	800	4495	2026-09-12T21:18:27+00:00	candidate		storyboard
089-05	v04	assets/art/panels/089-05/v04-storyboard-svg.svg	storyboard-svg		1200	800	7765	2026-09-12T23:01:00+00:00	candidate		storyboard
089-05	v05	assets/art/panels/089-05/v05-storyboard-svg.svg	storyboard-svg		1200	800	7801	2026-09-12T23:55:11+00:00	candidate		storyboard
089-05	v06	assets/art/panels/089-05/v06-storyboard-svg.svg	storyboard-svg		1200	800	8952	2026-09-13T00:10:07+00:00	candidate		storyboard
089-05	v07	assets/art/panels/089-05/v07-storyboard-svg.svg	storyboard-svg		1200	800	12549	2026-09-13T00:25:41+00:00	candidate		storyboard
089-05	v08	assets/art/panels/089-05/v08-storyboard-svg.svg	storyboard-svg		1200	800	12940	2026-09-13T01:34:49+00:00	candidate		storyboard
090-01	v01	assets/art/panels/090-01/v01-storyboard-svg.svg	storyboard-svg		1200	800	5091	2026-09-07T16:49:26+00:00	candidate		storyboard
090-01	v02	assets/art/panels/090-01/v02-storyboard-svg.svg	storyboard-svg		1200	800	5610	2026-09-07T16:55:44+00:00	candidate		storyboard
090-01	v03	assets/art/panels/090-01/v03-storyboard-svg.svg	storyboard-svg		1200	800	6049	2026-09-12T21:18:27+00:00	candidate		storyboard
090-01	v04	assets/art/panels/090-01/v04-storyboard-svg.svg	storyboard-svg		1200	800	9648	2026-09-12T23:01:00+00:00	candidate		storyboard
090-01	v05	assets/art/panels/090-01/v05-storyboard-svg.svg	storyboard-svg		1200	800	9684	2026-09-12T23:55:11+00:00	candidate		storyboard
090-01	v06	assets/art/panels/090-01/v06-storyboard-svg.svg	storyboard-svg		1200	800	10835	2026-09-13T00:10:07+00:00	candidate		storyboard
090-01	v07	assets/art/panels/090-01/v07-storyboard-svg.svg	storyboard-svg		1200	800	14432	2026-09-13T00:25:41+00:00	candidate		storyboard
090-01	v08	assets/art/panels/090-01/v08-storyboard-svg.svg	storyboard-svg		1200	800	15185	2026-09-13T01:34:49+00:00	candidate		storyboard
090-02	v01	assets/art/panels/090-02/v01-storyboard-svg.svg	storyboard-svg		1200	800	3117	2026-09-07T16:49:26+00:00	candidate		storyboard
090-02	v02	assets/art/panels/090-02/v02-storyboard-svg.svg	storyboard-svg		1200	800	3232	2026-09-07T16:55:44+00:00	candidate		storyboard
090-02	v03	assets/art/panels/090-02/v03-storyboard-svg.svg	storyboard-svg		1200	800	3509	2026-09-12T21:18:27+00:00	candidate		storyboard
090-02	v04	assets/art/panels/090-02/v04-storyboard-svg.svg	storyboard-svg		1200	800	4730	2026-09-12T23:01:00+00:00	candidate		storyboard
090-02	v05	assets/art/panels/090-02/v05-storyboard-svg.svg	storyboard-svg		1200	800	4766	2026-09-12T23:55:11+00:00	candidate		storyboard
090-02	v06	assets/art/panels/090-02/v06-storyboard-svg.svg	storyboard-svg		1200	800	5917	2026-09-13T00:10:07+00:00	candidate		storyboard
090-02	v07	assets/art/panels/090-02/v07-storyboard-svg.svg	storyboard-svg		1200	800	9514	2026-09-13T00:25:41+00:00	candidate		storyboard
090-02	v08	assets/art/panels/090-02/v08-storyboard-svg.svg	storyboard-svg		1200	800	9721	2026-09-13T01:34:49+00:00	candidate		storyboard
090-03	v01	assets/art/panels/090-03/v01-storyboard-svg.svg	storyboard-svg		1200	800	4258	2026-09-07T16:49:26+00:00	candidate		storyboard
090-03	v02	assets/art/panels/090-03/v02-storyboard-svg.svg	storyboard-svg		1200	800	4832	2026-09-07T16:55:44+00:00	candidate		storyboard
090-03	v03	assets/art/panels/090-03/v03-storyboard-svg.svg	storyboard-svg		1200	800	5114	2026-09-12T21:18:27+00:00	candidate		storyboard
090-03	v04	assets/art/panels/090-03/v04-storyboard-svg.svg	storyboard-svg		1200	800	7549	2026-09-12T23:01:00+00:00	candidate		storyboard
090-03	v05	assets/art/panels/090-03/v05-storyboard-svg.svg	storyboard-svg		1200	800	7585	2026-09-12T23:55:11+00:00	candidate		storyboard
090-03	v06	assets/art/panels/090-03/v06-storyboard-svg.svg	storyboard-svg		1200	800	8736	2026-09-13T00:10:07+00:00	candidate		storyboard
090-03	v07	assets/art/panels/090-03/v07-storyboard-svg.svg	storyboard-svg		1200	800	12333	2026-09-13T00:25:41+00:00	candidate		storyboard
090-03	v08	assets/art/panels/090-03/v08-storyboard-svg.svg	storyboard-svg		1200	800	12907	2026-09-13T01:34:49+00:00	candidate		storyboard
090-04	v01	assets/art/panels/090-04/v01-storyboard-svg.svg	storyboard-svg		1200	800	3182	2026-09-07T16:49:27+00:00	candidate		storyboard
090-04	v02	assets/art/panels/090-04/v02-storyboard-svg.svg	storyboard-svg		1200	800	3311	2026-09-07T16:55:45+00:00	candidate		storyboard
090-04	v03	assets/art/panels/090-04/v03-storyboard-svg.svg	storyboard-svg		1200	800	3575	2026-09-12T21:18:27+00:00	candidate		storyboard
090-04	v04	assets/art/panels/090-04/v04-storyboard-svg.svg	storyboard-svg		1200	800	5076	2026-09-12T23:01:00+00:00	candidate		storyboard
090-04	v05	assets/art/panels/090-04/v05-storyboard-svg.svg	storyboard-svg		1200	800	5112	2026-09-12T23:55:11+00:00	candidate		storyboard
090-04	v06	assets/art/panels/090-04/v06-storyboard-svg.svg	storyboard-svg		1200	800	6263	2026-09-13T00:10:07+00:00	candidate		storyboard
090-04	v07	assets/art/panels/090-04/v07-storyboard-svg.svg	storyboard-svg		1200	800	9860	2026-09-13T00:25:41+00:00	candidate		storyboard
090-04	v08	assets/art/panels/090-04/v08-storyboard-svg.svg	storyboard-svg		1200	800	10068	2026-09-13T01:34:49+00:00	candidate		storyboard
090-05	v01	assets/art/panels/090-05/v01-storyboard-svg.svg	storyboard-svg		1200	800	5033	2026-09-07T16:49:27+00:00	candidate		storyboard
090-05	v02	assets/art/panels/090-05/v02-storyboard-svg.svg	storyboard-svg		1200	800	5512	2026-09-07T16:55:45+00:00	candidate		storyboard
090-05	v03	assets/art/panels/090-05/v03-storyboard-svg.svg	storyboard-svg		1200	800	5866	2026-09-12T21:18:27+00:00	candidate		storyboard
090-05	v04	assets/art/panels/090-05/v04-storyboard-svg.svg	storyboard-svg		1200	800	10945	2026-09-12T23:01:00+00:00	candidate		storyboard
090-05	v05	assets/art/panels/090-05/v05-storyboard-svg.svg	storyboard-svg		1200	800	10981	2026-09-12T23:55:11+00:00	candidate		storyboard
090-05	v06	assets/art/panels/090-05/v06-storyboard-svg.svg	storyboard-svg		1200	800	12132	2026-09-13T00:10:07+00:00	candidate		storyboard
090-05	v07	assets/art/panels/090-05/v07-storyboard-svg.svg	storyboard-svg		1200	800	15729	2026-09-13T00:25:41+00:00	candidate		storyboard
090-05	v08	assets/art/panels/090-05/v08-storyboard-svg.svg	storyboard-svg		1200	800	16324	2026-09-13T01:34:49+00:00	candidate		storyboard
091-01	v01	assets/art/panels/091-01/v01-storyboard-svg.svg	storyboard-svg		1200	800	3665	2026-09-07T16:49:27+00:00	candidate		storyboard
091-01	v02	assets/art/panels/091-01/v02-storyboard-svg.svg	storyboard-svg		1200	800	4016	2026-09-07T16:55:45+00:00	candidate		storyboard
091-01	v03	assets/art/panels/091-01/v03-storyboard-svg.svg	storyboard-svg		1200	800	4296	2026-09-12T21:18:27+00:00	candidate		storyboard
091-01	v04	assets/art/panels/091-01/v04-storyboard-svg.svg	storyboard-svg		1200	800	6427	2026-09-12T23:01:00+00:00	candidate		storyboard
091-01	v05	assets/art/panels/091-01/v05-storyboard-svg.svg	storyboard-svg		1200	800	6474	2026-09-12T23:55:11+00:00	candidate		storyboard
091-01	v06	assets/art/panels/091-01/v06-storyboard-svg.svg	storyboard-svg		1200	800	7543	2026-09-13T00:10:07+00:00	candidate		storyboard
091-01	v07	assets/art/panels/091-01/v07-storyboard-svg.svg	storyboard-svg		1200	800	10700	2026-09-13T00:25:41+00:00	candidate		storyboard
091-01	v08	assets/art/panels/091-01/v08-storyboard-svg.svg	storyboard-svg		1200	800	11091	2026-09-13T01:34:49+00:00	candidate		storyboard
091-02	v01	assets/art/panels/091-02/v01-storyboard-svg.svg	storyboard-svg		1200	800	3539	2026-09-07T16:49:27+00:00	candidate		storyboard
091-02	v02	assets/art/panels/091-02/v02-storyboard-svg.svg	storyboard-svg		1200	800	3839	2026-09-07T16:55:45+00:00	candidate		storyboard
091-02	v03	assets/art/panels/091-02/v03-storyboard-svg.svg	storyboard-svg		1200	800	4191	2026-09-12T21:18:27+00:00	candidate		storyboard
091-02	v04	assets/art/panels/091-02/v04-storyboard-svg.svg	storyboard-svg		1200	800	6580	2026-09-12T23:01:00+00:00	candidate		storyboard
091-02	v05	assets/art/panels/091-02/v05-storyboard-svg.svg	storyboard-svg		1200	800	6317	2026-09-12T23:15:36+00:00	candidate		storyboard
091-02	v06	assets/art/panels/091-02/v06-storyboard-svg.svg	storyboard-svg		1200	800	6963	2026-09-12T23:30:36+00:00	candidate		storyboard
091-02	v07	assets/art/panels/091-02/v07-storyboard-svg.svg	storyboard-svg		1200	800	7010	2026-09-12T23:55:11+00:00	candidate		storyboard
091-02	v08	assets/art/panels/091-02/v08-storyboard-svg.svg	storyboard-svg		1200	800	8079	2026-09-13T00:10:07+00:00	candidate		storyboard
091-02	v09	assets/art/panels/091-02/v09-storyboard-svg.svg	storyboard-svg		1200	800	11236	2026-09-13T00:25:41+00:00	candidate		storyboard
091-02	v10	assets/art/panels/091-02/v10-storyboard-svg.svg	storyboard-svg		1200	800	11710	2026-09-13T01:34:49+00:00	candidate		storyboard
091-03	v01	assets/art/panels/091-03/v01-storyboard-svg.svg	storyboard-svg		1200	800	7768	2026-09-07T16:49:27+00:00	candidate		storyboard
091-03	v02	assets/art/panels/091-03/v02-storyboard-svg.svg	storyboard-svg		1200	800	8014	2026-09-07T16:55:45+00:00	candidate		storyboard
091-03	v03	assets/art/panels/091-03/v03-storyboard-svg.svg	storyboard-svg		1200	800	8972	2026-09-12T21:18:27+00:00	candidate		storyboard
091-03	v04	assets/art/panels/091-03/v04-storyboard-svg.svg	storyboard-svg		1200	800	15145	2026-09-12T23:01:00+00:00	candidate		storyboard
091-03	v05	assets/art/panels/091-03/v05-storyboard-svg.svg	storyboard-svg		1200	800	16144	2026-09-12T23:30:36+00:00	candidate		storyboard
091-03	v06	assets/art/panels/091-03/v06-storyboard-svg.svg	storyboard-svg		1200	800	16191	2026-09-12T23:55:11+00:00	candidate		storyboard
091-03	v07	assets/art/panels/091-03/v07-storyboard-svg.svg	storyboard-svg		1200	800	17260	2026-09-13T00:10:07+00:00	candidate		storyboard
091-03	v08	assets/art/panels/091-03/v08-storyboard-svg.svg	storyboard-svg		1200	800	20417	2026-09-13T00:25:41+00:00	candidate		storyboard
091-03	v09	assets/art/panels/091-03/v09-storyboard-svg.svg	storyboard-svg		1200	800	20808	2026-09-13T01:34:49+00:00	candidate		storyboard
091-04	v01	assets/art/panels/091-04/v01-storyboard-svg.svg	storyboard-svg		1200	800	5275	2026-09-07T16:49:27+00:00	candidate		storyboard
091-04	v02	assets/art/panels/091-04/v02-storyboard-svg.svg	storyboard-svg		1200	800	5672	2026-09-07T16:55:45+00:00	candidate		storyboard
091-04	v03	assets/art/panels/091-04/v03-storyboard-svg.svg	storyboard-svg		1200	800	6142	2026-09-12T21:18:27+00:00	candidate		storyboard
091-04	v04	assets/art/panels/091-04/v04-storyboard-svg.svg	storyboard-svg		1200	800	13089	2026-09-12T23:01:00+00:00	candidate		storyboard
091-04	v05	assets/art/panels/091-04/v05-storyboard-svg.svg	storyboard-svg		1200	800	13136	2026-09-12T23:55:11+00:00	candidate		storyboard
091-04	v06	assets/art/panels/091-04/v06-storyboard-svg.svg	storyboard-svg		1200	800	14205	2026-09-13T00:10:07+00:00	candidate		storyboard
091-04	v07	assets/art/panels/091-04/v07-storyboard-svg.svg	storyboard-svg		1200	800	17362	2026-09-13T00:25:41+00:00	candidate		storyboard
091-04	v08	assets/art/panels/091-04/v08-storyboard-svg.svg	storyboard-svg		1200	800	17936	2026-09-13T01:34:49+00:00	candidate		storyboard
091-05	v01	assets/art/panels/091-05/v01-storyboard-svg.svg	storyboard-svg		1200	800	4412	2026-09-07T16:49:27+00:00	candidate		storyboard
091-05	v02	assets/art/panels/091-05/v02-storyboard-svg.svg	storyboard-svg		1200	800	4658	2026-09-07T16:55:45+00:00	candidate		storyboard
091-05	v03	assets/art/panels/091-05/v03-storyboard-svg.svg	storyboard-svg		1200	800	4674	2026-09-07T17:26:55+00:00	candidate		storyboard
091-05	v04	assets/art/panels/091-05/v04-storyboard-svg.svg	storyboard-svg		1200	800	5078	2026-09-12T21:18:27+00:00	candidate		storyboard
091-05	v05	assets/art/panels/091-05/v05-storyboard-svg.svg	storyboard-svg		1200	800	9771	2026-09-12T23:01:00+00:00	candidate		storyboard
091-05	v06	assets/art/panels/091-05/v06-storyboard-svg.svg	storyboard-svg		1200	800	9856	2026-09-12T23:55:11+00:00	candidate		storyboard
091-05	v07	assets/art/panels/091-05/v07-storyboard-svg.svg	storyboard-svg		1200	800	12075	2026-09-13T00:10:07+00:00	candidate		storyboard
091-05	v08	assets/art/panels/091-05/v08-storyboard-svg.svg	storyboard-svg		1200	800	18449	2026-09-13T00:25:41+00:00	candidate		storyboard
091-05	v09	assets/art/panels/091-05/v09-storyboard-svg.svg	storyboard-svg		1200	800	18840	2026-09-13T01:34:49+00:00	candidate		storyboard
092-01	v01	assets/art/panels/092-01/v01-storyboard-svg.svg	storyboard-svg		1200	800	4298	2026-09-07T16:49:27+00:00	candidate		storyboard
092-01	v02	assets/art/panels/092-01/v02-storyboard-svg.svg	storyboard-svg		1200	800	4703	2026-09-07T16:55:45+00:00	candidate		storyboard
092-01	v03	assets/art/panels/092-01/v03-storyboard-svg.svg	storyboard-svg		1200	800	4719	2026-09-07T17:26:56+00:00	candidate		storyboard
092-01	v04	assets/art/panels/092-01/v04-storyboard-svg.svg	storyboard-svg		1200	800	5117	2026-09-12T21:18:27+00:00	candidate		storyboard
092-01	v05	assets/art/panels/092-01/v05-storyboard-svg.svg	storyboard-svg		1200	800	7668	2026-09-12T23:01:00+00:00	candidate		storyboard
092-01	v06	assets/art/panels/092-01/v06-storyboard-svg.svg	storyboard-svg		1200	800	7718	2026-09-12T23:55:11+00:00	candidate		storyboard
092-01	v07	assets/art/panels/092-01/v07-storyboard-svg.svg	storyboard-svg		1200	800	8867	2026-09-13T00:10:07+00:00	candidate		storyboard
092-01	v08	assets/art/panels/092-01/v08-storyboard-svg.svg	storyboard-svg		1200	800	12078	2026-09-13T00:25:41+00:00	candidate		storyboard
092-01	v09	assets/art/panels/092-01/v09-storyboard-svg.svg	storyboard-svg		1200	800	12652	2026-09-13T01:34:49+00:00	candidate		storyboard
092-02	v01	assets/art/panels/092-02/v01-storyboard-svg.svg	storyboard-svg		1200	800	4935	2026-09-07T16:49:27+00:00	candidate		storyboard
092-02	v02	assets/art/panels/092-02/v02-storyboard-svg.svg	storyboard-svg		1200	800	5381	2026-09-07T16:55:46+00:00	candidate		storyboard
092-02	v03	assets/art/panels/092-02/v03-storyboard-svg.svg	storyboard-svg		1200	800	5397	2026-09-07T17:26:56+00:00	candidate		storyboard
092-02	v04	assets/art/panels/092-02/v04-storyboard-svg.svg	storyboard-svg		1200	800	5784	2026-09-12T21:18:27+00:00	candidate		storyboard
092-02	v05	assets/art/panels/092-02/v05-storyboard-svg.svg	storyboard-svg		1200	800	11259	2026-09-12T23:01:00+00:00	candidate		storyboard
092-02	v06	assets/art/panels/092-02/v06-storyboard-svg.svg	storyboard-svg		1200	800	11275	2026-09-12T23:15:36+00:00	candidate		storyboard
092-02	v07	assets/art/panels/092-02/v07-storyboard-svg.svg	storyboard-svg		1200	800	11528	2026-09-12T23:30:36+00:00	candidate		storyboard
092-02	v08	assets/art/panels/092-02/v08-storyboard-svg.svg	storyboard-svg		1200	800	11578	2026-09-12T23:55:11+00:00	candidate		storyboard
092-02	v09	assets/art/panels/092-02/v09-storyboard-svg.svg	storyboard-svg		1200	800	12727	2026-09-13T00:10:07+00:00	candidate		storyboard
092-02	v10	assets/art/panels/092-02/v10-storyboard-svg.svg	storyboard-svg		1200	800	15938	2026-09-13T00:25:41+00:00	candidate		storyboard
092-02	v11	assets/art/panels/092-02/v11-storyboard-svg.svg	storyboard-svg		1200	800	16512	2026-09-13T01:34:49+00:00	candidate		storyboard
092-03	v01	assets/art/panels/092-03/v01-storyboard-svg.svg	storyboard-svg		1200	800	5106	2026-09-07T16:49:27+00:00	candidate		storyboard
092-03	v02	assets/art/panels/092-03/v02-storyboard-svg.svg	storyboard-svg		1200	800	5549	2026-09-07T16:55:46+00:00	candidate		storyboard
092-03	v03	assets/art/panels/092-03/v03-storyboard-svg.svg	storyboard-svg		1200	800	5565	2026-09-07T17:26:56+00:00	candidate		storyboard
092-03	v04	assets/art/panels/092-03/v04-storyboard-svg.svg	storyboard-svg		1200	800	5933	2026-09-12T21:18:27+00:00	candidate		storyboard
092-03	v05	assets/art/panels/092-03/v05-storyboard-svg.svg	storyboard-svg		1200	800	14584	2026-09-12T23:01:00+00:00	candidate		storyboard
092-03	v06	assets/art/panels/092-03/v06-storyboard-svg.svg	storyboard-svg		1200	800	14634	2026-09-12T23:55:11+00:00	candidate		storyboard
092-03	v07	assets/art/panels/092-03/v07-storyboard-svg.svg	storyboard-svg		1200	800	15783	2026-09-13T00:10:07+00:00	candidate		storyboard
092-03	v08	assets/art/panels/092-03/v08-storyboard-svg.svg	storyboard-svg		1200	800	18994	2026-09-13T00:25:41+00:00	candidate		storyboard
092-03	v09	assets/art/panels/092-03/v09-storyboard-svg.svg	storyboard-svg		1200	800	19567	2026-09-13T01:34:49+00:00	candidate		storyboard
092-04	v01	assets/art/panels/092-04/v01-storyboard-svg.svg	storyboard-svg		1200	800	6894	2026-09-07T16:49:27+00:00	candidate		storyboard
092-04	v02	assets/art/panels/092-04/v02-storyboard-svg.svg	storyboard-svg		1200	800	7433	2026-09-07T16:55:46+00:00	candidate		storyboard
092-04	v03	assets/art/panels/092-04/v03-storyboard-svg.svg	storyboard-svg		1200	800	7965	2026-09-12T21:18:27+00:00	candidate		storyboard
092-04	v04	assets/art/panels/092-04/v04-storyboard-svg.svg	storyboard-svg		1200	800	12215	2026-09-12T23:01:00+00:00	candidate		storyboard
092-04	v05	assets/art/panels/092-04/v05-storyboard-svg.svg	storyboard-svg		1200	800	12265	2026-09-12T23:55:11+00:00	candidate		storyboard
092-04	v06	assets/art/panels/092-04/v06-storyboard-svg.svg	storyboard-svg		1200	800	13414	2026-09-13T00:10:07+00:00	candidate		storyboard
092-04	v07	assets/art/panels/092-04/v07-storyboard-svg.svg	storyboard-svg		1200	800	16625	2026-09-13T00:25:41+00:00	candidate		storyboard
092-04	v08	assets/art/panels/092-04/v08-storyboard-svg.svg	storyboard-svg		1200	800	17380	2026-09-13T01:34:49+00:00	candidate		storyboard
092-05	v01	assets/art/panels/092-05/v01-storyboard-svg.svg	storyboard-svg		1200	800	7068	2026-09-07T16:49:27+00:00	candidate		storyboard
092-05	v02	assets/art/panels/092-05/v02-storyboard-svg.svg	storyboard-svg		1200	800	7717	2026-09-07T16:55:46+00:00	candidate		storyboard
092-05	v03	assets/art/panels/092-05/v03-storyboard-svg.svg	storyboard-svg		1200	800	7733	2026-09-07T17:26:56+00:00	candidate		storyboard
092-05	v04	assets/art/panels/092-05/v04-storyboard-svg.svg	storyboard-svg		1200	800	9199	2026-09-12T21:18:27+00:00	candidate		storyboard
092-05	v05	assets/art/panels/092-05/v05-storyboard-svg.svg	storyboard-svg		1200	800	14338	2026-09-12T23:01:00+00:00	candidate		storyboard
092-05	v06	assets/art/panels/092-05/v06-storyboard-svg.svg	storyboard-svg		1200	800	14388	2026-09-12T23:55:11+00:00	candidate		storyboard
092-05	v07	assets/art/panels/092-05/v07-storyboard-svg.svg	storyboard-svg		1200	800	15537	2026-09-13T00:10:07+00:00	candidate		storyboard
092-05	v08	assets/art/panels/092-05/v08-storyboard-svg.svg	storyboard-svg		1200	800	18748	2026-09-13T00:25:41+00:00	candidate		storyboard
092-05	v09	assets/art/panels/092-05/v09-storyboard-svg.svg	storyboard-svg		1200	800	19639	2026-09-13T01:34:49+00:00	candidate		storyboard
093-01	v01	assets/art/panels/093-01/v01-storyboard-svg.svg	storyboard-svg		1200	800	3775	2026-09-07T16:49:27+00:00	candidate		storyboard
093-01	v02	assets/art/panels/093-01/v02-storyboard-svg.svg	storyboard-svg		1200	800	4041	2026-09-07T16:55:46+00:00	candidate		storyboard
093-01	v03	assets/art/panels/093-01/v03-storyboard-svg.svg	storyboard-svg		1200	800	4057	2026-09-07T17:26:56+00:00	candidate		storyboard
093-01	v04	assets/art/panels/093-01/v04-storyboard-svg.svg	storyboard-svg		1200	800	4432	2026-09-12T21:18:27+00:00	candidate		storyboard
093-01	v05	assets/art/panels/093-01/v05-storyboard-svg.svg	storyboard-svg		1200	800	6459	2026-09-12T23:01:00+00:00	candidate		storyboard
093-01	v06	assets/art/panels/093-01/v06-storyboard-svg.svg	storyboard-svg		1200	800	6502	2026-09-12T23:55:11+00:00	candidate		storyboard
093-01	v07	assets/art/panels/093-01/v07-storyboard-svg.svg	storyboard-svg		1200	800	7601	2026-09-13T00:10:07+00:00	candidate		storyboard
093-01	v08	assets/art/panels/093-01/v08-storyboard-svg.svg	storyboard-svg		1200	800	10800	2026-09-13T00:25:41+00:00	candidate		storyboard
093-01	v09	assets/art/panels/093-01/v09-storyboard-svg.svg	storyboard-svg		1200	800	11191	2026-09-13T01:34:49+00:00	candidate		storyboard
093-02	v01	assets/art/panels/093-02/v01-storyboard-svg.svg	storyboard-svg		1200	800	3966	2026-09-07T16:49:28+00:00	candidate		storyboard
093-02	v02	assets/art/panels/093-02/v02-storyboard-svg.svg	storyboard-svg		1200	800	4212	2026-09-07T16:55:46+00:00	candidate		storyboard
093-02	v03	assets/art/panels/093-02/v03-storyboard-svg.svg	storyboard-svg		1200	800	4228	2026-09-07T17:26:57+00:00	candidate		storyboard
093-02	v04	assets/art/panels/093-02/v04-storyboard-svg.svg	storyboard-svg		1200	800	4835	2026-09-12T21:18:27+00:00	candidate		storyboard
093-02	v05	assets/art/panels/093-02/v05-storyboard-svg.svg	storyboard-svg		1200	800	6164	2026-09-12T23:01:00+00:00	candidate		storyboard
093-02	v06	assets/art/panels/093-02/v06-storyboard-svg.svg	storyboard-svg		1200	800	6777	2026-09-12T23:30:36+00:00	candidate		storyboard
093-02	v07	assets/art/panels/093-02/v07-storyboard-svg.svg	storyboard-svg		1200	800	6820	2026-09-12T23:55:11+00:00	candidate		storyboard
093-02	v08	assets/art/panels/093-02/v08-storyboard-svg.svg	storyboard-svg		1200	800	7919	2026-09-13T00:10:07+00:00	candidate		storyboard
093-02	v09	assets/art/panels/093-02/v09-storyboard-svg.svg	storyboard-svg		1200	800	11118	2026-09-13T00:25:41+00:00	candidate		storyboard
093-02	v10	assets/art/panels/093-02/v10-storyboard-svg.svg	storyboard-svg		1200	800	11691	2026-09-13T01:34:49+00:00	candidate		storyboard
093-03	v01	assets/art/panels/093-03/v01-storyboard-svg.svg	storyboard-svg		1200	800	5201	2026-09-07T16:49:28+00:00	candidate		storyboard
093-03	v02	assets/art/panels/093-03/v02-storyboard-svg.svg	storyboard-svg		1200	800	5705	2026-09-07T16:55:46+00:00	candidate		storyboard
093-03	v03	assets/art/panels/093-03/v03-storyboard-svg.svg	storyboard-svg		1200	800	5787	2026-09-07T17:01:51+00:00	candidate		storyboard
093-03	v04	assets/art/panels/093-03/v04-storyboard-svg.svg	storyboard-svg		1200	800	5803	2026-09-07T17:26:57+00:00	candidate		storyboard
093-03	v05	assets/art/panels/093-03/v05-storyboard-svg.svg	storyboard-svg		1200	800	6194	2026-09-12T21:18:27+00:00	candidate		storyboard
093-03	v06	assets/art/panels/093-03/v06-storyboard-svg.svg	storyboard-svg		1200	800	12253	2026-09-12T23:01:00+00:00	candidate		storyboard
093-03	v07	assets/art/panels/093-03/v07-storyboard-svg.svg	storyboard-svg		1200	800	12296	2026-09-12T23:55:11+00:00	candidate		storyboard
093-03	v08	assets/art/panels/093-03/v08-storyboard-svg.svg	storyboard-svg		1200	800	13395	2026-09-13T00:10:07+00:00	candidate		storyboard
093-03	v09	assets/art/panels/093-03/v09-storyboard-svg.svg	storyboard-svg		1200	800	16594	2026-09-13T00:25:41+00:00	candidate		storyboard
093-03	v10	assets/art/panels/093-03/v10-storyboard-svg.svg	storyboard-svg		1200	800	17167	2026-09-13T01:34:49+00:00	candidate		storyboard
093-04	v01	assets/art/panels/093-04/v01-storyboard-svg.svg	storyboard-svg		1200	800	4106	2026-09-07T16:49:28+00:00	candidate		storyboard
093-04	v02	assets/art/panels/093-04/v02-storyboard-svg.svg	storyboard-svg		1200	800	4352	2026-09-07T16:55:47+00:00	candidate		storyboard
093-04	v03	assets/art/panels/093-04/v03-storyboard-svg.svg	storyboard-svg		1200	800	4835	2026-09-12T21:18:27+00:00	candidate		storyboard
093-04	v04	assets/art/panels/093-04/v04-storyboard-svg.svg	storyboard-svg		1200	800	8609	2026-09-12T23:01:00+00:00	candidate		storyboard
093-04	v05	assets/art/panels/093-04/v05-storyboard-svg.svg	storyboard-svg		1200	800	7752	2026-09-12T23:15:36+00:00	candidate		storyboard
093-04	v06	assets/art/panels/093-04/v06-storyboard-svg.svg	storyboard-svg		1200	800	7741	2026-09-12T23:17:50+00:00	candidate		storyboard
093-04	v07	assets/art/panels/093-04/v07-storyboard-svg.svg	storyboard-svg		1200	800	7784	2026-09-12T23:55:11+00:00	candidate		storyboard
093-04	v08	assets/art/panels/093-04/v08-storyboard-svg.svg	storyboard-svg		1200	800	8883	2026-09-13T00:10:07+00:00	candidate		storyboard
093-04	v09	assets/art/panels/093-04/v09-storyboard-svg.svg	storyboard-svg		1200	800	12082	2026-09-13T00:25:41+00:00	candidate		storyboard
093-04	v10	assets/art/panels/093-04/v10-storyboard-svg.svg	storyboard-svg		1200	800	12473	2026-09-13T01:34:49+00:00	candidate		storyboard
093-05	v01	assets/art/panels/093-05/v01-storyboard-svg.svg	storyboard-svg		1200	800	4377	2026-09-07T16:49:28+00:00	candidate		storyboard
093-05	v02	assets/art/panels/093-05/v02-storyboard-svg.svg	storyboard-svg		1200	800	4633	2026-09-07T16:55:47+00:00	candidate		storyboard
093-05	v03	assets/art/panels/093-05/v03-storyboard-svg.svg	storyboard-svg		1200	800	5022	2026-09-12T21:18:27+00:00	candidate		storyboard
093-05	v04	assets/art/panels/093-05/v04-storyboard-svg.svg	storyboard-svg		1200	800	10181	2026-09-12T23:01:01+00:00	candidate		storyboard
093-05	v05	assets/art/panels/093-05/v05-storyboard-svg.svg	storyboard-svg		1200	800	10224	2026-09-12T23:55:11+00:00	candidate		storyboard
093-05	v06	assets/art/panels/093-05/v06-storyboard-svg.svg	storyboard-svg		1200	800	11323	2026-09-13T00:10:07+00:00	candidate		storyboard
093-05	v07	assets/art/panels/093-05/v07-storyboard-svg.svg	storyboard-svg		1200	800	14522	2026-09-13T00:25:41+00:00	candidate		storyboard
093-05	v08	assets/art/panels/093-05/v08-storyboard-svg.svg	storyboard-svg		1200	800	14913	2026-09-13T01:34:49+00:00	candidate		storyboard
094-01	v01	assets/art/panels/094-01/v01-storyboard-svg.svg	storyboard-svg		1200	800	5829	2026-09-07T16:49:28+00:00	candidate		storyboard
094-01	v02	assets/art/panels/094-01/v02-storyboard-svg.svg	storyboard-svg		1200	800	6323	2026-09-07T16:55:47+00:00	candidate		storyboard
094-01	v03	assets/art/panels/094-01/v03-storyboard-svg.svg	storyboard-svg		1200	800	6682	2026-09-12T21:18:27+00:00	candidate		storyboard
094-01	v04	assets/art/panels/094-01/v04-storyboard-svg.svg	storyboard-svg		1200	800	11200	2026-09-12T23:01:01+00:00	candidate		storyboard
094-01	v05	assets/art/panels/094-01/v05-storyboard-svg.svg	storyboard-svg		1200	800	11233	2026-09-12T23:55:11+00:00	candidate		storyboard
094-01	v06	assets/art/panels/094-01/v06-storyboard-svg.svg	storyboard-svg		1200	800	12340	2026-09-13T00:10:07+00:00	candidate		storyboard
094-01	v07	assets/art/panels/094-01/v07-storyboard-svg.svg	storyboard-svg		1200	800	15573	2026-09-13T00:25:41+00:00	candidate		storyboard
094-01	v08	assets/art/panels/094-01/v08-storyboard-svg.svg	storyboard-svg		1200	800	16330	2026-09-13T01:34:49+00:00	candidate		storyboard
094-02	v01	assets/art/panels/094-02/v01-storyboard-svg.svg	storyboard-svg		1200	800	3927	2026-09-07T16:49:28+00:00	candidate		storyboard
094-02	v02	assets/art/panels/094-02/v02-storyboard-svg.svg	storyboard-svg		1200	800	4184	2026-09-07T16:55:47+00:00	candidate		storyboard
094-02	v03	assets/art/panels/094-02/v03-storyboard-svg.svg	storyboard-svg		1200	800	4501	2026-09-12T21:18:27+00:00	candidate		storyboard
094-02	v04	assets/art/panels/094-02/v04-storyboard-svg.svg	storyboard-svg		1200	800	7851	2026-09-12T23:01:01+00:00	candidate		storyboard
094-02	v05	assets/art/panels/094-02/v05-storyboard-svg.svg	storyboard-svg		1200	800	7888	2026-09-12T23:55:11+00:00	candidate		storyboard
094-02	v06	assets/art/panels/094-02/v06-storyboard-svg.svg	storyboard-svg		1200	800	8967	2026-09-13T00:10:07+00:00	candidate		storyboard
094-02	v07	assets/art/panels/094-02/v07-storyboard-svg.svg	storyboard-svg		1200	800	12229	2026-09-13T00:25:41+00:00	candidate		storyboard
094-02	v08	assets/art/panels/094-02/v08-storyboard-svg.svg	storyboard-svg		1200	800	12620	2026-09-13T01:34:49+00:00	candidate		storyboard
094-03	v01	assets/art/panels/094-03/v01-storyboard-svg.svg	storyboard-svg		1200	800	5129	2026-09-07T16:49:28+00:00	candidate		storyboard
094-03	v02	assets/art/panels/094-03/v02-storyboard-svg.svg	storyboard-svg		1200	800	5488	2026-09-07T16:55:47+00:00	candidate		storyboard
094-03	v03	assets/art/panels/094-03/v03-storyboard-svg.svg	storyboard-svg		1200	800	5570	2026-09-07T17:01:51+00:00	candidate		storyboard
094-03	v04	assets/art/panels/094-03/v04-storyboard-svg.svg	storyboard-svg		1200	800	5913	2026-09-12T21:18:27+00:00	candidate		storyboard
094-03	v05	assets/art/panels/094-03/v05-storyboard-svg.svg	storyboard-svg		1200	800	12771	2026-09-12T23:01:01+00:00	candidate		storyboard
094-03	v06	assets/art/panels/094-03/v06-storyboard-svg.svg	storyboard-svg		1200	800	11870	2026-09-12T23:15:36+00:00	candidate		storyboard
094-03	v07	assets/art/panels/094-03/v07-storyboard-svg.svg	storyboard-svg		1200	800	11858	2026-09-12T23:17:50+00:00	candidate		storyboard
094-03	v08	assets/art/panels/094-03/v08-storyboard-svg.svg	storyboard-svg		1200	800	11895	2026-09-12T23:55:11+00:00	candidate		storyboard
094-03	v09	assets/art/panels/094-03/v09-storyboard-svg.svg	storyboard-svg		1200	800	12974	2026-09-13T00:10:07+00:00	candidate		storyboard
094-03	v10	assets/art/panels/094-03/v10-storyboard-svg.svg	storyboard-svg		1200	800	16236	2026-09-13T00:25:41+00:00	candidate		storyboard
094-03	v11	assets/art/panels/094-03/v11-storyboard-svg.svg	storyboard-svg		1200	800	16627	2026-09-13T01:34:49+00:00	candidate		storyboard
094-04	v01	assets/art/panels/094-04/v01-storyboard-svg.svg	storyboard-svg		1200	800	4954	2026-09-07T16:49:28+00:00	candidate		storyboard
094-04	v02	assets/art/panels/094-04/v02-storyboard-svg.svg	storyboard-svg		1200	800	5478	2026-09-07T16:55:47+00:00	candidate		storyboard
094-04	v03	assets/art/panels/094-04/v03-storyboard-svg.svg	storyboard-svg		1200	800	5893	2026-09-12T21:18:27+00:00	candidate		storyboard
094-04	v04	assets/art/panels/094-04/v04-storyboard-svg.svg	storyboard-svg		1200	800	9562	2026-09-12T23:01:01+00:00	candidate		storyboard
094-04	v05	assets/art/panels/094-04/v05-storyboard-svg.svg	storyboard-svg		1200	800	9595	2026-09-12T23:55:11+00:00	candidate		storyboard
094-04	v06	assets/art/panels/094-04/v06-storyboard-svg.svg	storyboard-svg		1200	800	10352	2026-09-13T01:34:49+00:00	candidate		storyboard
094-05	v01	assets/art/panels/094-05/v01-storyboard-svg.svg	storyboard-svg		1200	800	4810	2026-09-07T16:49:28+00:00	candidate		storyboard
094-05	v02	assets/art/panels/094-05/v02-storyboard-svg.svg	storyboard-svg		1200	800	5178	2026-09-07T16:55:47+00:00	candidate		storyboard
094-05	v03	assets/art/panels/094-05/v03-storyboard-svg.svg	storyboard-svg		1200	800	5598	2026-09-12T21:18:27+00:00	candidate		storyboard
094-05	v04	assets/art/panels/094-05/v04-storyboard-svg.svg	storyboard-svg		1200	800	10823	2026-09-12T23:01:01+00:00	candidate		storyboard
094-05	v05	assets/art/panels/094-05/v05-storyboard-svg.svg	storyboard-svg		1200	800	10920	2026-09-12T23:55:11+00:00	candidate		storyboard
094-05	v06	assets/art/panels/094-05/v06-storyboard-svg.svg	storyboard-svg		1200	800	14274	2026-09-13T00:10:07+00:00	candidate		storyboard
094-05	v07	assets/art/panels/094-05/v07-storyboard-svg.svg	storyboard-svg		1200	800	23980	2026-09-13T00:25:41+00:00	candidate		storyboard
094-05	v08	assets/art/panels/094-05/v08-storyboard-svg.svg	storyboard-svg		1200	800	24554	2026-09-13T01:34:49+00:00	candidate		storyboard
095-01	v01	assets/art/panels/095-01/v01-storyboard-svg.svg	storyboard-svg		1200	800	3739	2026-09-07T16:49:28+00:00	candidate		storyboard
095-01	v02	assets/art/panels/095-01/v02-storyboard-svg.svg	storyboard-svg		1200	800	3985	2026-09-07T16:55:47+00:00	candidate		storyboard
095-01	v03	assets/art/panels/095-01/v03-storyboard-svg.svg	storyboard-svg		1200	800	4001	2026-09-07T17:26:57+00:00	candidate		storyboard
095-01	v04	assets/art/panels/095-01/v04-storyboard-svg.svg	storyboard-svg		1200	800	4422	2026-09-12T21:18:27+00:00	candidate		storyboard
095-01	v05	assets/art/panels/095-01/v05-storyboard-svg.svg	storyboard-svg		1200	800	8012	2026-09-12T23:01:01+00:00	candidate		storyboard
095-01	v06	assets/art/panels/095-01/v06-storyboard-svg.svg	storyboard-svg		1200	800	8055	2026-09-12T23:55:11+00:00	candidate		storyboard
095-01	v07	assets/art/panels/095-01/v07-storyboard-svg.svg	storyboard-svg		1200	800	9144	2026-09-13T00:10:07+00:00	candidate		storyboard
095-01	v08	assets/art/panels/095-01/v08-storyboard-svg.svg	storyboard-svg		1200	800	12337	2026-09-13T00:25:41+00:00	candidate		storyboard
095-01	v09	assets/art/panels/095-01/v09-storyboard-svg.svg	storyboard-svg		1200	800	12727	2026-09-13T01:34:49+00:00	candidate		storyboard
095-02	v01	assets/art/panels/095-02/v01-storyboard-svg.svg	storyboard-svg		1200	800	6797	2026-09-07T16:49:28+00:00	candidate		storyboard
095-02	v02	assets/art/panels/095-02/v02-storyboard-svg.svg	storyboard-svg		1200	800	7691	2026-09-07T16:55:48+00:00	candidate		storyboard
095-02	v03	assets/art/panels/095-02/v03-storyboard-svg.svg	storyboard-svg		1200	800	8128	2026-09-12T21:18:27+00:00	candidate		storyboard
095-02	v04	assets/art/panels/095-02/v04-storyboard-svg.svg	storyboard-svg		1200	800	16657	2026-09-12T23:01:01+00:00	candidate		storyboard
095-02	v05	assets/art/panels/095-02/v05-storyboard-svg.svg	storyboard-svg		1200	800	16700	2026-09-12T23:55:11+00:00	candidate		storyboard
095-02	v06	assets/art/panels/095-02/v06-storyboard-svg.svg	storyboard-svg		1200	800	17789	2026-09-13T00:10:07+00:00	candidate		storyboard
095-02	v07	assets/art/panels/095-02/v07-storyboard-svg.svg	storyboard-svg		1200	800	20982	2026-09-13T00:25:41+00:00	candidate		storyboard
095-02	v08	assets/art/panels/095-02/v08-storyboard-svg.svg	storyboard-svg		1200	800	22185	2026-09-13T01:34:49+00:00	candidate		storyboard
095-03	v01	assets/art/panels/095-03/v01-storyboard-svg.svg	storyboard-svg		1200	800	2765	2026-09-07T16:49:28+00:00	candidate		storyboard
095-03	v02	assets/art/panels/095-03/v02-storyboard-svg.svg	storyboard-svg		1200	800	2894	2026-09-07T16:55:48+00:00	candidate		storyboard
095-03	v03	assets/art/panels/095-03/v03-storyboard-svg.svg	storyboard-svg		1200	800	2910	2026-09-07T17:26:57+00:00	candidate		storyboard
095-03	v04	assets/art/panels/095-03/v04-storyboard-svg.svg	storyboard-svg		1200	800	3174	2026-09-12T21:18:27+00:00	candidate		storyboard
095-03	v05	assets/art/panels/095-03/v05-storyboard-svg.svg	storyboard-svg		1200	800	5047	2026-09-12T23:01:01+00:00	candidate		storyboard
095-03	v06	assets/art/panels/095-03/v06-storyboard-svg.svg	storyboard-svg		1200	800	4847	2026-09-12T23:15:36+00:00	candidate		storyboard
095-03	v07	assets/art/panels/095-03/v07-storyboard-svg.svg	storyboard-svg		1200	800	4843	2026-09-12T23:17:50+00:00	candidate		storyboard
095-03	v08	assets/art/panels/095-03/v08-storyboard-svg.svg	storyboard-svg		1200	800	5226	2026-09-12T23:30:36+00:00	candidate		storyboard
095-03	v09	assets/art/panels/095-03/v09-storyboard-svg.svg	storyboard-svg		1200	800	5269	2026-09-12T23:55:11+00:00	candidate		storyboard
095-03	v10	assets/art/panels/095-03/v10-storyboard-svg.svg	storyboard-svg		1200	800	6358	2026-09-13T00:10:07+00:00	candidate		storyboard
095-03	v11	assets/art/panels/095-03/v11-storyboard-svg.svg	storyboard-svg		1200	800	9551	2026-09-13T00:25:42+00:00	candidate		storyboard
095-03	v12	assets/art/panels/095-03/v12-storyboard-svg.svg	storyboard-svg		1200	800	9759	2026-09-13T01:34:49+00:00	candidate		storyboard
095-04	v01	assets/art/panels/095-04/v01-storyboard-svg.svg	storyboard-svg		1200	800	3762	2026-09-07T16:49:29+00:00	candidate		storyboard
095-04	v02	assets/art/panels/095-04/v02-storyboard-svg.svg	storyboard-svg		1200	800	4008	2026-09-07T16:55:48+00:00	candidate		storyboard
095-04	v03	assets/art/panels/095-04/v03-storyboard-svg.svg	storyboard-svg		1200	800	4792	2026-09-12T21:18:27+00:00	candidate		storyboard
095-04	v04	assets/art/panels/095-04/v04-storyboard-svg.svg	storyboard-svg		1200	800	7650	2026-09-12T23:01:01+00:00	candidate		storyboard
095-04	v05	assets/art/panels/095-04/v05-storyboard-svg.svg	storyboard-svg		1200	800	7693	2026-09-12T23:55:11+00:00	candidate		storyboard
095-04	v06	assets/art/panels/095-04/v06-storyboard-svg.svg	storyboard-svg		1200	800	8782	2026-09-13T00:10:07+00:00	candidate		storyboard
095-04	v07	assets/art/panels/095-04/v07-storyboard-svg.svg	storyboard-svg		1200	800	11975	2026-09-13T00:25:42+00:00	candidate		storyboard
095-04	v08	assets/art/panels/095-04/v08-storyboard-svg.svg	storyboard-svg		1200	800	12549	2026-09-13T01:34:49+00:00	candidate		storyboard
096-01	v01	assets/art/panels/096-01/v01-storyboard-svg.svg	storyboard-svg		1200	800	3672	2026-09-07T16:49:29+00:00	candidate		storyboard
096-01	v02	assets/art/panels/096-01/v02-storyboard-svg.svg	storyboard-svg		1200	800	4182	2026-09-07T16:55:48+00:00	candidate		storyboard
096-01	v03	assets/art/panels/096-01/v03-storyboard-svg.svg	storyboard-svg		1200	800	4198	2026-09-07T17:26:57+00:00	candidate		storyboard
096-01	v04	assets/art/panels/096-01/v04-storyboard-svg.svg	storyboard-svg		1200	800	4512	2026-09-12T21:18:27+00:00	candidate		storyboard
096-01	v05	assets/art/panels/096-01/v05-storyboard-svg.svg	storyboard-svg		1200	800	5412	2026-09-12T23:01:01+00:00	candidate		storyboard
096-01	v06	assets/art/panels/096-01/v06-storyboard-svg.svg	storyboard-svg		1200	800	5462	2026-09-12T23:55:11+00:00	candidate		storyboard
096-01	v07	assets/art/panels/096-01/v07-storyboard-svg.svg	storyboard-svg		1200	800	6611	2026-09-13T00:10:07+00:00	candidate		storyboard
096-01	v08	assets/art/panels/096-01/v08-storyboard-svg.svg	storyboard-svg		1200	800	9822	2026-09-13T00:25:42+00:00	candidate		storyboard
096-01	v09	assets/art/panels/096-01/v09-storyboard-svg.svg	storyboard-svg		1200	800	10465	2026-09-13T01:34:49+00:00	candidate		storyboard
096-02	v01	assets/art/panels/096-02/v01-storyboard-svg.svg	storyboard-svg		1200	800	3697	2026-09-07T16:49:29+00:00	candidate		storyboard
096-02	v02	assets/art/panels/096-02/v02-storyboard-svg.svg	storyboard-svg		1200	800	3943	2026-09-07T16:55:48+00:00	candidate		storyboard
096-02	v03	assets/art/panels/096-02/v03-storyboard-svg.svg	storyboard-svg		1200	800	3959	2026-09-07T17:26:57+00:00	candidate		storyboard
096-02	v04	assets/art/panels/096-02/v04-storyboard-svg.svg	storyboard-svg		1200	800	4313	2026-09-12T21:18:27+00:00	candidate		storyboard
096-02	v05	assets/art/panels/096-02/v05-storyboard-svg.svg	storyboard-svg		1200	800	8049	2026-09-12T23:01:01+00:00	candidate		storyboard
096-02	v06	assets/art/panels/096-02/v06-storyboard-svg.svg	storyboard-svg		1200	800	7995	2026-09-12T23:15:36+00:00	candidate		storyboard
096-02	v07	assets/art/panels/096-02/v07-storyboard-svg.svg	storyboard-svg		1200	800	9518	2026-09-12T23:30:36+00:00	candidate		storyboard
096-02	v08	assets/art/panels/096-02/v08-storyboard-svg.svg	storyboard-svg		1200	800	9568	2026-09-12T23:55:11+00:00	candidate		storyboard
096-02	v09	assets/art/panels/096-02/v09-storyboard-svg.svg	storyboard-svg		1200	800	10717	2026-09-13T00:10:07+00:00	candidate		storyboard
096-02	v10	assets/art/panels/096-02/v10-storyboard-svg.svg	storyboard-svg		1200	800	13928	2026-09-13T00:25:42+00:00	candidate		storyboard
096-02	v11	assets/art/panels/096-02/v11-storyboard-svg.svg	storyboard-svg		1200	800	14319	2026-09-13T01:34:49+00:00	candidate		storyboard
096-03	v01	assets/art/panels/096-03/v01-storyboard-svg.svg	storyboard-svg		1200	800	4174	2026-09-07T16:49:29+00:00	candidate		storyboard
096-03	v02	assets/art/panels/096-03/v02-storyboard-svg.svg	storyboard-svg		1200	800	4542	2026-09-07T16:55:48+00:00	candidate		storyboard
096-03	v03	assets/art/panels/096-03/v03-storyboard-svg.svg	storyboard-svg		1200	800	4558	2026-09-07T17:26:58+00:00	candidate		storyboard
096-03	v04	assets/art/panels/096-03/v04-storyboard-svg.svg	storyboard-svg		1200	800	6972	2026-09-12T21:18:27+00:00	candidate		storyboard
096-03	v05	assets/art/panels/096-03/v05-storyboard-svg.svg	storyboard-svg		1200	800	13064	2026-09-12T23:01:01+00:00	candidate		storyboard
096-03	v06	assets/art/panels/096-03/v06-storyboard-svg.svg	storyboard-svg		1200	800	15458	2026-09-12T23:15:36+00:00	candidate		storyboard
096-03	v07	assets/art/panels/096-03/v07-storyboard-svg.svg	storyboard-svg		1200	800	15454	2026-09-12T23:17:50+00:00	candidate		storyboard
096-03	v08	assets/art/panels/096-03/v08-storyboard-svg.svg	storyboard-svg		1200	800	19490	2026-09-12T23:30:36+00:00	candidate		storyboard
096-03	v09	assets/art/panels/096-03/v09-storyboard-svg.svg	storyboard-svg		1200	800	19540	2026-09-12T23:55:11+00:00	candidate		storyboard
096-03	v10	assets/art/panels/096-03/v10-storyboard-svg.svg	storyboard-svg		1200	800	20294	2026-09-13T01:34:49+00:00	candidate		storyboard
096-04	v01	assets/art/panels/096-04/v01-storyboard-svg.svg	storyboard-svg		1200	800	4191	2026-09-07T16:49:29+00:00	candidate		storyboard
096-04	v02	assets/art/panels/096-04/v02-storyboard-svg.svg	storyboard-svg		1200	800	4437	2026-09-07T16:55:48+00:00	candidate		storyboard
096-04	v03	assets/art/panels/096-04/v03-storyboard-svg.svg	storyboard-svg		1200	800	4453	2026-09-07T17:26:58+00:00	candidate		storyboard
096-04	v04	assets/art/panels/096-04/v04-storyboard-svg.svg	storyboard-svg		1200	800	4867	2026-09-12T21:18:27+00:00	candidate		storyboard
096-04	v05	assets/art/panels/096-04/v05-storyboard-svg.svg	storyboard-svg		1200	800	10026	2026-09-12T23:01:01+00:00	candidate		storyboard
096-04	v06	assets/art/panels/096-04/v06-storyboard-svg.svg	storyboard-svg		1200	800	9826	2026-09-12T23:15:36+00:00	candidate		storyboard
096-04	v07	assets/art/panels/096-04/v07-storyboard-svg.svg	storyboard-svg		1200	800	9822	2026-09-12T23:17:50+00:00	candidate		storyboard
096-04	v08	assets/art/panels/096-04/v08-storyboard-svg.svg	storyboard-svg		1200	800	10205	2026-09-12T23:30:36+00:00	candidate		storyboard
096-04	v09	assets/art/panels/096-04/v09-storyboard-svg.svg	storyboard-svg		1200	800	10255	2026-09-12T23:55:11+00:00	candidate		storyboard
096-04	v10	assets/art/panels/096-04/v10-storyboard-svg.svg	storyboard-svg		1200	800	11404	2026-09-13T00:10:07+00:00	candidate		storyboard
096-04	v11	assets/art/panels/096-04/v11-storyboard-svg.svg	storyboard-svg		1200	800	14615	2026-09-13T00:25:42+00:00	candidate		storyboard
096-04	v12	assets/art/panels/096-04/v12-storyboard-svg.svg	storyboard-svg		1200	800	15006	2026-09-13T01:34:49+00:00	candidate		storyboard
096-05	v01	assets/art/panels/096-05/v01-storyboard-svg.svg	storyboard-svg		1200	800	3598	2026-09-07T16:49:29+00:00	candidate		storyboard
096-05	v02	assets/art/panels/096-05/v02-storyboard-svg.svg	storyboard-svg		1200	800	3844	2026-09-07T16:55:49+00:00	candidate		storyboard
096-05	v03	assets/art/panels/096-05/v03-storyboard-svg.svg	storyboard-svg		1200	800	4218	2026-09-12T21:18:27+00:00	candidate		storyboard
096-05	v04	assets/art/panels/096-05/v04-storyboard-svg.svg	storyboard-svg		1200	800	7954	2026-09-12T23:01:01+00:00	candidate		storyboard
096-05	v05	assets/art/panels/096-05/v05-storyboard-svg.svg	storyboard-svg		1200	800	7754	2026-09-12T23:15:36+00:00	candidate		storyboard
096-05	v06	assets/art/panels/096-05/v06-storyboard-svg.svg	storyboard-svg		1200	800	7750	2026-09-12T23:17:50+00:00	candidate		storyboard
096-05	v07	assets/art/panels/096-05/v07-storyboard-svg.svg	storyboard-svg		1200	800	8133	2026-09-12T23:30:36+00:00	candidate		storyboard
096-05	v08	assets/art/panels/096-05/v08-storyboard-svg.svg	storyboard-svg		1200	800	8183	2026-09-12T23:55:11+00:00	candidate		storyboard
096-05	v09	assets/art/panels/096-05/v09-storyboard-svg.svg	storyboard-svg		1200	800	9332	2026-09-13T00:10:07+00:00	candidate		storyboard
096-05	v10	assets/art/panels/096-05/v10-storyboard-svg.svg	storyboard-svg		1200	800	12543	2026-09-13T00:25:42+00:00	candidate		storyboard
096-05	v11	assets/art/panels/096-05/v11-storyboard-svg.svg	storyboard-svg		1200	800	12932	2026-09-13T01:34:49+00:00	candidate		storyboard
097-01	v01	assets/art/panels/097-01/v01-storyboard-svg.svg	storyboard-svg		1200	800	2780	2026-09-07T16:49:29+00:00	candidate		storyboard
097-01	v02	assets/art/panels/097-01/v02-storyboard-svg.svg	storyboard-svg		1200	800	2909	2026-09-07T16:55:49+00:00	candidate		storyboard
097-01	v03	assets/art/panels/097-01/v03-storyboard-svg.svg	storyboard-svg		1200	800	2925	2026-09-07T17:26:58+00:00	candidate		storyboard
097-01	v04	assets/art/panels/097-01/v04-storyboard-svg.svg	storyboard-svg		1200	800	3189	2026-09-12T21:18:27+00:00	candidate		storyboard
097-01	v05	assets/art/panels/097-01/v05-storyboard-svg.svg	storyboard-svg		1200	800	4732	2026-09-12T23:01:01+00:00	candidate		storyboard
097-01	v06	assets/art/panels/097-01/v06-storyboard-svg.svg	storyboard-svg		1200	800	4778	2026-09-12T23:55:11+00:00	candidate		storyboard
097-01	v07	assets/art/panels/097-01/v07-storyboard-svg.svg	storyboard-svg		1200	800	5855	2026-09-13T00:10:07+00:00	candidate		storyboard
097-01	v08	assets/art/panels/097-01/v08-storyboard-svg.svg	storyboard-svg		1200	800	9139	2026-09-13T00:25:42+00:00	candidate		storyboard
097-01	v09	assets/art/panels/097-01/v09-storyboard-svg.svg	storyboard-svg		1200	800	9347	2026-09-13T01:34:49+00:00	candidate		storyboard
097-02	v01	assets/art/panels/097-02/v01-storyboard-svg.svg	storyboard-svg		1200	800	3772	2026-09-07T16:49:29+00:00	candidate		storyboard
097-02	v02	assets/art/panels/097-02/v02-storyboard-svg.svg	storyboard-svg		1200	800	4018	2026-09-07T16:55:49+00:00	candidate		storyboard
097-02	v03	assets/art/panels/097-02/v03-storyboard-svg.svg	storyboard-svg		1200	800	4034	2026-09-07T17:26:58+00:00	candidate		storyboard
097-02	v04	assets/art/panels/097-02/v04-storyboard-svg.svg	storyboard-svg		1200	800	4396	2026-09-12T21:18:27+00:00	candidate		storyboard
097-02	v05	assets/art/panels/097-02/v05-storyboard-svg.svg	storyboard-svg		1200	800	7812	2026-09-12T23:01:01+00:00	candidate		storyboard
097-02	v06	assets/art/panels/097-02/v06-storyboard-svg.svg	storyboard-svg		1200	800	7612	2026-09-12T23:15:36+00:00	candidate		storyboard
097-02	v07	assets/art/panels/097-02/v07-storyboard-svg.svg	storyboard-svg		1200	800	7608	2026-09-12T23:17:50+00:00	candidate		storyboard
097-02	v08	assets/art/panels/097-02/v08-storyboard-svg.svg	storyboard-svg		1200	800	7991	2026-09-12T23:30:36+00:00	candidate		storyboard
097-02	v09	assets/art/panels/097-02/v09-storyboard-svg.svg	storyboard-svg		1200	800	8037	2026-09-12T23:55:11+00:00	candidate		storyboard
097-02	v10	assets/art/panels/097-02/v10-storyboard-svg.svg	storyboard-svg		1200	800	9114	2026-09-13T00:10:07+00:00	candidate		storyboard
097-02	v11	assets/art/panels/097-02/v11-storyboard-svg.svg	storyboard-svg		1200	800	12398	2026-09-13T00:25:42+00:00	candidate		storyboard
097-02	v12	assets/art/panels/097-02/v12-storyboard-svg.svg	storyboard-svg		1200	800	12789	2026-09-13T01:34:49+00:00	candidate		storyboard
097-03	v01	assets/art/panels/097-03/v01-storyboard-svg.svg	storyboard-svg		1200	800	2775	2026-09-07T16:49:29+00:00	candidate		storyboard
097-03	v02	assets/art/panels/097-03/v02-storyboard-svg.svg	storyboard-svg		1200	800	2904	2026-09-07T16:55:49+00:00	candidate		storyboard
097-03	v03	assets/art/panels/097-03/v03-storyboard-svg.svg	storyboard-svg		1200	800	3200	2026-09-12T21:18:27+00:00	candidate		storyboard
097-03	v04	assets/art/panels/097-03/v04-storyboard-svg.svg	storyboard-svg		1200	800	4743	2026-09-12T23:01:01+00:00	candidate		storyboard
097-03	v05	assets/art/panels/097-03/v05-storyboard-svg.svg	storyboard-svg		1200	800	4789	2026-09-12T23:55:11+00:00	candidate		storyboard
097-03	v06	assets/art/panels/097-03/v06-storyboard-svg.svg	storyboard-svg		1200	800	5866	2026-09-13T00:10:07+00:00	candidate		storyboard
097-03	v07	assets/art/panels/097-03/v07-storyboard-svg.svg	storyboard-svg		1200	800	9150	2026-09-13T00:25:42+00:00	candidate		storyboard
097-03	v08	assets/art/panels/097-03/v08-storyboard-svg.svg	storyboard-svg		1200	800	9358	2026-09-13T01:34:49+00:00	candidate		storyboard
097-04	v01	assets/art/panels/097-04/v01-storyboard-svg.svg	storyboard-svg		1200	800	7478	2026-09-07T16:49:29+00:00	candidate		storyboard
097-04	v02	assets/art/panels/097-04/v02-storyboard-svg.svg	storyboard-svg		1200	800	7788	2026-09-07T16:55:49+00:00	candidate		storyboard
097-04	v03	assets/art/panels/097-04/v03-storyboard-svg.svg	storyboard-svg		1200	800	8168	2026-09-12T21:18:27+00:00	candidate		storyboard
097-04	v04	assets/art/panels/097-04/v04-storyboard-svg.svg	storyboard-svg		1200	800	8730	2026-09-12T22:35:06+00:00	candidate		storyboard
097-04	v05	assets/art/panels/097-04/v05-storyboard-svg.svg	storyboard-svg		1200	800	17018	2026-09-12T23:01:01+00:00	candidate		storyboard
097-04	v06	assets/art/panels/097-04/v06-storyboard-svg.svg	storyboard-svg		1200	800	17054	2026-09-12T23:55:11+00:00	candidate		storyboard
097-04	v07	assets/art/panels/097-04/v07-storyboard-svg.svg	storyboard-svg		1200	800	17440	2026-09-13T01:34:49+00:00	candidate		storyboard
097-05	v01	assets/art/panels/097-05/v01-storyboard-svg.svg	storyboard-svg		1200	800	6587	2026-09-07T16:49:29+00:00	candidate		storyboard
097-05	v02	assets/art/panels/097-05/v02-storyboard-svg.svg	storyboard-svg		1200	800	7051	2026-09-07T16:55:49+00:00	candidate		storyboard
097-05	v03	assets/art/panels/097-05/v03-storyboard-svg.svg	storyboard-svg		1200	800	7408	2026-09-12T21:18:27+00:00	candidate		storyboard
097-05	v04	assets/art/panels/097-05/v04-storyboard-svg.svg	storyboard-svg		1200	800	31028	2026-09-12T23:01:01+00:00	candidate		storyboard
097-05	v05	assets/art/panels/097-05/v05-storyboard-svg.svg	storyboard-svg		1200	800	31064	2026-09-12T23:55:11+00:00	candidate		storyboard
097-05	v06	assets/art/panels/097-05/v06-storyboard-svg.svg	storyboard-svg		1200	800	32215	2026-09-13T00:10:07+00:00	candidate		storyboard
097-05	v07	assets/art/panels/097-05/v07-storyboard-svg.svg	storyboard-svg		1200	800	35812	2026-09-13T00:25:42+00:00	candidate		storyboard
097-05	v08	assets/art/panels/097-05/v08-storyboard-svg.svg	storyboard-svg		1200	800	36386	2026-09-13T01:34:49+00:00	candidate		storyboard
098-01	v01	assets/art/panels/098-01/v01-storyboard-svg.svg	storyboard-svg		1200	800	4289	2026-09-07T16:49:29+00:00	candidate		storyboard
098-01	v02	assets/art/panels/098-01/v02-storyboard-svg.svg	storyboard-svg		1200	800	4535	2026-09-07T16:55:49+00:00	candidate		storyboard
098-01	v03	assets/art/panels/098-01/v03-storyboard-svg.svg	storyboard-svg		1200	800	4951	2026-09-12T21:18:27+00:00	candidate		storyboard
098-01	v04	assets/art/panels/098-01/v04-storyboard-svg.svg	storyboard-svg		1200	800	9411	2026-09-12T23:01:01+00:00	candidate		storyboard
098-01	v05	assets/art/panels/098-01/v05-storyboard-svg.svg	storyboard-svg		1200	800	9486	2026-09-12T23:55:11+00:00	candidate		storyboard
098-01	v06	assets/art/panels/098-01/v06-storyboard-svg.svg	storyboard-svg		1200	800	9877	2026-09-13T01:34:49+00:00	candidate		storyboard
098-02	v01	assets/art/panels/098-02/v01-storyboard-svg.svg	storyboard-svg		1200	800	4311	2026-09-07T16:49:30+00:00	candidate		storyboard
098-02	v02	assets/art/panels/098-02/v02-storyboard-svg.svg	storyboard-svg		1200	800	4704	2026-09-07T16:55:50+00:00	candidate		storyboard
098-02	v03	assets/art/panels/098-02/v03-storyboard-svg.svg	storyboard-svg		1200	800	4991	2026-09-12T21:18:27+00:00	candidate		storyboard
098-02	v04	assets/art/panels/098-02/v04-storyboard-svg.svg	storyboard-svg		1200	800	6831	2026-09-12T23:01:01+00:00	candidate		storyboard
098-02	v05	assets/art/panels/098-02/v05-storyboard-svg.svg	storyboard-svg		1200	800	6906	2026-09-12T23:55:11+00:00	candidate		storyboard
098-02	v06	assets/art/panels/098-02/v06-storyboard-svg.svg	storyboard-svg		1200	800	9015	2026-09-13T00:10:07+00:00	candidate		storyboard
098-02	v07	assets/art/panels/098-02/v07-storyboard-svg.svg	storyboard-svg		1200	800	15768	2026-09-13T00:25:42+00:00	candidate		storyboard
098-02	v08	assets/art/panels/098-02/v08-storyboard-svg.svg	storyboard-svg		1200	800	16205	2026-09-13T01:34:49+00:00	candidate		storyboard
098-03	v01	assets/art/panels/098-03/v01-storyboard-svg.svg	storyboard-svg		1200	800	4712	2026-09-07T16:49:30+00:00	candidate		storyboard
098-03	v02	assets/art/panels/098-03/v02-storyboard-svg.svg	storyboard-svg		1200	800	4995	2026-09-07T16:55:50+00:00	candidate		storyboard
098-03	v03	assets/art/panels/098-03/v03-storyboard-svg.svg	storyboard-svg		1200	800	6376	2026-09-12T21:18:27+00:00	candidate		storyboard
098-03	v04	assets/art/panels/098-03/v04-storyboard-svg.svg	storyboard-svg		1200	800	11039	2026-09-12T23:01:01+00:00	candidate		storyboard
098-03	v05	assets/art/panels/098-03/v05-storyboard-svg.svg	storyboard-svg		1200	800	11114	2026-09-12T23:55:11+00:00	candidate		storyboard
098-03	v06	assets/art/panels/098-03/v06-storyboard-svg.svg	storyboard-svg		1200	800	13223	2026-09-13T00:10:07+00:00	candidate		storyboard
098-03	v07	assets/art/panels/098-03/v07-storyboard-svg.svg	storyboard-svg		1200	800	19976	2026-09-13T00:25:42+00:00	candidate		storyboard
098-03	v08	assets/art/panels/098-03/v08-storyboard-svg.svg	storyboard-svg		1200	800	20388	2026-09-13T01:34:49+00:00	candidate		storyboard
098-04	v01	assets/art/panels/098-04/v01-storyboard-svg.svg	storyboard-svg		1200	800	4398	2026-09-07T16:49:30+00:00	candidate		storyboard
098-04	v02	assets/art/panels/098-04/v02-storyboard-svg.svg	storyboard-svg		1200	800	4747	2026-09-07T16:55:50+00:00	candidate		storyboard
098-04	v03	assets/art/panels/098-04/v03-storyboard-svg.svg	storyboard-svg		1200	800	4735	2026-09-07T16:59:00+00:00	candidate		storyboard
098-04	v04	assets/art/panels/098-04/v04-storyboard-svg.svg	storyboard-svg		1200	800	5085	2026-09-12T21:18:27+00:00	candidate		storyboard
098-04	v05	assets/art/panels/098-04/v05-storyboard-svg.svg	storyboard-svg		1200	800	11578	2026-09-12T23:01:01+00:00	candidate		storyboard
098-04	v06	assets/art/panels/098-04/v06-storyboard-svg.svg	storyboard-svg		1200	800	11653	2026-09-12T23:55:11+00:00	candidate		storyboard
098-04	v07	assets/art/panels/098-04/v07-storyboard-svg.svg	storyboard-svg		1200	800	13762	2026-09-13T00:10:07+00:00	candidate		storyboard
098-04	v08	assets/art/panels/098-04/v08-storyboard-svg.svg	storyboard-svg		1200	800	20515	2026-09-13T00:25:42+00:00	candidate		storyboard
098-04	v09	assets/art/panels/098-04/v09-storyboard-svg.svg	storyboard-svg		1200	800	20906	2026-09-13T01:34:49+00:00	candidate		storyboard
098-05	v01	assets/art/panels/098-05/v01-storyboard-svg.svg	storyboard-svg		1200	800	6468	2026-09-07T16:49:30+00:00	candidate		storyboard
098-05	v02	assets/art/panels/098-05/v02-storyboard-svg.svg	storyboard-svg		1200	800	6836	2026-09-07T16:55:50+00:00	candidate		storyboard
098-05	v03	assets/art/panels/098-05/v03-storyboard-svg.svg	storyboard-svg		1200	800	7170	2026-09-12T21:18:27+00:00	candidate		storyboard
098-05	v04	assets/art/panels/098-05/v04-storyboard-svg.svg	storyboard-svg		1200	800	25885	2026-09-12T23:01:01+00:00	candidate		storyboard
098-05	v05	assets/art/panels/098-05/v05-storyboard-svg.svg	storyboard-svg		1200	800	25978	2026-09-12T23:55:11+00:00	candidate		storyboard
098-05	v06	assets/art/panels/098-05/v06-storyboard-svg.svg	storyboard-svg		1200	800	29146	2026-09-13T00:10:07+00:00	candidate		storyboard
098-05	v07	assets/art/panels/098-05/v07-storyboard-svg.svg	storyboard-svg		1200	800	39048	2026-09-13T00:25:42+00:00	candidate		storyboard
098-05	v08	assets/art/panels/098-05/v08-storyboard-svg.svg	storyboard-svg		1200	800	39620	2026-09-13T01:34:49+00:00	candidate		storyboard
098-06	v01	assets/art/panels/098-06/v01-storyboard-svg.svg	storyboard-svg		1200	800	4259	2026-09-07T16:49:30+00:00	candidate		storyboard
098-06	v02	assets/art/panels/098-06/v02-storyboard-svg.svg	storyboard-svg		1200	800	4505	2026-09-07T16:55:50+00:00	candidate		storyboard
098-06	v03	assets/art/panels/098-06/v03-storyboard-svg.svg	storyboard-svg		1200	800	5158	2026-09-12T21:18:27+00:00	candidate		storyboard
098-06	v04	assets/art/panels/098-06/v04-storyboard-svg.svg	storyboard-svg		1200	800	8528	2026-09-12T23:01:01+00:00	candidate		storyboard
098-06	v05	assets/art/panels/098-06/v05-storyboard-svg.svg	storyboard-svg		1200	800	8571	2026-09-12T23:55:11+00:00	candidate		storyboard
098-06	v06	assets/art/panels/098-06/v06-storyboard-svg.svg	storyboard-svg		1200	800	9634	2026-09-13T00:10:07+00:00	candidate		storyboard
098-06	v07	assets/art/panels/098-06/v07-storyboard-svg.svg	storyboard-svg		1200	800	13145	2026-09-13T00:25:42+00:00	candidate		storyboard
098-06	v08	assets/art/panels/098-06/v08-storyboard-svg.svg	storyboard-svg		1200	800	13536	2026-09-13T01:34:49+00:00	candidate		storyboard
099-01	v01	assets/art/panels/099-01/v01-storyboard-svg.svg	storyboard-svg		1200	800	7169	2026-09-07T16:49:30+00:00	candidate		storyboard
099-01	v02	assets/art/panels/099-01/v02-storyboard-svg.svg	storyboard-svg		1200	800	7752	2026-09-07T16:55:50+00:00	candidate		storyboard
099-01	v03	assets/art/panels/099-01/v03-storyboard-svg.svg	storyboard-svg		1200	800	8085	2026-09-12T21:18:27+00:00	candidate		storyboard
099-01	v04	assets/art/panels/099-01/v04-storyboard-svg.svg	storyboard-svg		1200	800	8824	2026-09-12T22:35:06+00:00	candidate		storyboard
099-01	v05	assets/art/panels/099-01/v05-storyboard-svg.svg	storyboard-svg		1200	800	15969	2026-09-12T23:01:01+00:00	candidate		storyboard
099-01	v06	assets/art/panels/099-01/v06-storyboard-svg.svg	storyboard-svg		1200	800	16019	2026-09-12T23:55:11+00:00	candidate		storyboard
099-01	v07	assets/art/panels/099-01/v07-storyboard-svg.svg	storyboard-svg		1200	800	16591	2026-09-13T01:34:49+00:00	candidate		storyboard
099-02	v01	assets/art/panels/099-02/v01-storyboard-svg.svg	storyboard-svg		1200	800	5770	2026-09-07T16:49:30+00:00	candidate		storyboard
099-02	v02	assets/art/panels/099-02/v02-storyboard-svg.svg	storyboard-svg		1200	800	6607	2026-09-07T16:55:50+00:00	candidate		storyboard
099-02	v03	assets/art/panels/099-02/v03-storyboard-svg.svg	storyboard-svg		1200	800	7210	2026-09-12T21:18:27+00:00	candidate		storyboard
099-02	v04	assets/art/panels/099-02/v04-storyboard-svg.svg	storyboard-svg		1200	800	11433	2026-09-12T23:01:01+00:00	candidate		storyboard
099-02	v05	assets/art/panels/099-02/v05-storyboard-svg.svg	storyboard-svg		1200	800	11483	2026-09-12T23:55:11+00:00	candidate		storyboard
099-02	v06	assets/art/panels/099-02/v06-storyboard-svg.svg	storyboard-svg		1200	800	12620	2026-09-13T00:10:07+00:00	candidate		storyboard
099-02	v07	assets/art/panels/099-02/v07-storyboard-svg.svg	storyboard-svg		1200	800	16179	2026-09-13T00:25:42+00:00	candidate		storyboard
099-02	v08	assets/art/panels/099-02/v08-storyboard-svg.svg	storyboard-svg		1200	800	17384	2026-09-13T01:34:49+00:00	candidate		storyboard
099-03	v01	assets/art/panels/099-03/v01-storyboard-svg.svg	storyboard-svg		1200	800	5833	2026-09-07T16:49:30+00:00	candidate		storyboard
099-03	v02	assets/art/panels/099-03/v02-storyboard-svg.svg	storyboard-svg		1200	800	6122	2026-09-07T16:55:50+00:00	candidate		storyboard
099-03	v03	assets/art/panels/099-03/v03-storyboard-svg.svg	storyboard-svg		1200	800	6419	2026-09-12T21:18:27+00:00	candidate		storyboard
099-03	v04	assets/art/panels/099-03/v04-storyboard-svg.svg	storyboard-svg		1200	800	7158	2026-09-12T22:35:06+00:00	candidate		storyboard
099-03	v05	assets/art/panels/099-03/v05-storyboard-svg.svg	storyboard-svg		1200	800	13421	2026-09-12T23:01:01+00:00	candidate		storyboard
099-03	v06	assets/art/panels/099-03/v06-storyboard-svg.svg	storyboard-svg		1200	800	13471	2026-09-12T23:55:11+00:00	candidate		storyboard
099-03	v07	assets/art/panels/099-03/v07-storyboard-svg.svg	storyboard-svg		1200	800	13675	2026-09-13T01:34:49+00:00	candidate		storyboard
099-04	v01	assets/art/panels/099-04/v01-storyboard-svg.svg	storyboard-svg		1200	800	5112	2026-09-07T16:49:30+00:00	candidate		storyboard
099-04	v02	assets/art/panels/099-04/v02-storyboard-svg.svg	storyboard-svg		1200	800	5969	2026-09-07T16:55:51+00:00	candidate		storyboard
099-04	v03	assets/art/panels/099-04/v03-storyboard-svg.svg	storyboard-svg		1200	800	6348	2026-09-12T21:18:27+00:00	candidate		storyboard
099-04	v04	assets/art/panels/099-04/v04-storyboard-svg.svg	storyboard-svg		1200	800	9623	2026-09-12T23:01:01+00:00	candidate		storyboard
099-04	v05	assets/art/panels/099-04/v05-storyboard-svg.svg	storyboard-svg		1200	800	9673	2026-09-12T23:55:11+00:00	candidate		storyboard
099-04	v06	assets/art/panels/099-04/v06-storyboard-svg.svg	storyboard-svg		1200	800	10810	2026-09-13T00:10:07+00:00	candidate		storyboard
099-04	v07	assets/art/panels/099-04/v07-storyboard-svg.svg	storyboard-svg		1200	800	14369	2026-09-13T00:25:42+00:00	candidate		storyboard
099-04	v08	assets/art/panels/099-04/v08-storyboard-svg.svg	storyboard-svg		1200	800	15392	2026-09-13T01:34:49+00:00	candidate		storyboard
099-05	v01	assets/art/panels/099-05/v01-storyboard-svg.svg	storyboard-svg		1200	800	8254	2026-09-07T16:49:30+00:00	candidate		storyboard
099-05	v02	assets/art/panels/099-05/v02-storyboard-svg.svg	storyboard-svg		1200	800	9074	2026-09-07T16:55:51+00:00	candidate		storyboard
099-05	v03	assets/art/panels/099-05/v03-storyboard-svg.svg	storyboard-svg		1200	800	9431	2026-09-12T21:18:27+00:00	candidate		storyboard
099-05	v04	assets/art/panels/099-05/v04-storyboard-svg.svg	storyboard-svg		1200	800	19789	2026-09-12T23:01:01+00:00	candidate		storyboard
099-05	v05	assets/art/panels/099-05/v05-storyboard-svg.svg	storyboard-svg		1200	800	19839	2026-09-12T23:55:11+00:00	candidate		storyboard
099-05	v06	assets/art/panels/099-05/v06-storyboard-svg.svg	storyboard-svg		1200	800	20976	2026-09-13T00:10:07+00:00	candidate		storyboard
099-05	v07	assets/art/panels/099-05/v07-storyboard-svg.svg	storyboard-svg		1200	800	24535	2026-09-13T00:25:42+00:00	candidate		storyboard
099-05	v08	assets/art/panels/099-05/v08-storyboard-svg.svg	storyboard-svg		1200	800	25499	2026-09-13T01:34:49+00:00	candidate		storyboard
100-01	v01	assets/art/panels/100-01/v01-storyboard-svg.svg	storyboard-svg		1200	800	5175	2026-09-07T16:49:30+00:00	candidate		storyboard
100-01	v02	assets/art/panels/100-01/v02-storyboard-svg.svg	storyboard-svg		1200	800	5748	2026-09-07T16:55:51+00:00	candidate		storyboard
100-01	v03	assets/art/panels/100-01/v03-storyboard-svg.svg	storyboard-svg		1200	800	9008	2026-09-12T21:18:27+00:00	candidate		storyboard
100-01	v04	assets/art/panels/100-01/v04-storyboard-svg.svg	storyboard-svg		1200	800	17566	2026-09-12T23:01:01+00:00	candidate		storyboard
100-01	v05	assets/art/panels/100-01/v05-storyboard-svg.svg	storyboard-svg		1200	800	18179	2026-09-12T23:30:37+00:00	candidate		storyboard
100-01	v06	assets/art/panels/100-01/v06-storyboard-svg.svg	storyboard-svg		1200	800	18229	2026-09-12T23:55:11+00:00	candidate		storyboard
100-01	v07	assets/art/panels/100-01/v07-storyboard-svg.svg	storyboard-svg		1200	800	19366	2026-09-13T00:10:07+00:00	candidate		storyboard
100-01	v08	assets/art/panels/100-01/v08-storyboard-svg.svg	storyboard-svg		1200	800	22925	2026-09-13T00:25:42+00:00	candidate		storyboard
100-01	v09	assets/art/panels/100-01/v09-storyboard-svg.svg	storyboard-svg		1200	800	23678	2026-09-13T01:34:49+00:00	candidate		storyboard
100-02	v01	assets/art/panels/100-02/v01-storyboard-svg.svg	storyboard-svg		1200	800	5909	2026-09-07T16:49:30+00:00	candidate		storyboard
100-02	v02	assets/art/panels/100-02/v02-storyboard-svg.svg	storyboard-svg		1200	800	6462	2026-09-07T16:55:51+00:00	candidate		storyboard
100-02	v03	assets/art/panels/100-02/v03-storyboard-svg.svg	storyboard-svg		1200	800	6870	2026-09-12T21:18:27+00:00	candidate		storyboard
100-02	v04	assets/art/panels/100-02/v04-storyboard-svg.svg	storyboard-svg		1200	800	13071	2026-09-12T23:01:01+00:00	candidate		storyboard
100-02	v05	assets/art/panels/100-02/v05-storyboard-svg.svg	storyboard-svg		1200	800	13121	2026-09-12T23:55:11+00:00	candidate		storyboard
100-02	v06	assets/art/panels/100-02/v06-storyboard-svg.svg	storyboard-svg		1200	800	14258	2026-09-13T00:10:07+00:00	candidate		storyboard
100-02	v07	assets/art/panels/100-02/v07-storyboard-svg.svg	storyboard-svg		1200	800	17817	2026-09-13T00:25:42+00:00	candidate		storyboard
100-02	v08	assets/art/panels/100-02/v08-storyboard-svg.svg	storyboard-svg		1200	800	18572	2026-09-13T01:34:49+00:00	candidate		storyboard
100-03	v01	assets/art/panels/100-03/v01-storyboard-svg.svg	storyboard-svg		1200	800	5010	2026-09-07T16:49:31+00:00	candidate		storyboard
100-03	v02	assets/art/panels/100-03/v02-storyboard-svg.svg	storyboard-svg		1200	800	5529	2026-09-07T16:55:51+00:00	candidate		storyboard
100-03	v03	assets/art/panels/100-03/v03-storyboard-svg.svg	storyboard-svg		1200	800	6384	2026-09-12T21:18:27+00:00	candidate		storyboard
100-03	v04	assets/art/panels/100-03/v04-storyboard-svg.svg	storyboard-svg		1200	800	6693	2026-09-12T23:01:01+00:00	candidate		storyboard
100-03	v05	assets/art/panels/100-03/v05-storyboard-svg.svg	storyboard-svg		1200	800	6743	2026-09-12T23:55:11+00:00	candidate		storyboard
100-03	v06	assets/art/panels/100-03/v06-storyboard-svg.svg	storyboard-svg		1200	800	7880	2026-09-13T00:10:07+00:00	candidate		storyboard
100-03	v07	assets/art/panels/100-03/v07-storyboard-svg.svg	storyboard-svg		1200	800	11439	2026-09-13T00:25:42+00:00	candidate		storyboard
100-03	v08	assets/art/panels/100-03/v08-storyboard-svg.svg	storyboard-svg		1200	800	12192	2026-09-13T01:34:49+00:00	candidate		storyboard
100-04	v01	assets/art/panels/100-04/v01-storyboard-svg.svg	storyboard-svg		1200	800	6316	2026-09-07T16:49:31+00:00	candidate		storyboard
100-04	v02	assets/art/panels/100-04/v02-storyboard-svg.svg	storyboard-svg		1200	800	7151	2026-09-07T16:55:51+00:00	candidate		storyboard
100-04	v03	assets/art/panels/100-04/v03-storyboard-svg.svg	storyboard-svg		1200	800	8745	2026-09-12T21:18:27+00:00	candidate		storyboard
100-04	v04	assets/art/panels/100-04/v04-storyboard-svg.svg	storyboard-svg		1200	800	13533	2026-09-12T23:01:01+00:00	candidate		storyboard
100-04	v05	assets/art/panels/100-04/v05-storyboard-svg.svg	storyboard-svg		1200	800	13583	2026-09-12T23:55:11+00:00	candidate		storyboard
100-04	v06	assets/art/panels/100-04/v06-storyboard-svg.svg	storyboard-svg		1200	800	14720	2026-09-13T00:10:07+00:00	candidate		storyboard
100-04	v07	assets/art/panels/100-04/v07-storyboard-svg.svg	storyboard-svg		1200	800	18279	2026-09-13T00:25:42+00:00	candidate		storyboard
100-04	v08	assets/art/panels/100-04/v08-storyboard-svg.svg	storyboard-svg		1200	800	19567	2026-09-13T01:34:49+00:00	candidate		storyboard
100-05	v01	assets/art/panels/100-05/v01-storyboard-svg.svg	storyboard-svg		1200	800	7288	2026-09-07T16:49:31+00:00	candidate		storyboard
100-05	v02	assets/art/panels/100-05/v02-storyboard-svg.svg	storyboard-svg		1200	800	7846	2026-09-07T16:55:51+00:00	candidate		storyboard
100-05	v03	assets/art/panels/100-05/v03-storyboard-svg.svg	storyboard-svg		1200	800	8152	2026-09-12T21:18:27+00:00	candidate		storyboard
100-05	v04	assets/art/panels/100-05/v04-storyboard-svg.svg	storyboard-svg		1200	800	12754	2026-09-12T23:01:01+00:00	candidate		storyboard
100-05	v05	assets/art/panels/100-05/v05-storyboard-svg.svg	storyboard-svg		1200	800	12804	2026-09-12T23:55:11+00:00	candidate		storyboard
100-05	v06	assets/art/panels/100-05/v06-storyboard-svg.svg	storyboard-svg		1200	800	13941	2026-09-13T00:10:07+00:00	candidate		storyboard
100-05	v07	assets/art/panels/100-05/v07-storyboard-svg.svg	storyboard-svg		1200	800	17500	2026-09-13T00:25:42+00:00	candidate		storyboard
100-05	v08	assets/art/panels/100-05/v08-storyboard-svg.svg	storyboard-svg		1200	800	18256	2026-09-13T01:34:49+00:00	candidate		storyboard
100-06	v01	assets/art/panels/100-06/v01-storyboard-svg.svg	storyboard-svg		1200	800	5590	2026-09-07T16:49:31+00:00	candidate		storyboard
100-06	v02	assets/art/panels/100-06/v02-storyboard-svg.svg	storyboard-svg		1200	800	6447	2026-09-07T16:55:52+00:00	candidate		storyboard
100-06	v03	assets/art/panels/100-06/v03-storyboard-svg.svg	storyboard-svg		1200	800	6906	2026-09-12T21:18:27+00:00	candidate		storyboard
100-06	v04	assets/art/panels/100-06/v04-storyboard-svg.svg	storyboard-svg		1200	800	10859	2026-09-12T23:01:01+00:00	candidate		storyboard
100-06	v05	assets/art/panels/100-06/v05-storyboard-svg.svg	storyboard-svg		1200	800	10909	2026-09-12T23:55:11+00:00	candidate		storyboard
100-06	v06	assets/art/panels/100-06/v06-storyboard-svg.svg	storyboard-svg		1200	800	12046	2026-09-13T00:10:07+00:00	candidate		storyboard
100-06	v07	assets/art/panels/100-06/v07-storyboard-svg.svg	storyboard-svg		1200	800	15605	2026-09-13T00:25:42+00:00	candidate		storyboard
100-06	v08	assets/art/panels/100-06/v08-storyboard-svg.svg	storyboard-svg		1200	800	16761	2026-09-13T01:34:49+00:00	candidate		storyboard
101-01	v01	assets/art/panels/101-01/v01-storyboard-svg.svg	storyboard-svg		1200	800	8017	2026-09-07T16:49:31+00:00	candidate		storyboard
101-01	v02	assets/art/panels/101-01/v02-storyboard-svg.svg	storyboard-svg		1200	800	8242	2026-09-07T16:55:52+00:00	candidate		storyboard
101-01	v03	assets/art/panels/101-01/v03-storyboard-svg.svg	storyboard-svg		1200	800	8617	2026-09-12T21:18:27+00:00	candidate		storyboard
101-01	v04	assets/art/panels/101-01/v04-storyboard-svg.svg	storyboard-svg		1200	800	9356	2026-09-12T22:35:06+00:00	candidate		storyboard
101-01	v05	assets/art/panels/101-01/v05-storyboard-svg.svg	storyboard-svg		1200	800	16663	2026-09-12T23:01:01+00:00	candidate		storyboard
101-01	v06	assets/art/panels/101-01/v06-storyboard-svg.svg	storyboard-svg		1200	800	16713	2026-09-12T23:55:11+00:00	candidate		storyboard
101-01	v07	assets/art/panels/101-01/v07-storyboard-svg.svg	storyboard-svg		1200	800	16942	2026-09-13T01:34:49+00:00	candidate		storyboard
101-02	v01	assets/art/panels/101-02/v01-storyboard-svg.svg	storyboard-svg		1200	800	3363	2026-09-07T16:49:31+00:00	candidate		storyboard
101-02	v02	assets/art/panels/101-02/v02-storyboard-svg.svg	storyboard-svg		1200	800	3492	2026-09-07T16:55:52+00:00	candidate		storyboard
101-02	v03	assets/art/panels/101-02/v03-storyboard-svg.svg	storyboard-svg		1200	800	3610	2026-09-12T20:10:17+00:00	candidate		storyboard
101-02	v04	assets/art/panels/101-02/v04-storyboard-svg.svg	storyboard-svg		1200	800	3608	2026-09-12T20:13:58+00:00	candidate		storyboard
101-02	v05	assets/art/panels/101-02/v05-storyboard-svg.svg	storyboard-svg		1200	800	3824	2026-09-12T21:18:27+00:00	candidate		storyboard
101-02	v06	assets/art/panels/101-02/v06-storyboard-svg.svg	storyboard-svg		1200	800	5325	2026-09-12T23:01:01+00:00	candidate		storyboard
101-02	v07	assets/art/panels/101-02/v07-storyboard-svg.svg	storyboard-svg		1200	800	5375	2026-09-12T23:55:11+00:00	candidate		storyboard
101-02	v08	assets/art/panels/101-02/v08-storyboard-svg.svg	storyboard-svg		1200	800	6512	2026-09-13T00:10:07+00:00	candidate		storyboard
101-02	v09	assets/art/panels/101-02/v09-storyboard-svg.svg	storyboard-svg		1200	800	10071	2026-09-13T00:25:42+00:00	candidate		storyboard
101-02	v10	assets/art/panels/101-02/v10-storyboard-svg.svg	storyboard-svg		1200	800	10279	2026-09-13T01:34:49+00:00	candidate		storyboard
101-03	v01	assets/art/panels/101-03/v01-storyboard-svg.svg	storyboard-svg		1200	800	4134	2026-09-07T16:49:31+00:00	candidate		storyboard
101-03	v02	assets/art/panels/101-03/v02-storyboard-svg.svg	storyboard-svg		1200	800	4384	2026-09-07T16:55:52+00:00	candidate		storyboard
101-03	v03	assets/art/panels/101-03/v03-storyboard-svg.svg	storyboard-svg		1200	800	4502	2026-09-12T20:10:17+00:00	candidate		storyboard
101-03	v04	assets/art/panels/101-03/v04-storyboard-svg.svg	storyboard-svg		1200	800	4500	2026-09-12T20:13:58+00:00	candidate		storyboard
101-03	v05	assets/art/panels/101-03/v05-storyboard-svg.svg	storyboard-svg		1200	800	4738	2026-09-12T21:18:27+00:00	candidate		storyboard
101-03	v06	assets/art/panels/101-03/v06-storyboard-svg.svg	storyboard-svg		1200	800	8142	2026-09-12T23:01:01+00:00	candidate		storyboard
101-03	v07	assets/art/panels/101-03/v07-storyboard-svg.svg	storyboard-svg		1200	800	8192	2026-09-12T23:55:11+00:00	candidate		storyboard
101-03	v08	assets/art/panels/101-03/v08-storyboard-svg.svg	storyboard-svg		1200	800	9329	2026-09-13T00:10:07+00:00	candidate		storyboard
101-03	v09	assets/art/panels/101-03/v09-storyboard-svg.svg	storyboard-svg		1200	800	12888	2026-09-13T00:25:42+00:00	candidate		storyboard
101-03	v10	assets/art/panels/101-03/v10-storyboard-svg.svg	storyboard-svg		1200	800	13277	2026-09-13T01:34:49+00:00	candidate		storyboard
101-04	v01	assets/art/panels/101-04/v01-storyboard-svg.svg	storyboard-svg		1200	800	6210	2026-09-07T16:49:31+00:00	candidate		storyboard
101-04	v02	assets/art/panels/101-04/v02-storyboard-svg.svg	storyboard-svg		1200	800	6980	2026-09-07T16:55:52+00:00	candidate		storyboard
101-04	v03	assets/art/panels/101-04/v03-storyboard-svg.svg	storyboard-svg		1200	800	7098	2026-09-12T20:10:17+00:00	candidate		storyboard
101-04	v04	assets/art/panels/101-04/v04-storyboard-svg.svg	storyboard-svg		1200	800	7096	2026-09-12T20:13:58+00:00	candidate		storyboard
101-04	v05	assets/art/panels/101-04/v05-storyboard-svg.svg	storyboard-svg		1200	800	11617	2026-09-12T21:18:27+00:00	candidate		storyboard
101-04	v06	assets/art/panels/101-04/v06-storyboard-svg.svg	storyboard-svg		1200	800	16444	2026-09-12T23:01:01+00:00	candidate		storyboard
101-04	v07	assets/art/panels/101-04/v07-storyboard-svg.svg	storyboard-svg		1200	800	16494	2026-09-12T23:55:11+00:00	candidate		storyboard
101-04	v08	assets/art/panels/101-04/v08-storyboard-svg.svg	storyboard-svg		1200	800	17631	2026-09-13T00:10:07+00:00	candidate		storyboard
101-04	v09	assets/art/panels/101-04/v09-storyboard-svg.svg	storyboard-svg		1200	800	21190	2026-09-13T00:25:42+00:00	candidate		storyboard
101-04	v10	assets/art/panels/101-04/v10-storyboard-svg.svg	storyboard-svg		1200	800	22308	2026-09-13T01:34:49+00:00	candidate		storyboard
101-05	v01	assets/art/panels/101-05/v01-storyboard-svg.svg	storyboard-svg		1200	800	6121	2026-09-07T16:49:31+00:00	candidate		storyboard
101-05	v02	assets/art/panels/101-05/v02-storyboard-svg.svg	storyboard-svg		1200	800	7067	2026-09-07T16:55:52+00:00	candidate		storyboard
101-05	v03	assets/art/panels/101-05/v03-storyboard-svg.svg	storyboard-svg		1200	800	7200	2026-09-12T21:18:27+00:00	candidate		storyboard
101-05	v04	assets/art/panels/101-05/v04-storyboard-svg.svg	storyboard-svg		1200	800	13252	2026-09-12T23:01:01+00:00	candidate		storyboard
101-05	v05	assets/art/panels/101-05/v05-storyboard-svg.svg	storyboard-svg		1200	800	13302	2026-09-12T23:55:11+00:00	candidate		storyboard
101-05	v06	assets/art/panels/101-05/v06-storyboard-svg.svg	storyboard-svg		1200	800	14439	2026-09-13T00:10:07+00:00	candidate		storyboard
101-05	v07	assets/art/panels/101-05/v07-storyboard-svg.svg	storyboard-svg		1200	800	17998	2026-09-13T00:25:42+00:00	candidate		storyboard
101-05	v08	assets/art/panels/101-05/v08-storyboard-svg.svg	storyboard-svg		1200	800	18755	2026-09-13T01:34:49+00:00	candidate		storyboard
101-06	v01	assets/art/panels/101-06/v01-storyboard-svg.svg	storyboard-svg		1200	800	2770	2026-09-07T16:49:31+00:00	candidate		storyboard
101-06	v02	assets/art/panels/101-06/v02-storyboard-svg.svg	storyboard-svg		1200	800	3065	2026-09-12T21:18:27+00:00	candidate		storyboard
101-06	v03	assets/art/panels/101-06/v03-storyboard-svg.svg	storyboard-svg		1200	800	4286	2026-09-12T23:01:01+00:00	candidate		storyboard
101-06	v04	assets/art/panels/101-06/v04-storyboard-svg.svg	storyboard-svg		1200	800	4336	2026-09-12T23:55:11+00:00	candidate		storyboard
101-06	v05	assets/art/panels/101-06/v05-storyboard-svg.svg	storyboard-svg		1200	800	4357	2026-09-13T01:34:49+00:00	candidate		storyboard
102-01	v01	assets/art/panels/102-01/v01-storyboard-svg.svg	storyboard-svg		1200	800	5879	2026-09-07T16:49:31+00:00	candidate		storyboard
102-01	v02	assets/art/panels/102-01/v02-storyboard-svg.svg	storyboard-svg		1200	800	6168	2026-09-07T16:55:52+00:00	candidate		storyboard
102-01	v03	assets/art/panels/102-01/v03-storyboard-svg.svg	storyboard-svg		1200	800	6573	2026-09-12T21:18:27+00:00	candidate		storyboard
102-01	v04	assets/art/panels/102-01/v04-storyboard-svg.svg	storyboard-svg		1200	800	7312	2026-09-12T22:35:06+00:00	candidate		storyboard
102-01	v05	assets/art/panels/102-01/v05-storyboard-svg.svg	storyboard-svg		1200	800	13493	2026-09-12T23:01:01+00:00	candidate		storyboard
102-01	v06	assets/art/panels/102-01/v06-storyboard-svg.svg	storyboard-svg		1200	800	13543	2026-09-12T23:55:11+00:00	candidate		storyboard
102-01	v07	assets/art/panels/102-01/v07-storyboard-svg.svg	storyboard-svg		1200	800	13747	2026-09-13T01:34:49+00:00	candidate		storyboard
102-02	v01	assets/art/panels/102-02/v01-storyboard-svg.svg	storyboard-svg		1200	800	5839	2026-09-07T16:49:31+00:00	candidate		storyboard
102-02	v02	assets/art/panels/102-02/v02-storyboard-svg.svg	storyboard-svg		1200	800	6128	2026-09-07T16:55:53+00:00	candidate		storyboard
102-02	v03	assets/art/panels/102-02/v03-storyboard-svg.svg	storyboard-svg		1200	800	6498	2026-09-12T21:18:27+00:00	candidate		storyboard
102-02	v04	assets/art/panels/102-02/v04-storyboard-svg.svg	storyboard-svg		1200	800	7237	2026-09-12T22:35:06+00:00	candidate		storyboard
102-02	v05	assets/art/panels/102-02/v05-storyboard-svg.svg	storyboard-svg		1200	800	13418	2026-09-12T23:01:01+00:00	candidate		storyboard
102-02	v06	assets/art/panels/102-02/v06-storyboard-svg.svg	storyboard-svg		1200	800	13468	2026-09-12T23:55:11+00:00	candidate		storyboard
102-02	v07	assets/art/panels/102-02/v07-storyboard-svg.svg	storyboard-svg		1200	800	13671	2026-09-13T01:34:49+00:00	candidate		storyboard
102-03	v01	assets/art/panels/102-03/v01-storyboard-svg.svg	storyboard-svg		1200	800	5826	2026-09-07T16:49:32+00:00	candidate		storyboard
102-03	v02	assets/art/panels/102-03/v02-storyboard-svg.svg	storyboard-svg		1200	800	6115	2026-09-07T16:55:53+00:00	candidate		storyboard
102-03	v03	assets/art/panels/102-03/v03-storyboard-svg.svg	storyboard-svg		1200	800	6483	2026-09-12T21:18:27+00:00	candidate		storyboard
102-03	v04	assets/art/panels/102-03/v04-storyboard-svg.svg	storyboard-svg		1200	800	7222	2026-09-12T22:35:06+00:00	candidate		storyboard
102-03	v05	assets/art/panels/102-03/v05-storyboard-svg.svg	storyboard-svg		1200	800	13403	2026-09-12T23:01:01+00:00	candidate		storyboard
102-03	v06	assets/art/panels/102-03/v06-storyboard-svg.svg	storyboard-svg		1200	800	13453	2026-09-12T23:55:11+00:00	candidate		storyboard
102-03	v07	assets/art/panels/102-03/v07-storyboard-svg.svg	storyboard-svg		1200	800	13657	2026-09-13T01:34:49+00:00	candidate		storyboard
102-04	v01	assets/art/panels/102-04/v01-storyboard-svg.svg	storyboard-svg		1200	800	5846	2026-09-07T16:49:32+00:00	candidate		storyboard
102-04	v02	assets/art/panels/102-04/v02-storyboard-svg.svg	storyboard-svg		1200	800	6135	2026-09-07T16:55:53+00:00	candidate		storyboard
102-04	v03	assets/art/panels/102-04/v03-storyboard-svg.svg	storyboard-svg		1200	800	6508	2026-09-12T21:18:27+00:00	candidate		storyboard
102-04	v04	assets/art/panels/102-04/v04-storyboard-svg.svg	storyboard-svg		1200	800	7247	2026-09-12T22:35:06+00:00	candidate		storyboard
102-04	v05	assets/art/panels/102-04/v05-storyboard-svg.svg	storyboard-svg		1200	800	13428	2026-09-12T23:01:01+00:00	candidate		storyboard
102-04	v06	assets/art/panels/102-04/v06-storyboard-svg.svg	storyboard-svg		1200	800	13478	2026-09-12T23:55:11+00:00	candidate		storyboard
102-04	v07	assets/art/panels/102-04/v07-storyboard-svg.svg	storyboard-svg		1200	800	13682	2026-09-13T01:34:49+00:00	candidate		storyboard
102-05	v01	assets/art/panels/102-05/v01-storyboard-svg.svg	storyboard-svg		1200	800	4859	2026-09-07T16:49:32+00:00	candidate		storyboard
102-05	v02	assets/art/panels/102-05/v02-storyboard-svg.svg	storyboard-svg		1200	800	5716	2026-09-07T16:55:53+00:00	candidate		storyboard
102-05	v03	assets/art/panels/102-05/v03-storyboard-svg.svg	storyboard-svg		1200	800	6028	2026-09-12T21:18:27+00:00	candidate		storyboard
102-05	v04	assets/art/panels/102-05/v04-storyboard-svg.svg	storyboard-svg		1200	800	8907	2026-09-12T23:01:01+00:00	candidate		storyboard
102-05	v05	assets/art/panels/102-05/v05-storyboard-svg.svg	storyboard-svg		1200	800	8957	2026-09-12T23:55:11+00:00	candidate		storyboard
102-05	v06	assets/art/panels/102-05/v06-storyboard-svg.svg	storyboard-svg		1200	800	10094	2026-09-13T00:10:07+00:00	candidate		storyboard
102-05	v07	assets/art/panels/102-05/v07-storyboard-svg.svg	storyboard-svg		1200	800	13653	2026-09-13T00:25:42+00:00	candidate		storyboard
102-05	v08	assets/art/panels/102-05/v08-storyboard-svg.svg	storyboard-svg		1200	800	14676	2026-09-13T01:34:49+00:00	candidate		storyboard
103-01	v01	assets/art/panels/103-01/v01-storyboard-svg.svg	storyboard-svg		1200	800	9552	2026-09-07T16:49:32+00:00	candidate		storyboard
103-01	v02	assets/art/panels/103-01/v02-storyboard-svg.svg	storyboard-svg		1200	800	10105	2026-09-07T16:55:53+00:00	candidate		storyboard
103-01	v03	assets/art/panels/103-01/v03-storyboard-svg.svg	storyboard-svg		1200	800	10522	2026-09-12T21:18:27+00:00	candidate		storyboard
103-01	v04	assets/art/panels/103-01/v04-storyboard-svg.svg	storyboard-svg		1200	800	20534	2026-09-12T23:01:01+00:00	candidate		storyboard
103-01	v05	assets/art/panels/103-01/v05-storyboard-svg.svg	storyboard-svg		1200	800	20580	2026-09-12T23:55:11+00:00	candidate		storyboard
103-01	v06	assets/art/panels/103-01/v06-storyboard-svg.svg	storyboard-svg		1200	800	21647	2026-09-13T00:10:07+00:00	candidate		storyboard
103-01	v07	assets/art/panels/103-01/v07-storyboard-svg.svg	storyboard-svg		1200	800	24790	2026-09-13T00:25:42+00:00	candidate		storyboard
103-01	v08	assets/art/panels/103-01/v08-storyboard-svg.svg	storyboard-svg		1200	800	25633	2026-09-13T01:34:49+00:00	candidate		storyboard
103-02	v01	assets/art/panels/103-02/v01-storyboard-svg.svg	storyboard-svg		1200	800	7006	2026-09-07T16:49:32+00:00	candidate		storyboard
103-02	v02	assets/art/panels/103-02/v02-storyboard-svg.svg	storyboard-svg		1200	800	7658	2026-09-07T16:55:53+00:00	candidate		storyboard
103-02	v03	assets/art/panels/103-02/v03-storyboard-svg.svg	storyboard-svg		1200	800	8160	2026-09-12T21:18:27+00:00	candidate		storyboard
103-02	v04	assets/art/panels/103-02/v04-storyboard-svg.svg	storyboard-svg		1200	800	19233	2026-09-12T23:01:01+00:00	candidate		storyboard
103-02	v05	assets/art/panels/103-02/v05-storyboard-svg.svg	storyboard-svg		1200	800	20571	2026-09-12T23:15:36+00:00	candidate		storyboard
103-02	v06	assets/art/panels/103-02/v06-storyboard-svg.svg	storyboard-svg		1200	800	20567	2026-09-12T23:17:50+00:00	candidate		storyboard
103-02	v07	assets/art/panels/103-02/v07-storyboard-svg.svg	storyboard-svg		1200	800	20950	2026-09-12T23:30:37+00:00	candidate		storyboard
103-02	v08	assets/art/panels/103-02/v08-storyboard-svg.svg	storyboard-svg		1200	800	21000	2026-09-12T23:55:11+00:00	candidate		storyboard
103-02	v09	assets/art/panels/103-02/v09-storyboard-svg.svg	storyboard-svg		1200	800	22149	2026-09-13T00:10:07+00:00	candidate		storyboard
103-02	v10	assets/art/panels/103-02/v10-storyboard-svg.svg	storyboard-svg		1200	800	25360	2026-09-13T00:25:42+00:00	candidate		storyboard
103-02	v11	assets/art/panels/103-02/v11-storyboard-svg.svg	storyboard-svg		1200	800	26297	2026-09-13T01:34:49+00:00	candidate		storyboard
103-03	v01	assets/art/panels/103-03/v01-storyboard-svg.svg	storyboard-svg		1200	800	6185	2026-09-07T16:49:32+00:00	candidate		storyboard
103-03	v02	assets/art/panels/103-03/v02-storyboard-svg.svg	storyboard-svg		1200	800	6738	2026-09-07T16:55:53+00:00	candidate		storyboard
103-03	v03	assets/art/panels/103-03/v03-storyboard-svg.svg	storyboard-svg		1200	800	7094	2026-09-12T21:18:27+00:00	candidate		storyboard
103-03	v04	assets/art/panels/103-03/v04-storyboard-svg.svg	storyboard-svg		1200	800	15730	2026-09-12T23:01:01+00:00	candidate		storyboard
103-03	v05	assets/art/panels/103-03/v05-storyboard-svg.svg	storyboard-svg		1200	800	15773	2026-09-12T23:55:11+00:00	candidate		storyboard
103-03	v06	assets/art/panels/103-03/v06-storyboard-svg.svg	storyboard-svg		1200	800	16836	2026-09-13T00:10:07+00:00	candidate		storyboard
103-03	v07	assets/art/panels/103-03/v07-storyboard-svg.svg	storyboard-svg		1200	800	20347	2026-09-13T00:25:42+00:00	candidate		storyboard
103-03	v08	assets/art/panels/103-03/v08-storyboard-svg.svg	storyboard-svg		1200	800	21103	2026-09-13T01:34:49+00:00	candidate		storyboard
103-04	v01	assets/art/panels/103-04/v01-storyboard-svg.svg	storyboard-svg		1200	800	4861	2026-09-07T16:49:32+00:00	candidate		storyboard
103-04	v02	assets/art/panels/103-04/v02-storyboard-svg.svg	storyboard-svg		1200	800	5275	2026-09-07T16:55:54+00:00	candidate		storyboard
103-04	v03	assets/art/panels/103-04/v03-storyboard-svg.svg	storyboard-svg		1200	800	5624	2026-09-12T21:18:27+00:00	candidate		storyboard
103-04	v04	assets/art/panels/103-04/v04-storyboard-svg.svg	storyboard-svg		1200	800	13003	2026-09-12T23:01:01+00:00	candidate		storyboard
103-04	v05	assets/art/panels/103-04/v05-storyboard-svg.svg	storyboard-svg		1200	800	13040	2026-09-12T23:55:11+00:00	candidate		storyboard
103-04	v06	assets/art/panels/103-04/v06-storyboard-svg.svg	storyboard-svg		1200	800	14119	2026-09-13T00:10:07+00:00	candidate		storyboard
103-04	v07	assets/art/panels/103-04/v07-storyboard-svg.svg	storyboard-svg		1200	800	17381	2026-09-13T00:25:42+00:00	candidate		storyboard
103-04	v08	assets/art/panels/103-04/v08-storyboard-svg.svg	storyboard-svg		1200	800	17954	2026-09-13T01:34:49+00:00	candidate		storyboard
103-05	v01	assets/art/panels/103-05/v01-storyboard-svg.svg	storyboard-svg		1200	800	8192	2026-09-07T16:49:32+00:00	candidate		storyboard
103-05	v02	assets/art/panels/103-05/v02-storyboard-svg.svg	storyboard-svg		1200	800	8560	2026-09-07T16:55:54+00:00	candidate		storyboard
103-05	v03	assets/art/panels/103-05/v03-storyboard-svg.svg	storyboard-svg		1200	800	8942	2026-09-12T21:18:27+00:00	candidate		storyboard
103-05	v04	assets/art/panels/103-05/v04-storyboard-svg.svg	storyboard-svg		1200	800	15543	2026-09-12T23:01:01+00:00	candidate		storyboard
103-05	v05	assets/art/panels/103-05/v05-storyboard-svg.svg	storyboard-svg		1200	800	15682	2026-09-12T23:55:11+00:00	candidate		storyboard
103-05	v06	assets/art/panels/103-05/v06-storyboard-svg.svg	storyboard-svg		1200	800	20073	2026-09-13T00:10:07+00:00	candidate		storyboard
103-05	v07	assets/art/panels/103-05/v07-storyboard-svg.svg	storyboard-svg		1200	800	33194	2026-09-13T00:25:42+00:00	candidate		storyboard
103-05	v08	assets/art/panels/103-05/v08-storyboard-svg.svg	storyboard-svg		1200	800	33767	2026-09-13T01:34:49+00:00	candidate		storyboard
104-01	v01	assets/art/panels/104-01/v01-storyboard-svg.svg	storyboard-svg		1200	800	6916	2026-09-07T16:49:32+00:00	candidate		storyboard
104-01	v02	assets/art/panels/104-01/v02-storyboard-svg.svg	storyboard-svg		1200	800	7670	2026-09-07T16:55:54+00:00	candidate		storyboard
104-01	v03	assets/art/panels/104-01/v03-storyboard-svg.svg	storyboard-svg		1200	800	8096	2026-09-12T21:18:27+00:00	candidate		storyboard
104-01	v04	assets/art/panels/104-01/v04-storyboard-svg.svg	storyboard-svg		1200	800	18270	2026-09-12T23:01:01+00:00	candidate		storyboard
104-01	v05	assets/art/panels/104-01/v05-storyboard-svg.svg	storyboard-svg		1200	800	18403	2026-09-12T23:55:11+00:00	candidate		storyboard
104-01	v06	assets/art/panels/104-01/v06-storyboard-svg.svg	storyboard-svg		1200	800	23006	2026-09-13T00:10:07+00:00	candidate		storyboard
104-01	v07	assets/art/panels/104-01/v07-storyboard-svg.svg	storyboard-svg		1200	800	36942	2026-09-13T00:25:42+00:00	candidate		storyboard
104-01	v08	assets/art/panels/104-01/v08-storyboard-svg.svg	storyboard-svg		1200	800	38014	2026-09-13T01:34:49+00:00	candidate		storyboard
104-02	v01	assets/art/panels/104-02/v01-storyboard-svg.svg	storyboard-svg		1200	800	5331	2026-09-07T16:49:32+00:00	candidate		storyboard
104-02	v02	assets/art/panels/104-02/v02-storyboard-svg.svg	storyboard-svg		1200	800	5871	2026-09-07T16:55:54+00:00	candidate		storyboard
104-02	v03	assets/art/panels/104-02/v03-storyboard-svg.svg	storyboard-svg		1200	800	6392	2026-09-12T21:18:27+00:00	candidate		storyboard
104-02	v04	assets/art/panels/104-02/v04-storyboard-svg.svg	storyboard-svg		1200	800	12648	2026-09-12T23:01:01+00:00	candidate		storyboard
104-02	v05	assets/art/panels/104-02/v05-storyboard-svg.svg	storyboard-svg		1200	800	12448	2026-09-12T23:15:36+00:00	candidate		storyboard
104-02	v06	assets/art/panels/104-02/v06-storyboard-svg.svg	storyboard-svg		1200	800	12444	2026-09-12T23:17:50+00:00	candidate		storyboard
104-02	v07	assets/art/panels/104-02/v07-storyboard-svg.svg	storyboard-svg		1200	800	12827	2026-09-12T23:30:37+00:00	candidate		storyboard
104-02	v08	assets/art/panels/104-02/v08-storyboard-svg.svg	storyboard-svg		1200	800	12960	2026-09-12T23:55:11+00:00	candidate		storyboard
104-02	v09	assets/art/panels/104-02/v09-storyboard-svg.svg	storyboard-svg		1200	800	17563	2026-09-13T00:10:07+00:00	candidate		storyboard
104-02	v10	assets/art/panels/104-02/v10-storyboard-svg.svg	storyboard-svg		1200	800	31499	2026-09-13T00:25:42+00:00	candidate		storyboard
104-02	v11	assets/art/panels/104-02/v11-storyboard-svg.svg	storyboard-svg		1200	800	32070	2026-09-13T01:34:49+00:00	candidate		storyboard
104-03	v01	assets/art/panels/104-03/v01-storyboard-svg.svg	storyboard-svg		1200	800	4161	2026-09-07T16:49:32+00:00	candidate		storyboard
104-03	v02	assets/art/panels/104-03/v02-storyboard-svg.svg	storyboard-svg		1200	800	4407	2026-09-07T16:55:54+00:00	candidate		storyboard
104-03	v03	assets/art/panels/104-03/v03-storyboard-svg.svg	storyboard-svg		1200	800	4799	2026-09-12T21:18:27+00:00	candidate		storyboard
104-03	v04	assets/art/panels/104-03/v04-storyboard-svg.svg	storyboard-svg		1200	800	9259	2026-09-12T23:01:01+00:00	candidate		storyboard
104-03	v05	assets/art/panels/104-03/v05-storyboard-svg.svg	storyboard-svg		1200	800	9393	2026-09-12T23:55:11+00:00	candidate		storyboard
104-03	v06	assets/art/panels/104-03/v06-storyboard-svg.svg	storyboard-svg		1200	800	9784	2026-09-13T01:34:49+00:00	candidate		storyboard
104-04	v01	assets/art/panels/104-04/v01-storyboard-svg.svg	storyboard-svg		1200	800	1891	2026-09-07T16:49:33+00:00	candidate		storyboard
104-04	v02	assets/art/panels/104-04/v02-storyboard-svg.svg	storyboard-svg		1200	800	2194	2026-09-12T21:18:27+00:00	candidate		storyboard
104-04	v03	assets/art/panels/104-04/v03-storyboard-svg.svg	storyboard-svg		1200	800	2327	2026-09-12T23:55:11+00:00	candidate		storyboard
104-04	v04	assets/art/panels/104-04/v04-storyboard-svg.svg	storyboard-svg		1200	800	2377	2026-09-13T01:34:49+00:00	candidate		storyboard
104-05	v01	assets/art/panels/104-05/v01-storyboard-svg.svg	storyboard-svg		1200	800	6784	2026-09-07T16:49:33+00:00	candidate		storyboard
104-05	v02	assets/art/panels/104-05/v02-storyboard-svg.svg	storyboard-svg		1200	800	7094	2026-09-07T16:55:54+00:00	candidate		storyboard
104-05	v03	assets/art/panels/104-05/v03-storyboard-svg.svg	storyboard-svg		1200	800	7508	2026-09-12T21:18:27+00:00	candidate		storyboard
104-05	v04	assets/art/panels/104-05/v04-storyboard-svg.svg	storyboard-svg		1200	800	8070	2026-09-12T22:35:06+00:00	candidate		storyboard
104-05	v05	assets/art/panels/104-05/v05-storyboard-svg.svg	storyboard-svg		1200	800	14973	2026-09-12T23:01:01+00:00	candidate		storyboard
104-05	v06	assets/art/panels/104-05/v06-storyboard-svg.svg	storyboard-svg		1200	800	15009	2026-09-12T23:55:11+00:00	candidate		storyboard
104-05	v07	assets/art/panels/104-05/v07-storyboard-svg.svg	storyboard-svg		1200	800	15398	2026-09-13T01:34:49+00:00	candidate		storyboard
105-01	v01	assets/art/panels/105-01/v01-storyboard-svg.svg	storyboard-svg		1200	800	8479	2026-09-07T16:49:33+00:00	candidate		storyboard
105-01	v02	assets/art/panels/105-01/v02-storyboard-svg.svg	storyboard-svg		1200	800	8918	2026-09-07T16:55:54+00:00	candidate		storyboard
105-01	v03	assets/art/panels/105-01/v03-storyboard-svg.svg	storyboard-svg		1200	800	9225	2026-09-12T21:18:27+00:00	candidate		storyboard
105-01	v04	assets/art/panels/105-01/v04-storyboard-svg.svg	storyboard-svg		1200	800	9787	2026-09-12T22:35:06+00:00	candidate		storyboard
105-01	v05	assets/art/panels/105-01/v05-storyboard-svg.svg	storyboard-svg		1200	800	19700	2026-09-12T23:01:01+00:00	candidate		storyboard
105-01	v06	assets/art/panels/105-01/v06-storyboard-svg.svg	storyboard-svg		1200	800	19736	2026-09-12T23:55:11+00:00	candidate		storyboard
105-01	v07	assets/art/panels/105-01/v07-storyboard-svg.svg	storyboard-svg		1200	800	20308	2026-09-13T01:34:49+00:00	candidate		storyboard
105-02	v01	assets/art/panels/105-02/v01-storyboard-svg.svg	storyboard-svg		1200	800	5011	2026-09-07T16:49:33+00:00	candidate		storyboard
105-02	v02	assets/art/panels/105-02/v02-storyboard-svg.svg	storyboard-svg		1200	800	5535	2026-09-07T16:55:55+00:00	candidate		storyboard
105-02	v03	assets/art/panels/105-02/v03-storyboard-svg.svg	storyboard-svg		1200	800	6083	2026-09-12T21:18:27+00:00	candidate		storyboard
105-02	v04	assets/art/panels/105-02/v04-storyboard-svg.svg	storyboard-svg		1200	800	9682	2026-09-12T23:01:01+00:00	candidate		storyboard
105-02	v05	assets/art/panels/105-02/v05-storyboard-svg.svg	storyboard-svg		1200	800	9718	2026-09-12T23:55:11+00:00	candidate		storyboard
105-02	v06	assets/art/panels/105-02/v06-storyboard-svg.svg	storyboard-svg		1200	800	10869	2026-09-13T00:10:07+00:00	candidate		storyboard
105-02	v07	assets/art/panels/105-02/v07-storyboard-svg.svg	storyboard-svg		1200	800	14466	2026-09-13T00:25:42+00:00	candidate		storyboard
105-02	v08	assets/art/panels/105-02/v08-storyboard-svg.svg	storyboard-svg		1200	800	15217	2026-09-13T01:34:49+00:00	candidate		storyboard
105-03	v01	assets/art/panels/105-03/v01-storyboard-svg.svg	storyboard-svg		1200	800	3770	2026-09-07T16:49:33+00:00	candidate		storyboard
105-03	v02	assets/art/panels/105-03/v02-storyboard-svg.svg	storyboard-svg		1200	800	4070	2026-09-07T16:55:55+00:00	candidate		storyboard
105-03	v03	assets/art/panels/105-03/v03-storyboard-svg.svg	storyboard-svg		1200	800	4413	2026-09-12T21:18:27+00:00	candidate		storyboard
105-03	v04	assets/art/panels/105-03/v04-storyboard-svg.svg	storyboard-svg		1200	800	6150	2026-09-12T23:01:01+00:00	candidate		storyboard
105-03	v05	assets/art/panels/105-03/v05-storyboard-svg.svg	storyboard-svg		1200	800	6186	2026-09-12T23:55:11+00:00	candidate		storyboard
105-03	v06	assets/art/panels/105-03/v06-storyboard-svg.svg	storyboard-svg		1200	800	7337	2026-09-13T00:10:07+00:00	candidate		storyboard
105-03	v07	assets/art/panels/105-03/v07-storyboard-svg.svg	storyboard-svg		1200	800	10934	2026-09-13T00:25:42+00:00	candidate		storyboard
105-03	v08	assets/art/panels/105-03/v08-storyboard-svg.svg	storyboard-svg		1200	800	11324	2026-09-13T01:34:49+00:00	candidate		storyboard
105-04	v01	assets/art/panels/105-04/v01-storyboard-svg.svg	storyboard-svg		1200	800	7743	2026-09-07T16:49:33+00:00	candidate		storyboard
105-04	v02	assets/art/panels/105-04/v02-storyboard-svg.svg	storyboard-svg		1200	800	8645	2026-09-07T16:55:55+00:00	candidate		storyboard
105-04	v03	assets/art/panels/105-04/v03-storyboard-svg.svg	storyboard-svg		1200	800	8727	2026-09-07T17:01:51+00:00	candidate		storyboard
105-04	v04	assets/art/panels/105-04/v04-storyboard-svg.svg	storyboard-svg		1200	800	9103	2026-09-12T21:18:27+00:00	candidate		storyboard
105-04	v05	assets/art/panels/105-04/v05-storyboard-svg.svg	storyboard-svg		1200	800	17550	2026-09-12T23:01:01+00:00	candidate		storyboard
105-04	v06	assets/art/panels/105-04/v06-storyboard-svg.svg	storyboard-svg		1200	800	17586	2026-09-12T23:55:11+00:00	candidate		storyboard
105-04	v07	assets/art/panels/105-04/v07-storyboard-svg.svg	storyboard-svg		1200	800	18737	2026-09-13T00:10:07+00:00	candidate		storyboard
105-04	v08	assets/art/panels/105-04/v08-storyboard-svg.svg	storyboard-svg		1200	800	22334	2026-09-13T00:25:42+00:00	candidate		storyboard
105-04	v09	assets/art/panels/105-04/v09-storyboard-svg.svg	storyboard-svg		1200	800	23454	2026-09-13T01:34:49+00:00	candidate		storyboard
105-05	v01	assets/art/panels/105-05/v01-storyboard-svg.svg	storyboard-svg		1200	800	3758	2026-09-07T16:49:33+00:00	candidate		storyboard
105-05	v02	assets/art/panels/105-05/v02-storyboard-svg.svg	storyboard-svg		1200	800	4024	2026-09-07T16:55:55+00:00	candidate		storyboard
105-05	v03	assets/art/panels/105-05/v03-storyboard-svg.svg	storyboard-svg		1200	800	4482	2026-09-12T21:18:27+00:00	candidate		storyboard
105-05	v04	assets/art/panels/105-05/v04-storyboard-svg.svg	storyboard-svg		1200	800	6509	2026-09-12T23:01:01+00:00	candidate		storyboard
105-05	v05	assets/art/panels/105-05/v05-storyboard-svg.svg	storyboard-svg		1200	800	6545	2026-09-12T23:55:11+00:00	candidate		storyboard
105-05	v06	assets/art/panels/105-05/v06-storyboard-svg.svg	storyboard-svg		1200	800	7696	2026-09-13T00:10:07+00:00	candidate		storyboard
105-05	v07	assets/art/panels/105-05/v07-storyboard-svg.svg	storyboard-svg		1200	800	11293	2026-09-13T00:25:42+00:00	candidate		storyboard
105-05	v08	assets/art/panels/105-05/v08-storyboard-svg.svg	storyboard-svg		1200	800	11659	2026-09-13T01:34:49+00:00	candidate		storyboard
106-01	v01	assets/art/panels/106-01/v01-storyboard-svg.svg	storyboard-svg		1200	800	7811	2026-09-07T16:49:33+00:00	candidate		storyboard
106-01	v02	assets/art/panels/106-01/v02-storyboard-svg.svg	storyboard-svg		1200	800	8097	2026-09-07T16:55:55+00:00	candidate		storyboard
106-01	v03	assets/art/panels/106-01/v03-storyboard-svg.svg	storyboard-svg		1200	800	8450	2026-09-12T21:18:27+00:00	candidate		storyboard
106-01	v04	assets/art/panels/106-01/v04-storyboard-svg.svg	storyboard-svg		1200	800	9012	2026-09-12T22:35:06+00:00	candidate		storyboard
106-01	v05	assets/art/panels/106-01/v05-storyboard-svg.svg	storyboard-svg		1200	800	17116	2026-09-12T23:01:01+00:00	candidate		storyboard
106-01	v06	assets/art/panels/106-01/v06-storyboard-svg.svg	storyboard-svg		1200	800	17152	2026-09-12T23:55:11+00:00	candidate		storyboard
106-01	v07	assets/art/panels/106-01/v07-storyboard-svg.svg	storyboard-svg		1200	800	17542	2026-09-13T01:34:49+00:00	candidate		storyboard
106-02	v01	assets/art/panels/106-02/v01-storyboard-svg.svg	storyboard-svg		1200	800	4482	2026-09-07T16:49:33+00:00	candidate		storyboard
106-02	v02	assets/art/panels/106-02/v02-storyboard-svg.svg	storyboard-svg		1200	800	4739	2026-09-07T16:55:55+00:00	candidate		storyboard
106-02	v03	assets/art/panels/106-02/v03-storyboard-svg.svg	storyboard-svg		1200	800	5029	2026-09-12T21:18:27+00:00	candidate		storyboard
106-02	v04	assets/art/panels/106-02/v04-storyboard-svg.svg	storyboard-svg		1200	800	5631	2026-09-12T22:35:06+00:00	candidate		storyboard
106-02	v05	assets/art/panels/106-02/v05-storyboard-svg.svg	storyboard-svg		1200	800	10163	2026-09-12T23:01:01+00:00	candidate		storyboard
106-02	v06	assets/art/panels/106-02/v06-storyboard-svg.svg	storyboard-svg		1200	800	10198	2026-09-12T23:55:11+00:00	candidate		storyboard
106-02	v07	assets/art/panels/106-02/v07-storyboard-svg.svg	storyboard-svg		1200	800	10589	2026-09-13T01:34:49+00:00	candidate		storyboard
106-03	v01	assets/art/panels/106-03/v01-storyboard-svg.svg	storyboard-svg		1200	800	3267	2026-09-07T16:49:33+00:00	candidate		storyboard
106-03	v02	assets/art/panels/106-03/v02-storyboard-svg.svg	storyboard-svg		1200	800	3382	2026-09-07T16:55:55+00:00	candidate		storyboard
106-03	v03	assets/art/panels/106-03/v03-storyboard-svg.svg	storyboard-svg		1200	800	3730	2026-09-12T21:18:27+00:00	candidate		storyboard
106-03	v04	assets/art/panels/106-03/v04-storyboard-svg.svg	storyboard-svg		1200	800	5457	2026-09-12T23:01:01+00:00	candidate		storyboard
106-03	v05	assets/art/panels/106-03/v05-storyboard-svg.svg	storyboard-svg		1200	800	5492	2026-09-12T23:55:11+00:00	candidate		storyboard
106-03	v06	assets/art/panels/106-03/v06-storyboard-svg.svg	storyboard-svg		1200	800	6571	2026-09-13T00:10:07+00:00	candidate		storyboard
106-03	v07	assets/art/panels/106-03/v07-storyboard-svg.svg	storyboard-svg		1200	800	9911	2026-09-13T00:25:42+00:00	candidate		storyboard
106-03	v08	assets/art/panels/106-03/v08-storyboard-svg.svg	storyboard-svg		1200	800	10119	2026-09-13T01:34:49+00:00	candidate		storyboard
106-03	v09	assets/art/panels/106-03/v09-storyboard-svg.svg	storyboard-svg		1200	800	10113	2026-09-13T01:42:14+00:00	candidate		storyboard
106-04	v01	assets/art/panels/106-04/v01-storyboard-svg.svg	storyboard-svg		1200	800	6692	2026-09-07T16:49:33+00:00	candidate		storyboard
106-04	v02	assets/art/panels/106-04/v02-storyboard-svg.svg	storyboard-svg		1200	800	7385	2026-09-07T16:55:56+00:00	candidate		storyboard
106-04	v03	assets/art/panels/106-04/v03-storyboard-svg.svg	storyboard-svg		1200	800	11975	2026-09-12T21:18:27+00:00	candidate		storyboard
106-04	v04	assets/art/panels/106-04/v04-storyboard-svg.svg	storyboard-svg		1200	800	13100	2026-09-12T22:35:06+00:00	candidate		storyboard
106-04	v05	assets/art/panels/106-04/v05-storyboard-svg.svg	storyboard-svg		1200	800	26689	2026-09-12T23:01:01+00:00	candidate		storyboard
106-04	v06	assets/art/panels/106-04/v06-storyboard-svg.svg	storyboard-svg		1200	800	26724	2026-09-12T23:55:11+00:00	candidate		storyboard
106-04	v07	assets/art/panels/106-04/v07-storyboard-svg.svg	storyboard-svg		1200	800	28396	2026-09-13T01:34:49+00:00	candidate		storyboard
106-05	v01	assets/art/panels/106-05/v01-storyboard-svg.svg	storyboard-svg		1200	800	4658	2026-09-07T16:49:34+00:00	candidate		storyboard
106-05	v02	assets/art/panels/106-05/v02-storyboard-svg.svg	storyboard-svg		1200	800	4937	2026-09-07T16:55:56+00:00	candidate		storyboard
106-05	v03	assets/art/panels/106-05/v03-storyboard-svg.svg	storyboard-svg		1200	800	5287	2026-09-12T21:18:27+00:00	candidate		storyboard
106-05	v04	assets/art/panels/106-05/v04-storyboard-svg.svg	storyboard-svg		1200	800	10716	2026-09-12T23:01:01+00:00	candidate		storyboard
106-05	v05	assets/art/panels/106-05/v05-storyboard-svg.svg	storyboard-svg		1200	800	10751	2026-09-12T23:55:11+00:00	candidate		storyboard
106-05	v06	assets/art/panels/106-05/v06-storyboard-svg.svg	storyboard-svg		1200	800	11830	2026-09-13T00:10:07+00:00	candidate		storyboard
106-05	v07	assets/art/panels/106-05/v07-storyboard-svg.svg	storyboard-svg		1200	800	15170	2026-09-13T00:25:42+00:00	candidate		storyboard
106-05	v08	assets/art/panels/106-05/v08-storyboard-svg.svg	storyboard-svg		1200	800	15586	2026-09-13T01:34:49+00:00	candidate		storyboard
107-01	v01	assets/art/panels/107-01/v01-storyboard-svg.svg	storyboard-svg		1200	800	7173	2026-09-07T16:49:34+00:00	candidate		storyboard
107-01	v02	assets/art/panels/107-01/v02-storyboard-svg.svg	storyboard-svg		1200	800	7545	2026-09-07T16:55:56+00:00	candidate		storyboard
107-01	v03	assets/art/panels/107-01/v03-storyboard-svg.svg	storyboard-svg		1200	800	7896	2026-09-12T21:18:27+00:00	candidate		storyboard
107-01	v04	assets/art/panels/107-01/v04-storyboard-svg.svg	storyboard-svg		1200	800	8654	2026-09-12T22:35:06+00:00	candidate		storyboard
107-01	v05	assets/art/panels/107-01/v05-storyboard-svg.svg	storyboard-svg		1200	800	29761	2026-09-12T23:01:01+00:00	candidate		storyboard
107-01	v06	assets/art/panels/107-01/v06-storyboard-svg.svg	storyboard-svg		1200	800	29796	2026-09-12T23:55:11+00:00	candidate		storyboard
107-01	v07	assets/art/panels/107-01/v07-storyboard-svg.svg	storyboard-svg		1200	800	30370	2026-09-13T01:34:49+00:00	candidate		storyboard
107-02	v01	assets/art/panels/107-02/v01-storyboard-svg.svg	storyboard-svg		1200	800	4780	2026-09-07T16:49:34+00:00	candidate		storyboard
107-02	v02	assets/art/panels/107-02/v02-storyboard-svg.svg	storyboard-svg		1200	800	5056	2026-09-07T16:55:56+00:00	candidate		storyboard
107-02	v03	assets/art/panels/107-02/v03-storyboard-svg.svg	storyboard-svg		1200	800	5080	2026-09-07T16:59:01+00:00	candidate		storyboard
107-02	v04	assets/art/panels/107-02/v04-storyboard-svg.svg	storyboard-svg		1200	800	5467	2026-09-12T21:18:27+00:00	candidate		storyboard
107-02	v05	assets/art/panels/107-02/v05-storyboard-svg.svg	storyboard-svg		1200	800	8288	2026-09-12T23:01:01+00:00	candidate		storyboard
107-02	v06	assets/art/panels/107-02/v06-storyboard-svg.svg	storyboard-svg		1200	800	8323	2026-09-12T23:55:11+00:00	candidate		storyboard
107-02	v07	assets/art/panels/107-02/v07-storyboard-svg.svg	storyboard-svg		1200	800	9402	2026-09-13T00:10:07+00:00	candidate		storyboard
107-02	v08	assets/art/panels/107-02/v08-storyboard-svg.svg	storyboard-svg		1200	800	12742	2026-09-13T00:25:42+00:00	candidate		storyboard
107-02	v09	assets/art/panels/107-02/v09-storyboard-svg.svg	storyboard-svg		1200	800	13108	2026-09-13T01:34:49+00:00	candidate		storyboard
107-03	v01	assets/art/panels/107-03/v01-storyboard-svg.svg	storyboard-svg		1200	800	6483	2026-09-07T16:49:34+00:00	candidate		storyboard
107-03	v02	assets/art/panels/107-03/v02-storyboard-svg.svg	storyboard-svg		1200	800	6725	2026-09-07T16:55:56+00:00	candidate		storyboard
107-03	v03	assets/art/panels/107-03/v03-storyboard-svg.svg	storyboard-svg		1200	800	6766	2026-09-12T20:10:17+00:00	candidate		storyboard
107-03	v04	assets/art/panels/107-03/v04-storyboard-svg.svg	storyboard-svg		1200	800	7115	2026-09-12T21:18:27+00:00	candidate		storyboard
107-03	v05	assets/art/panels/107-03/v05-storyboard-svg.svg	storyboard-svg		1200	800	27392	2026-09-12T23:01:01+00:00	candidate		storyboard
107-03	v06	assets/art/panels/107-03/v06-storyboard-svg.svg	storyboard-svg		1200	800	27427	2026-09-12T23:55:11+00:00	candidate		storyboard
107-03	v07	assets/art/panels/107-03/v07-storyboard-svg.svg	storyboard-svg		1200	800	28506	2026-09-13T00:10:07+00:00	candidate		storyboard
107-03	v08	assets/art/panels/107-03/v08-storyboard-svg.svg	storyboard-svg		1200	800	31846	2026-09-13T00:25:42+00:00	candidate		storyboard
107-03	v09	assets/art/panels/107-03/v09-storyboard-svg.svg	storyboard-svg		1200	800	32262	2026-09-13T01:34:49+00:00	candidate		storyboard
107-04	v01	assets/art/panels/107-04/v01-storyboard-svg.svg	storyboard-svg		1200	800	4354	2026-09-07T16:49:34+00:00	candidate		storyboard
107-04	v02	assets/art/panels/107-04/v02-storyboard-svg.svg	storyboard-svg		1200	800	4600	2026-09-07T16:55:56+00:00	candidate		storyboard
107-04	v03	assets/art/panels/107-04/v03-storyboard-svg.svg	storyboard-svg		1200	800	5096	2026-09-12T21:18:27+00:00	candidate		storyboard
107-04	v04	assets/art/panels/107-04/v04-storyboard-svg.svg	storyboard-svg		1200	800	8870	2026-09-12T23:01:01+00:00	candidate		storyboard
107-04	v05	assets/art/panels/107-04/v05-storyboard-svg.svg	storyboard-svg		1200	800	8905	2026-09-12T23:55:11+00:00	candidate		storyboard
107-04	v06	assets/art/panels/107-04/v06-storyboard-svg.svg	storyboard-svg		1200	800	9984	2026-09-13T00:10:07+00:00	candidate		storyboard
107-04	v07	assets/art/panels/107-04/v07-storyboard-svg.svg	storyboard-svg		1200	800	13324	2026-09-13T00:25:42+00:00	candidate		storyboard
107-04	v08	assets/art/panels/107-04/v08-storyboard-svg.svg	storyboard-svg		1200	800	13715	2026-09-13T01:34:49+00:00	candidate		storyboard
107-05	v01	assets/art/panels/107-05/v01-storyboard-svg.svg	storyboard-svg		1200	800	5718	2026-09-07T16:49:34+00:00	candidate		storyboard
107-05	v02	assets/art/panels/107-05/v02-storyboard-svg.svg	storyboard-svg		1200	800	6013	2026-09-07T16:55:56+00:00	candidate		storyboard
107-05	v03	assets/art/panels/107-05/v03-storyboard-svg.svg	storyboard-svg		1200	800	5220	2026-09-12T20:10:17+00:00	candidate		storyboard
107-05	v04	assets/art/panels/107-05/v04-storyboard-svg.svg	storyboard-svg		1200	800	21098	2026-09-12T21:18:27+00:00	candidate		storyboard
107-05	v05	assets/art/panels/107-05/v05-storyboard-svg.svg	storyboard-svg		1200	800	24734	2026-09-12T23:01:01+00:00	candidate		storyboard
107-05	v06	assets/art/panels/107-05/v06-storyboard-svg.svg	storyboard-svg		1200	800	31632	2026-09-12T23:37:24+00:00	candidate		storyboard
107-05	v07	assets/art/panels/107-05/v07-storyboard-svg.svg	storyboard-svg		1200	800	31667	2026-09-12T23:55:11+00:00	candidate		storyboard
107-05	v08	assets/art/panels/107-05/v08-storyboard-svg.svg	storyboard-svg		1200	800	32746	2026-09-13T00:10:07+00:00	candidate		storyboard
107-05	v09	assets/art/panels/107-05/v09-storyboard-svg.svg	storyboard-svg		1200	800	36086	2026-09-13T00:25:42+00:00	candidate		storyboard
107-05	v10	assets/art/panels/107-05/v10-storyboard-svg.svg	storyboard-svg		1200	800	36294	2026-09-13T01:34:49+00:00	candidate		storyboard
108-01	v01	assets/art/panels/108-01/v01-storyboard-svg.svg	storyboard-svg		1200	800	4113	2026-09-07T16:49:34+00:00	candidate		storyboard
108-01	v02	assets/art/panels/108-01/v02-storyboard-svg.svg	storyboard-svg		1200	800	4370	2026-09-07T16:55:57+00:00	candidate		storyboard
108-01	v03	assets/art/panels/108-01/v03-storyboard-svg.svg	storyboard-svg		1200	800	4724	2026-09-12T21:18:27+00:00	candidate		storyboard
108-01	v04	assets/art/panels/108-01/v04-storyboard-svg.svg	storyboard-svg		1200	800	10153	2026-09-12T23:01:01+00:00	candidate		storyboard
108-01	v05	assets/art/panels/108-01/v05-storyboard-svg.svg	storyboard-svg		1200	800	10188	2026-09-12T23:55:11+00:00	candidate		storyboard
108-01	v06	assets/art/panels/108-01/v06-storyboard-svg.svg	storyboard-svg		1200	800	11267	2026-09-13T00:10:07+00:00	candidate		storyboard
108-01	v07	assets/art/panels/108-01/v07-storyboard-svg.svg	storyboard-svg		1200	800	14607	2026-09-13T00:25:42+00:00	candidate		storyboard
108-01	v08	assets/art/panels/108-01/v08-storyboard-svg.svg	storyboard-svg		1200	800	14996	2026-09-13T01:34:49+00:00	candidate		storyboard
108-02	v01	assets/art/panels/108-02/v01-storyboard-svg.svg	storyboard-svg		1200	800	5272	2026-09-07T16:49:34+00:00	candidate		storyboard
108-02	v02	assets/art/panels/108-02/v02-storyboard-svg.svg	storyboard-svg		1200	800	5686	2026-09-07T16:55:57+00:00	candidate		storyboard
108-02	v03	assets/art/panels/108-02/v03-storyboard-svg.svg	storyboard-svg		1200	800	6790	2026-09-12T21:18:27+00:00	candidate		storyboard
108-02	v04	assets/art/panels/108-02/v04-storyboard-svg.svg	storyboard-svg		1200	800	14146	2026-09-12T23:01:01+00:00	candidate		storyboard
108-02	v05	assets/art/panels/108-02/v05-storyboard-svg.svg	storyboard-svg		1200	800	14181	2026-09-12T23:55:11+00:00	candidate		storyboard
108-02	v06	assets/art/panels/108-02/v06-storyboard-svg.svg	storyboard-svg		1200	800	15260	2026-09-13T00:10:07+00:00	candidate		storyboard
108-02	v07	assets/art/panels/108-02/v07-storyboard-svg.svg	storyboard-svg		1200	800	18600	2026-09-13T00:25:42+00:00	candidate		storyboard
108-02	v08	assets/art/panels/108-02/v08-storyboard-svg.svg	storyboard-svg		1200	800	19174	2026-09-13T01:34:49+00:00	candidate		storyboard
108-03	v01	assets/art/panels/108-03/v01-storyboard-svg.svg	storyboard-svg		1200	800	5372	2026-09-07T16:49:34+00:00	candidate		storyboard
108-03	v02	assets/art/panels/108-03/v02-storyboard-svg.svg	storyboard-svg		1200	800	5787	2026-09-07T16:55:57+00:00	candidate		storyboard
108-03	v03	assets/art/panels/108-03/v03-storyboard-svg.svg	storyboard-svg		1200	800	5789	2026-09-12T20:10:17+00:00	candidate		storyboard
108-03	v04	assets/art/panels/108-03/v04-storyboard-svg.svg	storyboard-svg		1200	800	6232	2026-09-12T21:18:27+00:00	candidate		storyboard
108-03	v05	assets/art/panels/108-03/v05-storyboard-svg.svg	storyboard-svg		1200	800	13534	2026-09-12T23:01:01+00:00	candidate		storyboard
108-03	v06	assets/art/panels/108-03/v06-storyboard-svg.svg	storyboard-svg		1200	800	14210	2026-09-12T23:15:37+00:00	candidate		storyboard
108-03	v07	assets/art/panels/108-03/v07-storyboard-svg.svg	storyboard-svg		1200	800	14245	2026-09-12T23:55:11+00:00	candidate		storyboard
108-03	v08	assets/art/panels/108-03/v08-storyboard-svg.svg	storyboard-svg		1200	800	15324	2026-09-13T00:10:07+00:00	candidate		storyboard
108-03	v09	assets/art/panels/108-03/v09-storyboard-svg.svg	storyboard-svg		1200	800	18664	2026-09-13T00:25:42+00:00	candidate		storyboard
108-03	v10	assets/art/panels/108-03/v10-storyboard-svg.svg	storyboard-svg		1200	800	19238	2026-09-13T01:34:49+00:00	candidate		storyboard
108-04	v01	assets/art/panels/108-04/v01-storyboard-svg.svg	storyboard-svg		1200	800	4737	2026-09-07T16:49:34+00:00	candidate		storyboard
108-04	v02	assets/art/panels/108-04/v02-storyboard-svg.svg	storyboard-svg		1200	800	5021	2026-09-07T16:55:57+00:00	candidate		storyboard
108-04	v03	assets/art/panels/108-04/v03-storyboard-svg.svg	storyboard-svg		1200	800	5103	2026-09-07T16:59:01+00:00	candidate		storyboard
108-04	v04	assets/art/panels/108-04/v04-storyboard-svg.svg	storyboard-svg		1200	800	5443	2026-09-12T21:18:27+00:00	candidate		storyboard
108-04	v05	assets/art/panels/108-04/v05-storyboard-svg.svg	storyboard-svg		1200	800	8264	2026-09-12T23:01:01+00:00	candidate		storyboard
108-04	v06	assets/art/panels/108-04/v06-storyboard-svg.svg	storyboard-svg		1200	800	8299	2026-09-12T23:55:11+00:00	candidate		storyboard
108-04	v07	assets/art/panels/108-04/v07-storyboard-svg.svg	storyboard-svg		1200	800	9378	2026-09-13T00:10:07+00:00	candidate		storyboard
108-04	v08	assets/art/panels/108-04/v08-storyboard-svg.svg	storyboard-svg		1200	800	12718	2026-09-13T00:25:42+00:00	candidate		storyboard
108-04	v09	assets/art/panels/108-04/v09-storyboard-svg.svg	storyboard-svg		1200	800	13109	2026-09-13T01:34:49+00:00	candidate		storyboard
108-05	v01	assets/art/panels/108-05/v01-storyboard-svg.svg	storyboard-svg		1200	800	5012	2026-09-07T16:49:34+00:00	candidate		storyboard
108-05	v02	assets/art/panels/108-05/v02-storyboard-svg.svg	storyboard-svg		1200	800	5370	2026-09-07T16:55:57+00:00	candidate		storyboard
108-05	v03	assets/art/panels/108-05/v03-storyboard-svg.svg	storyboard-svg		1200	800	5394	2026-09-07T16:59:01+00:00	candidate		storyboard
108-05	v04	assets/art/panels/108-05/v04-storyboard-svg.svg	storyboard-svg		1200	800	5385	2026-09-12T20:10:17+00:00	candidate		storyboard
108-05	v05	assets/art/panels/108-05/v05-storyboard-svg.svg	storyboard-svg		1200	800	5706	2026-09-12T21:18:27+00:00	candidate		storyboard
108-05	v06	assets/art/panels/108-05/v06-storyboard-svg.svg	storyboard-svg		1200	800	8527	2026-09-12T23:01:01+00:00	candidate		storyboard
108-05	v07	assets/art/panels/108-05/v07-storyboard-svg.svg	storyboard-svg		1200	800	8562	2026-09-12T23:55:11+00:00	candidate		storyboard
108-05	v08	assets/art/panels/108-05/v08-storyboard-svg.svg	storyboard-svg		1200	800	9641	2026-09-13T00:10:07+00:00	candidate		storyboard
108-05	v09	assets/art/panels/108-05/v09-storyboard-svg.svg	storyboard-svg		1200	800	12981	2026-09-13T00:25:42+00:00	candidate		storyboard
108-05	v10	assets/art/panels/108-05/v10-storyboard-svg.svg	storyboard-svg		1200	800	13397	2026-09-13T01:34:49+00:00	candidate		storyboard
108-06	v01	assets/art/panels/108-06/v01-storyboard-svg.svg	storyboard-svg		1200	800	4496	2026-09-07T16:49:34+00:00	candidate		storyboard
108-06	v02	assets/art/panels/108-06/v02-storyboard-svg.svg	storyboard-svg		1200	800	4742	2026-09-07T16:55:57+00:00	candidate		storyboard
108-06	v03	assets/art/panels/108-06/v03-storyboard-svg.svg	storyboard-svg		1200	800	4226	2026-09-09T21:19:16+00:00	candidate		storyboard
108-06	v04	assets/art/panels/108-06/v04-storyboard-svg.svg	storyboard-svg		1200	800	4682	2026-09-12T21:18:27+00:00	candidate		storyboard
108-06	v05	assets/art/panels/108-06/v05-storyboard-svg.svg	storyboard-svg		1200	800	7033	2026-09-12T23:01:01+00:00	candidate		storyboard
108-06	v06	assets/art/panels/108-06/v06-storyboard-svg.svg	storyboard-svg		1200	800	7096	2026-09-12T23:55:11+00:00	candidate		storyboard
108-06	v07	assets/art/panels/108-06/v07-storyboard-svg.svg	storyboard-svg		1200	800	9231	2026-09-13T00:10:07+00:00	candidate		storyboard
108-06	v08	assets/art/panels/108-06/v08-storyboard-svg.svg	storyboard-svg		1200	800	15901	2026-09-13T00:25:42+00:00	candidate		storyboard
108-06	v09	assets/art/panels/108-06/v09-storyboard-svg.svg	storyboard-svg		1200	800	16290	2026-09-13T01:34:49+00:00	candidate		storyboard
109-01	v01	assets/art/panels/109-01/v01-storyboard-svg.svg	storyboard-svg		1200	800	3844	2026-09-07T16:49:35+00:00	candidate		storyboard
109-01	v02	assets/art/panels/109-01/v02-storyboard-svg.svg	storyboard-svg		1200	800	4076	2026-09-07T16:55:57+00:00	candidate		storyboard
109-01	v03	assets/art/panels/109-01/v03-storyboard-svg.svg	storyboard-svg		1200	800	4490	2026-09-12T21:18:27+00:00	candidate		storyboard
109-01	v04	assets/art/panels/109-01/v04-storyboard-svg.svg	storyboard-svg		1200	800	6841	2026-09-12T23:01:01+00:00	candidate		storyboard
109-01	v05	assets/art/panels/109-01/v05-storyboard-svg.svg	storyboard-svg		1200	800	8323	2026-09-12T23:15:37+00:00	candidate		storyboard
109-01	v06	assets/art/panels/109-01/v06-storyboard-svg.svg	storyboard-svg		1200	800	10245	2026-09-12T23:30:37+00:00	candidate		storyboard
109-01	v07	assets/art/panels/109-01/v07-storyboard-svg.svg	storyboard-svg		1200	800	10281	2026-09-12T23:55:11+00:00	candidate		storyboard
109-01	v08	assets/art/panels/109-01/v08-storyboard-svg.svg	storyboard-svg		1200	800	10672	2026-09-13T01:34:49+00:00	candidate		storyboard
109-02	v01	assets/art/panels/109-02/v01-storyboard-svg.svg	storyboard-svg		1200	800	4760	2026-09-07T16:49:35+00:00	candidate		storyboard
109-02	v02	assets/art/panels/109-02/v02-storyboard-svg.svg	storyboard-svg		1200	800	5006	2026-09-07T16:55:58+00:00	candidate		storyboard
109-02	v03	assets/art/panels/109-02/v03-storyboard-svg.svg	storyboard-svg		1200	800	11326	2026-09-12T21:18:27+00:00	candidate		storyboard
109-02	v04	assets/art/panels/109-02/v04-storyboard-svg.svg	storyboard-svg		1200	800	20302	2026-09-12T23:01:01+00:00	candidate		storyboard
109-02	v05	assets/art/panels/109-02/v05-storyboard-svg.svg	storyboard-svg		1200	800	21792	2026-09-12T23:15:37+00:00	candidate		storyboard
109-02	v06	assets/art/panels/109-02/v06-storyboard-svg.svg	storyboard-svg		1200	800	23714	2026-09-12T23:30:37+00:00	candidate		storyboard
109-02	v07	assets/art/panels/109-02/v07-storyboard-svg.svg	storyboard-svg		1200	800	23777	2026-09-12T23:55:11+00:00	candidate		storyboard
109-02	v08	assets/art/panels/109-02/v08-storyboard-svg.svg	storyboard-svg		1200	800	24267	2026-09-13T01:34:49+00:00	candidate		storyboard
109-03	v01	assets/art/panels/109-03/v01-storyboard-svg.svg	storyboard-svg		1200	800	4598	2026-09-07T16:49:35+00:00	candidate		storyboard
109-03	v02	assets/art/panels/109-03/v02-storyboard-svg.svg	storyboard-svg		1200	800	4844	2026-09-07T16:55:58+00:00	candidate		storyboard
109-03	v03	assets/art/panels/109-03/v03-storyboard-svg.svg	storyboard-svg		1200	800	4843	2026-09-12T20:10:17+00:00	candidate		storyboard
109-03	v04	assets/art/panels/109-03/v04-storyboard-svg.svg	storyboard-svg		1200	800	5331	2026-09-12T21:18:27+00:00	candidate		storyboard
109-03	v05	assets/art/panels/109-03/v05-storyboard-svg.svg	storyboard-svg		1200	800	9105	2026-09-12T23:01:01+00:00	candidate		storyboard
109-03	v06	assets/art/panels/109-03/v06-storyboard-svg.svg	storyboard-svg		1200	800	9168	2026-09-12T23:55:11+00:00	candidate		storyboard
109-03	v07	assets/art/panels/109-03/v07-storyboard-svg.svg	storyboard-svg		1200	800	11303	2026-09-13T00:10:07+00:00	candidate		storyboard
109-03	v08	assets/art/panels/109-03/v08-storyboard-svg.svg	storyboard-svg		1200	800	17973	2026-09-13T00:25:42+00:00	candidate		storyboard
109-03	v09	assets/art/panels/109-03/v09-storyboard-svg.svg	storyboard-svg		1200	800	18364	2026-09-13T01:34:49+00:00	candidate		storyboard
109-04	v01	assets/art/panels/109-04/v01-storyboard-svg.svg	storyboard-svg		1200	800	4451	2026-09-07T16:49:35+00:00	candidate		storyboard
109-04	v02	assets/art/panels/109-04/v02-storyboard-svg.svg	storyboard-svg		1200	800	4966	2026-09-07T16:55:58+00:00	candidate		storyboard
109-04	v03	assets/art/panels/109-04/v03-storyboard-svg.svg	storyboard-svg		1200	800	5300	2026-09-12T21:18:27+00:00	candidate		storyboard
109-04	v04	assets/art/panels/109-04/v04-storyboard-svg.svg	storyboard-svg		1200	800	6204	2026-09-12T23:01:01+00:00	candidate		storyboard
109-04	v05	assets/art/panels/109-04/v05-storyboard-svg.svg	storyboard-svg		1200	800	6240	2026-09-12T23:55:11+00:00	candidate		storyboard
109-04	v06	assets/art/panels/109-04/v06-storyboard-svg.svg	storyboard-svg		1200	800	7391	2026-09-13T00:10:07+00:00	candidate		storyboard
109-04	v07	assets/art/panels/109-04/v07-storyboard-svg.svg	storyboard-svg		1200	800	10988	2026-09-13T00:25:42+00:00	candidate		storyboard
109-04	v08	assets/art/panels/109-04/v08-storyboard-svg.svg	storyboard-svg		1200	800	11558	2026-09-13T01:34:49+00:00	candidate		storyboard
109-05	v01	assets/art/panels/109-05/v01-storyboard-svg.svg	storyboard-svg		1200	800	5026	2026-09-07T16:49:35+00:00	candidate		storyboard
109-05	v02	assets/art/panels/109-05/v02-storyboard-svg.svg	storyboard-svg		1200	800	5394	2026-09-07T16:55:58+00:00	candidate		storyboard
109-05	v03	assets/art/panels/109-05/v03-storyboard-svg.svg	storyboard-svg		1200	800	5808	2026-09-12T21:18:27+00:00	candidate		storyboard
109-05	v04	assets/art/panels/109-05/v04-storyboard-svg.svg	storyboard-svg		1200	800	10967	2026-09-12T23:01:01+00:00	candidate		storyboard
109-05	v05	assets/art/panels/109-05/v05-storyboard-svg.svg	storyboard-svg		1200	800	11013	2026-09-12T23:55:11+00:00	candidate		storyboard
109-05	v06	assets/art/panels/109-05/v06-storyboard-svg.svg	storyboard-svg		1200	800	12020	2026-09-13T00:10:07+00:00	candidate		storyboard
109-05	v07	assets/art/panels/109-05/v07-storyboard-svg.svg	storyboard-svg		1200	800	15270	2026-09-13T00:25:42+00:00	candidate		storyboard
109-05	v08	assets/art/panels/109-05/v08-storyboard-svg.svg	storyboard-svg		1200	800	15843	2026-09-13T01:34:49+00:00	candidate		storyboard
110-01	v01	assets/art/panels/110-01/v01-storyboard-svg.svg	storyboard-svg		1200	800	4376	2026-09-07T16:49:35+00:00	candidate		storyboard
110-01	v02	assets/art/panels/110-01/v02-storyboard-svg.svg	storyboard-svg		1200	800	4769	2026-09-07T16:55:58+00:00	candidate		storyboard
110-01	v03	assets/art/panels/110-01/v03-storyboard-svg.svg	storyboard-svg		1200	800	4783	2026-09-12T20:10:17+00:00	candidate		storyboard
110-01	v04	assets/art/panels/110-01/v04-storyboard-svg.svg	storyboard-svg		1200	800	5108	2026-09-12T21:18:27+00:00	candidate		storyboard
110-01	v05	assets/art/panels/110-01/v05-storyboard-svg.svg	storyboard-svg		1200	800	8648	2026-09-12T23:01:01+00:00	candidate		storyboard
110-01	v06	assets/art/panels/110-01/v06-storyboard-svg.svg	storyboard-svg		1200	800	7747	2026-09-12T23:15:37+00:00	candidate		storyboard
110-01	v07	assets/art/panels/110-01/v07-storyboard-svg.svg	storyboard-svg		1200	800	7736	2026-09-12T23:17:51+00:00	candidate		storyboard
110-01	v08	assets/art/panels/110-01/v08-storyboard-svg.svg	storyboard-svg		1200	800	7772	2026-09-12T23:55:12+00:00	candidate		storyboard
110-01	v09	assets/art/panels/110-01/v09-storyboard-svg.svg	storyboard-svg		1200	800	8923	2026-09-13T00:10:07+00:00	candidate		storyboard
110-01	v10	assets/art/panels/110-01/v10-storyboard-svg.svg	storyboard-svg		1200	800	12520	2026-09-13T00:25:42+00:00	candidate		storyboard
110-01	v11	assets/art/panels/110-01/v11-storyboard-svg.svg	storyboard-svg		1200	800	12907	2026-09-13T01:34:49+00:00	candidate		storyboard
110-02	v01	assets/art/panels/110-02/v01-storyboard-svg.svg	storyboard-svg		1200	800	3527	2026-09-07T16:49:35+00:00	candidate		storyboard
110-02	v02	assets/art/panels/110-02/v02-storyboard-svg.svg	storyboard-svg		1200	800	3642	2026-09-07T16:55:58+00:00	candidate		storyboard
110-02	v03	assets/art/panels/110-02/v03-storyboard-svg.svg	storyboard-svg		1200	800	3990	2026-09-12T21:18:27+00:00	candidate		storyboard
110-02	v04	assets/art/panels/110-02/v04-storyboard-svg.svg	storyboard-svg		1200	800	5491	2026-09-12T23:01:01+00:00	candidate		storyboard
110-02	v05	assets/art/panels/110-02/v05-storyboard-svg.svg	storyboard-svg		1200	800	5537	2026-09-12T23:55:12+00:00	candidate		storyboard
110-02	v06	assets/art/panels/110-02/v06-storyboard-svg.svg	storyboard-svg		1200	800	6544	2026-09-13T00:10:07+00:00	candidate		storyboard
110-02	v07	assets/art/panels/110-02/v07-storyboard-svg.svg	storyboard-svg		1200	800	9794	2026-09-13T00:25:42+00:00	candidate		storyboard
110-02	v08	assets/art/panels/110-02/v08-storyboard-svg.svg	storyboard-svg		1200	800	10002	2026-09-13T01:34:49+00:00	candidate		storyboard
110-03	v01	assets/art/panels/110-03/v01-storyboard-svg.svg	storyboard-svg		1200	800	4831	2026-09-07T16:49:35+00:00	candidate		storyboard
110-03	v02	assets/art/panels/110-03/v02-storyboard-svg.svg	storyboard-svg		1200	800	5077	2026-09-07T16:55:58+00:00	candidate		storyboard
110-03	v03	assets/art/panels/110-03/v03-storyboard-svg.svg	storyboard-svg		1200	800	6220	2026-09-12T21:18:27+00:00	candidate		storyboard
110-03	v04	assets/art/panels/110-03/v04-storyboard-svg.svg	storyboard-svg		1200	800	11405	2026-09-12T23:01:01+00:00	candidate		storyboard
110-03	v05	assets/art/panels/110-03/v05-storyboard-svg.svg	storyboard-svg		1200	800	11451	2026-09-12T23:55:12+00:00	candidate		storyboard
110-03	v06	assets/art/panels/110-03/v06-storyboard-svg.svg	storyboard-svg		1200	800	12458	2026-09-13T00:10:07+00:00	candidate		storyboard
110-03	v07	assets/art/panels/110-03/v07-storyboard-svg.svg	storyboard-svg		1200	800	15708	2026-09-13T00:25:42+00:00	candidate		storyboard
110-03	v08	assets/art/panels/110-03/v08-storyboard-svg.svg	storyboard-svg		1200	800	16099	2026-09-13T01:34:49+00:00	candidate		storyboard
110-04	v01	assets/art/panels/110-04/v01-storyboard-svg.svg	storyboard-svg		1200	800	5899	2026-09-07T16:49:35+00:00	candidate		storyboard
110-04	v02	assets/art/panels/110-04/v02-storyboard-svg.svg	storyboard-svg		1200	800	6601	2026-09-07T16:55:59+00:00	candidate		storyboard
110-04	v03	assets/art/panels/110-04/v03-storyboard-svg.svg	storyboard-svg		1200	800	6871	2026-09-12T21:18:27+00:00	candidate		storyboard
110-04	v04	assets/art/panels/110-04/v04-storyboard-svg.svg	storyboard-svg		1200	800	8161	2026-09-12T23:01:01+00:00	candidate		storyboard
110-04	v05	assets/art/panels/110-04/v05-storyboard-svg.svg	storyboard-svg		1200	800	8197	2026-09-12T23:55:12+00:00	candidate		storyboard
110-04	v06	assets/art/panels/110-04/v06-storyboard-svg.svg	storyboard-svg		1200	800	9348	2026-09-13T00:10:07+00:00	candidate		storyboard
110-04	v07	assets/art/panels/110-04/v07-storyboard-svg.svg	storyboard-svg		1200	800	12945	2026-09-13T00:25:42+00:00	candidate		storyboard
110-04	v08	assets/art/panels/110-04/v08-storyboard-svg.svg	storyboard-svg		1200	800	13881	2026-09-13T01:34:49+00:00	candidate		storyboard
110-05	v01	assets/art/panels/110-05/v01-storyboard-svg.svg	storyboard-svg		1200	800	5744	2026-09-07T16:49:35+00:00	candidate		storyboard
110-05	v02	assets/art/panels/110-05/v02-storyboard-svg.svg	storyboard-svg		1200	800	6731	2026-09-07T16:55:59+00:00	candidate		storyboard
110-05	v03	assets/art/panels/110-05/v03-storyboard-svg.svg	storyboard-svg		1200	800	8002	2026-09-12T21:18:27+00:00	candidate		storyboard
110-05	v04	assets/art/panels/110-05/v04-storyboard-svg.svg	storyboard-svg		1200	800	10765	2026-09-12T23:01:01+00:00	candidate		storyboard
110-05	v05	assets/art/panels/110-05/v05-storyboard-svg.svg	storyboard-svg		1200	800	10811	2026-09-12T23:55:12+00:00	candidate		storyboard
110-05	v06	assets/art/panels/110-05/v06-storyboard-svg.svg	storyboard-svg		1200	800	11818	2026-09-13T00:10:07+00:00	candidate		storyboard
110-05	v07	assets/art/panels/110-05/v07-storyboard-svg.svg	storyboard-svg		1200	800	15068	2026-09-13T00:25:42+00:00	candidate		storyboard
110-05	v08	assets/art/panels/110-05/v08-storyboard-svg.svg	storyboard-svg		1200	800	16321	2026-09-13T01:34:49+00:00	candidate		storyboard
111-01	v01	assets/art/panels/111-01/v01-storyboard-svg.svg	storyboard-svg		1200	800	8370	2026-09-07T16:49:35+00:00	candidate		storyboard
111-01	v02	assets/art/panels/111-01/v02-storyboard-svg.svg	storyboard-svg		1200	800	9175	2026-09-07T16:55:59+00:00	candidate		storyboard
111-01	v03	assets/art/panels/111-01/v03-storyboard-svg.svg	storyboard-svg		1200	800	9550	2026-09-12T21:18:27+00:00	candidate		storyboard
111-01	v04	assets/art/panels/111-01/v04-storyboard-svg.svg	storyboard-svg		1200	800	11608	2026-09-12T23:01:01+00:00	candidate		storyboard
111-01	v05	assets/art/panels/111-01/v05-storyboard-svg.svg	storyboard-svg		1200	800	11654	2026-09-12T23:55:12+00:00	candidate		storyboard
111-01	v06	assets/art/panels/111-01/v06-storyboard-svg.svg	storyboard-svg		1200	800	12663	2026-09-13T00:10:07+00:00	candidate		storyboard
111-01	v07	assets/art/panels/111-01/v07-storyboard-svg.svg	storyboard-svg		1200	800	15913	2026-09-13T00:25:42+00:00	candidate		storyboard
111-01	v08	assets/art/panels/111-01/v08-storyboard-svg.svg	storyboard-svg		1200	800	16853	2026-09-13T01:34:49+00:00	candidate		storyboard
111-02	v01	assets/art/panels/111-02/v01-storyboard-svg.svg	storyboard-svg		1200	800	5392	2026-09-07T16:49:36+00:00	candidate		storyboard
111-02	v02	assets/art/panels/111-02/v02-storyboard-svg.svg	storyboard-svg		1200	800	5785	2026-09-07T16:55:59+00:00	candidate		storyboard
111-02	v03	assets/art/panels/111-02/v03-storyboard-svg.svg	storyboard-svg		1200	800	6047	2026-09-12T21:18:27+00:00	candidate		storyboard
111-02	v04	assets/art/panels/111-02/v04-storyboard-svg.svg	storyboard-svg		1200	800	8769	2026-09-12T23:01:01+00:00	candidate		storyboard
111-02	v05	assets/art/panels/111-02/v05-storyboard-svg.svg	storyboard-svg		1200	800	8805	2026-09-12T23:55:12+00:00	candidate		storyboard
111-02	v06	assets/art/panels/111-02/v06-storyboard-svg.svg	storyboard-svg		1200	800	9956	2026-09-13T00:10:07+00:00	candidate		storyboard
111-02	v07	assets/art/panels/111-02/v07-storyboard-svg.svg	storyboard-svg		1200	800	13553	2026-09-13T00:25:42+00:00	candidate		storyboard
111-02	v08	assets/art/panels/111-02/v08-storyboard-svg.svg	storyboard-svg		1200	800	13964	2026-09-13T01:34:49+00:00	candidate		storyboard
111-03	v01	assets/art/panels/111-03/v01-storyboard-svg.svg	storyboard-svg		1200	800	4901	2026-09-07T16:49:36+00:00	candidate		storyboard
111-03	v02	assets/art/panels/111-03/v02-storyboard-svg.svg	storyboard-svg		1200	800	5338	2026-09-07T16:55:59+00:00	candidate		storyboard
111-03	v03	assets/art/panels/111-03/v03-storyboard-svg.svg	storyboard-svg		1200	800	6839	2026-09-12T21:18:27+00:00	candidate		storyboard
111-03	v04	assets/art/panels/111-03/v04-storyboard-svg.svg	storyboard-svg		1200	800	9823	2026-09-12T23:01:01+00:00	candidate		storyboard
111-03	v05	assets/art/panels/111-03/v05-storyboard-svg.svg	storyboard-svg		1200	800	9859	2026-09-12T23:55:12+00:00	candidate		storyboard
111-03	v06	assets/art/panels/111-03/v06-storyboard-svg.svg	storyboard-svg		1200	800	11010	2026-09-13T00:10:07+00:00	candidate		storyboard
111-03	v07	assets/art/panels/111-03/v07-storyboard-svg.svg	storyboard-svg		1200	800	14607	2026-09-13T00:25:42+00:00	candidate		storyboard
111-03	v08	assets/art/panels/111-03/v08-storyboard-svg.svg	storyboard-svg		1200	800	15177	2026-09-13T01:34:49+00:00	candidate		storyboard
111-04	v01	assets/art/panels/111-04/v01-storyboard-svg.svg	storyboard-svg		1200	800	3900	2026-09-07T16:49:36+00:00	candidate		storyboard
111-04	v02	assets/art/panels/111-04/v02-storyboard-svg.svg	storyboard-svg		1200	800	4015	2026-09-07T16:55:59+00:00	candidate		storyboard
111-04	v03	assets/art/panels/111-04/v03-storyboard-svg.svg	storyboard-svg		1200	800	4129	2026-09-12T20:10:17+00:00	candidate		storyboard
111-04	v04	assets/art/panels/111-04/v04-storyboard-svg.svg	storyboard-svg		1200	800	4127	2026-09-12T20:13:58+00:00	candidate		storyboard
111-04	v05	assets/art/panels/111-04/v05-storyboard-svg.svg	storyboard-svg		1200	800	4393	2026-09-12T21:18:27+00:00	candidate		storyboard
111-04	v06	assets/art/panels/111-04/v06-storyboard-svg.svg	storyboard-svg		1200	800	5894	2026-09-12T23:01:01+00:00	candidate		storyboard
111-04	v07	assets/art/panels/111-04/v07-storyboard-svg.svg	storyboard-svg		1200	800	5930	2026-09-12T23:55:12+00:00	candidate		storyboard
111-04	v08	assets/art/panels/111-04/v08-storyboard-svg.svg	storyboard-svg		1200	800	7081	2026-09-13T00:10:07+00:00	candidate		storyboard
111-04	v09	assets/art/panels/111-04/v09-storyboard-svg.svg	storyboard-svg		1200	800	10678	2026-09-13T00:25:42+00:00	candidate		storyboard
111-04	v10	assets/art/panels/111-04/v10-storyboard-svg.svg	storyboard-svg		1200	800	10907	2026-09-13T01:34:49+00:00	candidate		storyboard
111-05	v01	assets/art/panels/111-05/v01-storyboard-svg.svg	storyboard-svg		1200	800	5279	2026-09-07T16:49:36+00:00	candidate		storyboard
111-05	v02	assets/art/panels/111-05/v02-storyboard-svg.svg	storyboard-svg		1200	800	5757	2026-09-07T16:55:59+00:00	candidate		storyboard
111-05	v03	assets/art/panels/111-05/v03-storyboard-svg.svg	storyboard-svg		1200	800	5839	2026-09-07T17:01:51+00:00	candidate		storyboard
111-05	v04	assets/art/panels/111-05/v04-storyboard-svg.svg	storyboard-svg		1200	800	6236	2026-09-12T21:18:27+00:00	candidate		storyboard
111-05	v05	assets/art/panels/111-05/v05-storyboard-svg.svg	storyboard-svg		1200	800	10086	2026-09-12T23:01:01+00:00	candidate		storyboard
111-05	v06	assets/art/panels/111-05/v06-storyboard-svg.svg	storyboard-svg		1200	800	10122	2026-09-12T23:55:12+00:00	candidate		storyboard
111-05	v07	assets/art/panels/111-05/v07-storyboard-svg.svg	storyboard-svg		1200	800	11273	2026-09-13T00:10:07+00:00	candidate		storyboard
111-05	v08	assets/art/panels/111-05/v08-storyboard-svg.svg	storyboard-svg		1200	800	14870	2026-09-13T00:25:42+00:00	candidate		storyboard
111-05	v09	assets/art/panels/111-05/v09-storyboard-svg.svg	storyboard-svg		1200	800	15444	2026-09-13T01:34:49+00:00	candidate		storyboard
111-06	v01	assets/art/panels/111-06/v01-storyboard-svg.svg	storyboard-svg		1200	800	8622	2026-09-07T16:49:36+00:00	candidate		storyboard
111-06	v02	assets/art/panels/111-06/v02-storyboard-svg.svg	storyboard-svg		1200	800	9061	2026-09-07T16:56:00+00:00	candidate		storyboard
111-06	v03	assets/art/panels/111-06/v03-storyboard-svg.svg	storyboard-svg		1200	800	9390	2026-09-12T21:18:27+00:00	candidate		storyboard
111-06	v04	assets/art/panels/111-06/v04-storyboard-svg.svg	storyboard-svg		1200	800	9952	2026-09-12T22:35:06+00:00	candidate		storyboard
111-06	v05	assets/art/panels/111-06/v05-storyboard-svg.svg	storyboard-svg		1200	800	19863	2026-09-12T23:01:01+00:00	candidate		storyboard
111-06	v06	assets/art/panels/111-06/v06-storyboard-svg.svg	storyboard-svg		1200	800	19899	2026-09-12T23:55:12+00:00	candidate		storyboard
111-06	v07	assets/art/panels/111-06/v07-storyboard-svg.svg	storyboard-svg		1200	800	20466	2026-09-13T01:34:49+00:00	candidate		storyboard
112-01	v01	assets/art/panels/112-01/v01-storyboard-svg.svg	storyboard-svg		1200	800	7106	2026-09-07T16:49:36+00:00	candidate		storyboard
112-01	v02	assets/art/panels/112-01/v02-storyboard-svg.svg	storyboard-svg		1200	800	7416	2026-09-07T16:56:00+00:00	candidate		storyboard
112-01	v03	assets/art/panels/112-01/v03-storyboard-svg.svg	storyboard-svg		1200	800	7779	2026-09-12T21:18:27+00:00	candidate		storyboard
112-01	v04	assets/art/panels/112-01/v04-storyboard-svg.svg	storyboard-svg		1200	800	8341	2026-09-12T22:35:06+00:00	candidate		storyboard
112-01	v05	assets/art/panels/112-01/v05-storyboard-svg.svg	storyboard-svg		1200	800	16165	2026-09-12T23:01:01+00:00	candidate		storyboard
112-01	v06	assets/art/panels/112-01/v06-storyboard-svg.svg	storyboard-svg		1200	800	16201	2026-09-12T23:55:12+00:00	candidate		storyboard
112-01	v07	assets/art/panels/112-01/v07-storyboard-svg.svg	storyboard-svg		1200	800	16586	2026-09-13T01:34:49+00:00	candidate		storyboard
112-02	v01	assets/art/panels/112-02/v01-storyboard-svg.svg	storyboard-svg		1200	800	6318	2026-09-07T16:49:36+00:00	candidate		storyboard
112-02	v02	assets/art/panels/112-02/v02-storyboard-svg.svg	storyboard-svg		1200	800	7204	2026-09-07T16:56:00+00:00	candidate		storyboard
112-02	v03	assets/art/panels/112-02/v03-storyboard-svg.svg	storyboard-svg		1200	800	7643	2026-09-12T21:18:27+00:00	candidate		storyboard
112-02	v04	assets/art/panels/112-02/v04-storyboard-svg.svg	storyboard-svg		1200	800	16399	2026-09-12T23:01:01+00:00	candidate		storyboard
112-02	v05	assets/art/panels/112-02/v05-storyboard-svg.svg	storyboard-svg		1200	800	16435	2026-09-12T23:55:12+00:00	candidate		storyboard
112-02	v06	assets/art/panels/112-02/v06-storyboard-svg.svg	storyboard-svg		1200	800	17586	2026-09-13T00:10:07+00:00	candidate		storyboard
112-02	v07	assets/art/panels/112-02/v07-storyboard-svg.svg	storyboard-svg		1200	800	21183	2026-09-13T00:25:42+00:00	candidate		storyboard
112-02	v08	assets/art/panels/112-02/v08-storyboard-svg.svg	storyboard-svg		1200	800	22340	2026-09-13T01:34:49+00:00	candidate		storyboard
112-03	v01	assets/art/panels/112-03/v01-storyboard-svg.svg	storyboard-svg		1200	800	5454	2026-09-07T16:49:36+00:00	candidate		storyboard
112-03	v02	assets/art/panels/112-03/v02-storyboard-svg.svg	storyboard-svg		1200	800	6165	2026-09-07T16:56:00+00:00	candidate		storyboard
112-03	v03	assets/art/panels/112-03/v03-storyboard-svg.svg	storyboard-svg		1200	800	6432	2026-09-12T21:18:27+00:00	candidate		storyboard
112-03	v04	assets/art/panels/112-03/v04-storyboard-svg.svg	storyboard-svg		1200	800	10393	2026-09-12T23:01:01+00:00	candidate		storyboard
112-03	v05	assets/art/panels/112-03/v05-storyboard-svg.svg	storyboard-svg		1200	800	10429	2026-09-12T23:55:12+00:00	candidate		storyboard
112-03	v06	assets/art/panels/112-03/v06-storyboard-svg.svg	storyboard-svg		1200	800	11580	2026-09-13T00:10:07+00:00	candidate		storyboard
112-03	v07	assets/art/panels/112-03/v07-storyboard-svg.svg	storyboard-svg		1200	800	15177	2026-09-13T00:25:42+00:00	candidate		storyboard
112-03	v08	assets/art/panels/112-03/v08-storyboard-svg.svg	storyboard-svg		1200	800	15932	2026-09-13T01:34:49+00:00	candidate		storyboard
112-04	v01	assets/art/panels/112-04/v01-storyboard-svg.svg	storyboard-svg		1200	800	5435	2026-09-07T16:49:36+00:00	candidate		storyboard
112-04	v02	assets/art/panels/112-04/v02-storyboard-svg.svg	storyboard-svg		1200	800	6050	2026-09-07T16:56:00+00:00	candidate		storyboard
112-04	v03	assets/art/panels/112-04/v03-storyboard-svg.svg	storyboard-svg		1200	800	6394	2026-09-12T21:18:27+00:00	candidate		storyboard
112-04	v04	assets/art/panels/112-04/v04-storyboard-svg.svg	storyboard-svg		1200	800	12304	2026-09-12T23:01:01+00:00	candidate		storyboard
112-04	v05	assets/art/panels/112-04/v05-storyboard-svg.svg	storyboard-svg		1200	800	12340	2026-09-12T23:55:12+00:00	candidate		storyboard
112-04	v06	assets/art/panels/112-04/v06-storyboard-svg.svg	storyboard-svg		1200	800	13491	2026-09-13T00:10:07+00:00	candidate		storyboard
112-04	v07	assets/art/panels/112-04/v07-storyboard-svg.svg	storyboard-svg		1200	800	17088	2026-09-13T00:25:42+00:00	candidate		storyboard
112-04	v08	assets/art/panels/112-04/v08-storyboard-svg.svg	storyboard-svg		1200	800	17863	2026-09-13T01:34:49+00:00	candidate		storyboard
112-05	v01	assets/art/panels/112-05/v01-storyboard-svg.svg	storyboard-svg		1200	800	4124	2026-09-07T16:49:36+00:00	candidate		storyboard
112-05	v02	assets/art/panels/112-05/v02-storyboard-svg.svg	storyboard-svg		1200	800	4302	2026-09-07T16:56:00+00:00	candidate		storyboard
112-05	v03	assets/art/panels/112-05/v03-storyboard-svg.svg	storyboard-svg		1200	800	4384	2026-09-07T17:01:51+00:00	candidate		storyboard
112-05	v04	assets/art/panels/112-05/v04-storyboard-svg.svg	storyboard-svg		1200	800	3983	2026-09-12T21:18:27+00:00	candidate		storyboard
112-05	v05	assets/art/panels/112-05/v05-storyboard-svg.svg	storyboard-svg		1200	800	6044	2026-09-12T23:01:01+00:00	candidate		storyboard
112-05	v06	assets/art/panels/112-05/v06-storyboard-svg.svg	storyboard-svg		1200	800	6080	2026-09-12T23:55:12+00:00	candidate		storyboard
112-05	v07	assets/art/panels/112-05/v07-storyboard-svg.svg	storyboard-svg		1200	800	7231	2026-09-13T00:10:07+00:00	candidate		storyboard
112-05	v08	assets/art/panels/112-05/v08-storyboard-svg.svg	storyboard-svg		1200	800	10828	2026-09-13T00:25:42+00:00	candidate		storyboard
112-05	v09	assets/art/panels/112-05/v09-storyboard-svg.svg	storyboard-svg		1200	800	11036	2026-09-13T01:34:49+00:00	candidate		storyboard
113-01	v01	assets/art/panels/113-01/v01-storyboard-svg.svg	storyboard-svg		1200	800	9380	2026-09-07T16:49:37+00:00	candidate		storyboard
113-01	v02	assets/art/panels/113-01/v02-storyboard-svg.svg	storyboard-svg		1200	800	9780	2026-09-07T16:56:00+00:00	candidate		storyboard
113-01	v03	assets/art/panels/113-01/v03-storyboard-svg.svg	storyboard-svg		1200	800	10169	2026-09-12T21:18:27+00:00	candidate		storyboard
113-01	v04	assets/art/panels/113-01/v04-storyboard-svg.svg	storyboard-svg		1200	800	10731	2026-09-12T22:35:06+00:00	candidate		storyboard
113-01	v05	assets/art/panels/113-01/v05-storyboard-svg.svg	storyboard-svg		1200	800	20322	2026-09-12T23:01:01+00:00	candidate		storyboard
113-01	v06	assets/art/panels/113-01/v06-storyboard-svg.svg	storyboard-svg		1200	800	20358	2026-09-12T23:55:12+00:00	candidate		storyboard
113-01	v07	assets/art/panels/113-01/v07-storyboard-svg.svg	storyboard-svg		1200	800	20951	2026-09-13T01:34:49+00:00	candidate		storyboard
113-02	v01	assets/art/panels/113-02/v01-storyboard-svg.svg	storyboard-svg		1200	800	3844	2026-09-07T16:49:37+00:00	candidate		storyboard
113-02	v02	assets/art/panels/113-02/v02-storyboard-svg.svg	storyboard-svg		1200	800	4090	2026-09-07T16:56:01+00:00	candidate		storyboard
113-02	v03	assets/art/panels/113-02/v03-storyboard-svg.svg	storyboard-svg		1200	800	4509	2026-09-12T21:18:27+00:00	candidate		storyboard
113-02	v04	assets/art/panels/113-02/v04-storyboard-svg.svg	storyboard-svg		1200	800	7861	2026-09-12T23:01:01+00:00	candidate		storyboard
113-02	v05	assets/art/panels/113-02/v05-storyboard-svg.svg	storyboard-svg		1200	800	7897	2026-09-12T23:55:12+00:00	candidate		storyboard
113-02	v06	assets/art/panels/113-02/v06-storyboard-svg.svg	storyboard-svg		1200	800	9048	2026-09-13T00:10:07+00:00	candidate		storyboard
113-02	v07	assets/art/panels/113-02/v07-storyboard-svg.svg	storyboard-svg		1200	800	12645	2026-09-13T00:25:42+00:00	candidate		storyboard
113-02	v08	assets/art/panels/113-02/v08-storyboard-svg.svg	storyboard-svg		1200	800	13035	2026-09-13T01:34:49+00:00	candidate		storyboard
113-03	v01	assets/art/panels/113-03/v01-storyboard-svg.svg	storyboard-svg		1200	800	4156	2026-09-07T16:49:37+00:00	candidate		storyboard
113-03	v02	assets/art/panels/113-03/v02-storyboard-svg.svg	storyboard-svg		1200	800	4452	2026-09-07T16:56:01+00:00	candidate		storyboard
113-03	v03	assets/art/panels/113-03/v03-storyboard-svg.svg	storyboard-svg		1200	800	4832	2026-09-12T21:18:27+00:00	candidate		storyboard
113-03	v04	assets/art/panels/113-03/v04-storyboard-svg.svg	storyboard-svg		1200	800	7699	2026-09-12T23:01:01+00:00	candidate		storyboard
113-03	v05	assets/art/panels/113-03/v05-storyboard-svg.svg	storyboard-svg		1200	800	7735	2026-09-12T23:55:12+00:00	candidate		storyboard
113-03	v06	assets/art/panels/113-03/v06-storyboard-svg.svg	storyboard-svg		1200	800	8886	2026-09-13T00:10:07+00:00	candidate		storyboard
113-03	v07	assets/art/panels/113-03/v07-storyboard-svg.svg	storyboard-svg		1200	800	12483	2026-09-13T00:25:42+00:00	candidate		storyboard
113-03	v08	assets/art/panels/113-03/v08-storyboard-svg.svg	storyboard-svg		1200	800	12870	2026-09-13T01:34:49+00:00	candidate		storyboard
113-04	v01	assets/art/panels/113-04/v01-storyboard-svg.svg	storyboard-svg		1200	800	4121	2026-09-07T16:49:37+00:00	candidate		storyboard
113-04	v02	assets/art/panels/113-04/v02-storyboard-svg.svg	storyboard-svg		1200	800	4367	2026-09-07T16:56:01+00:00	candidate		storyboard
113-04	v03	assets/art/panels/113-04/v03-storyboard-svg.svg	storyboard-svg		1200	800	4790	2026-09-12T21:18:27+00:00	candidate		storyboard
113-04	v04	assets/art/panels/113-04/v04-storyboard-svg.svg	storyboard-svg		1200	800	8564	2026-09-12T23:01:01+00:00	candidate		storyboard
113-04	v05	assets/art/panels/113-04/v05-storyboard-svg.svg	storyboard-svg		1200	800	8600	2026-09-12T23:55:12+00:00	candidate		storyboard
113-04	v06	assets/art/panels/113-04/v06-storyboard-svg.svg	storyboard-svg		1200	800	9751	2026-09-13T00:10:07+00:00	candidate		storyboard
113-04	v07	assets/art/panels/113-04/v07-storyboard-svg.svg	storyboard-svg		1200	800	13348	2026-09-13T00:25:42+00:00	candidate		storyboard
113-04	v08	assets/art/panels/113-04/v08-storyboard-svg.svg	storyboard-svg		1200	800	13739	2026-09-13T01:34:49+00:00	candidate		storyboard
113-05	v01	assets/art/panels/113-05/v01-storyboard-svg.svg	storyboard-svg		1200	800	7319	2026-09-07T16:49:37+00:00	candidate		storyboard
113-05	v02	assets/art/panels/113-05/v02-storyboard-svg.svg	storyboard-svg		1200	800	7656	2026-09-07T16:56:01+00:00	candidate		storyboard
113-05	v03	assets/art/panels/113-05/v03-storyboard-svg.svg	storyboard-svg		1200	800	8007	2026-09-12T21:18:27+00:00	candidate		storyboard
113-05	v04	assets/art/panels/113-05/v04-storyboard-svg.svg	storyboard-svg		1200	800	8569	2026-09-12T22:35:06+00:00	candidate		storyboard
113-05	v05	assets/art/panels/113-05/v05-storyboard-svg.svg	storyboard-svg		1200	800	16393	2026-09-12T23:01:01+00:00	candidate		storyboard
113-05	v06	assets/art/panels/113-05/v06-storyboard-svg.svg	storyboard-svg		1200	800	16429	2026-09-12T23:55:12+00:00	candidate		storyboard
113-05	v07	assets/art/panels/113-05/v07-storyboard-svg.svg	storyboard-svg		1200	800	16839	2026-09-13T01:34:49+00:00	candidate		storyboard
114-01	v01	assets/art/panels/114-01/v01-storyboard-svg.svg	storyboard-svg		1200	800	6848	2026-09-07T16:49:37+00:00	candidate		storyboard
114-01	v02	assets/art/panels/114-01/v02-storyboard-svg.svg	storyboard-svg		1200	800	7193	2026-09-07T16:56:01+00:00	candidate		storyboard
114-01	v03	assets/art/panels/114-01/v03-storyboard-svg.svg	storyboard-svg		1200	800	13326	2026-09-09T21:19:16+00:00	candidate		storyboard
114-01	v04	assets/art/panels/114-01/v04-storyboard-svg.svg	storyboard-svg		1200	800	13328	2026-09-09T21:21:41+00:00	candidate		storyboard
114-01	v05	assets/art/panels/114-01/v05-storyboard-svg.svg	storyboard-svg		1200	800	100094	2026-09-09T21:55:36+00:00	rejected	Superseded during logo review: nonuniform asset scaling distorted the supplied logo; v06 preserves its proportions.	storyboard
114-01	v06	assets/art/panels/114-01/v06-storyboard-svg.svg	storyboard-svg		1200	800	100202	2026-09-09T21:56:38+00:00	candidate		storyboard
114-01	v07	assets/art/panels/114-01/v07-storyboard-svg.svg	storyboard-svg		1200	800	101030	2026-09-12T21:18:27+00:00	candidate		storyboard
114-01	v08	assets/art/panels/114-01/v08-storyboard-svg.svg	storyboard-svg		1200	800	101592	2026-09-12T22:35:06+00:00	candidate		storyboard
114-01	v09	assets/art/panels/114-01/v09-storyboard-svg.svg	storyboard-svg		1200	800	113542	2026-09-12T23:01:01+00:00	candidate		storyboard
114-01	v10	assets/art/panels/114-01/v10-storyboard-svg.svg	storyboard-svg		1200	800	113578	2026-09-12T23:55:12+00:00	candidate		storyboard
114-01	v11	assets/art/panels/114-01/v11-storyboard-svg.svg	storyboard-svg		1200	800	114173	2026-09-13T01:34:49+00:00	candidate		storyboard
114-02	v01	assets/art/panels/114-02/v01-storyboard-svg.svg	storyboard-svg		1200	800	6885	2026-09-07T16:49:37+00:00	candidate		storyboard
114-02	v02	assets/art/panels/114-02/v02-storyboard-svg.svg	storyboard-svg		1200	800	7534	2026-09-07T16:56:01+00:00	candidate		storyboard
114-02	v03	assets/art/panels/114-02/v03-storyboard-svg.svg	storyboard-svg		1200	800	7615	2026-09-09T21:19:16+00:00	candidate		storyboard
114-02	v04	assets/art/panels/114-02/v04-storyboard-svg.svg	storyboard-svg		1200	800	8135	2026-09-12T21:18:27+00:00	candidate		storyboard
114-02	v05	assets/art/panels/114-02/v05-storyboard-svg.svg	storyboard-svg		1200	800	12385	2026-09-12T23:01:01+00:00	candidate		storyboard
114-02	v06	assets/art/panels/114-02/v06-storyboard-svg.svg	storyboard-svg		1200	800	12421	2026-09-12T23:55:12+00:00	candidate		storyboard
114-02	v07	assets/art/panels/114-02/v07-storyboard-svg.svg	storyboard-svg		1200	800	13572	2026-09-13T00:10:07+00:00	candidate		storyboard
114-02	v08	assets/art/panels/114-02/v08-storyboard-svg.svg	storyboard-svg		1200	800	17169	2026-09-13T00:25:42+00:00	candidate		storyboard
114-02	v09	assets/art/panels/114-02/v09-storyboard-svg.svg	storyboard-svg		1200	800	18055	2026-09-13T01:34:49+00:00	candidate		storyboard
114-03	v01	assets/art/panels/114-03/v01-storyboard-svg.svg	storyboard-svg		1200	800	5437	2026-09-07T16:49:37+00:00	candidate		storyboard
114-03	v02	assets/art/panels/114-03/v02-storyboard-svg.svg	storyboard-svg		1200	800	5805	2026-09-07T16:56:01+00:00	candidate		storyboard
114-03	v03	assets/art/panels/114-03/v03-storyboard-svg.svg	storyboard-svg		1200	800	6303	2026-09-12T21:18:27+00:00	candidate		storyboard
114-03	v04	assets/art/panels/114-03/v04-storyboard-svg.svg	storyboard-svg		1200	800	10473	2026-09-12T23:01:01+00:00	candidate		storyboard
114-03	v05	assets/art/panels/114-03/v05-storyboard-svg.svg	storyboard-svg		1200	800	10530	2026-09-12T23:55:12+00:00	candidate		storyboard
114-03	v06	assets/art/panels/114-03/v06-storyboard-svg.svg	storyboard-svg		1200	800	12709	2026-09-13T00:10:07+00:00	candidate		storyboard
114-03	v07	assets/art/panels/114-03/v07-storyboard-svg.svg	storyboard-svg		1200	800	19429	2026-09-13T00:25:42+00:00	candidate		storyboard
114-03	v08	assets/art/panels/114-03/v08-storyboard-svg.svg	storyboard-svg		1200	800	20002	2026-09-13T01:34:49+00:00	candidate		storyboard
114-04	v01	assets/art/panels/114-04/v01-storyboard-svg.svg	storyboard-svg		1200	800	5211	2026-09-07T16:49:37+00:00	candidate		storyboard
114-04	v02	assets/art/panels/114-04/v02-storyboard-svg.svg	storyboard-svg		1200	800	5579	2026-09-07T16:56:02+00:00	candidate		storyboard
114-04	v03	assets/art/panels/114-04/v03-storyboard-svg.svg	storyboard-svg		1200	800	6056	2026-09-12T21:18:27+00:00	candidate		storyboard
114-04	v04	assets/art/panels/114-04/v04-storyboard-svg.svg	storyboard-svg		1200	800	10909	2026-09-12T23:01:01+00:00	candidate		storyboard
114-04	v05	assets/art/panels/114-04/v05-storyboard-svg.svg	storyboard-svg		1200	800	10939	2026-09-12T23:55:12+00:00	candidate		storyboard
114-04	v06	assets/art/panels/114-04/v06-storyboard-svg.svg	storyboard-svg		1200	800	11962	2026-09-13T00:10:07+00:00	candidate		storyboard
114-04	v07	assets/art/panels/114-04/v07-storyboard-svg.svg	storyboard-svg		1200	800	15085	2026-09-13T00:25:42+00:00	candidate		storyboard
114-04	v08	assets/art/panels/114-04/v08-storyboard-svg.svg	storyboard-svg		1200	800	15659	2026-09-13T01:34:49+00:00	candidate		storyboard
114-05	v01	assets/art/panels/114-05/v01-storyboard-svg.svg	storyboard-svg		1200	800	5506	2026-09-07T16:49:37+00:00	candidate		storyboard
114-05	v02	assets/art/panels/114-05/v02-storyboard-svg.svg	storyboard-svg		1200	800	5650	2026-09-07T16:56:02+00:00	candidate		storyboard
114-05	v03	assets/art/panels/114-05/v03-storyboard-svg.svg	storyboard-svg		1200	800	5962	2026-09-12T21:18:27+00:00	candidate		storyboard
114-05	v04	assets/art/panels/114-05/v04-storyboard-svg.svg	storyboard-svg		1200	800	26055	2026-09-12T23:01:01+00:00	candidate		storyboard
114-05	v05	assets/art/panels/114-05/v05-storyboard-svg.svg	storyboard-svg		1200	800	26085	2026-09-12T23:55:12+00:00	candidate		storyboard
114-05	v06	assets/art/panels/114-05/v06-storyboard-svg.svg	storyboard-svg		1200	800	27108	2026-09-13T00:10:07+00:00	candidate		storyboard
114-05	v07	assets/art/panels/114-05/v07-storyboard-svg.svg	storyboard-svg		1200	800	30231	2026-09-13T00:25:42+00:00	candidate		storyboard
114-05	v08	assets/art/panels/114-05/v08-storyboard-svg.svg	storyboard-svg		1200	800	30439	2026-09-13T01:34:49+00:00	candidate		storyboard
115-01	v01	assets/art/panels/115-01/v01-flux2-klein-4b-4001.webp	flux2-klein-4b	4001	1200	800	420730	2026-09-04T12:52:17+00:00	candidate		refined
115-01	v02	assets/art/panels/115-01/v02-flux2-klein-4b-4001.webp	flux2-klein-4b	4001	1200	800	403732	2026-09-04T12:52:17+00:00	candidate		refined
115-01	v03	assets/art/panels/115-01/v03-storyboard-svg.svg	storyboard-svg		1200	800	2652	2026-09-07T16:49:37+00:00	candidate		storyboard
115-01	v04	assets/art/panels/115-01/v04-storyboard-svg.svg	storyboard-svg		1200	800	2993	2026-09-12T21:18:27+00:00	candidate		storyboard
115-01	v05	assets/art/panels/115-01/v05-storyboard-svg.svg	storyboard-svg		1200	800	3443	2026-09-12T22:35:06+00:00	candidate		storyboard
115-01	v06	assets/art/panels/115-01/v06-storyboard-svg.svg	storyboard-svg		1200	800	3895	2026-09-12T23:01:01+00:00	candidate		storyboard
115-01	v07	assets/art/panels/115-01/v07-storyboard-svg.svg	storyboard-svg		1200	800	3940	2026-09-12T23:55:12+00:00	candidate		storyboard
115-01	v08	assets/art/panels/115-01/v08-storyboard-svg.svg	storyboard-svg		1200	800	3965	2026-09-13T01:34:49+00:00	candidate		storyboard
115-02	v01	assets/art/panels/115-02/v01-flux2-klein-4b-4001.webp	flux2-klein-4b	4001	1200	800	459758	2026-09-04T12:52:17+00:00	candidate		refined
115-02	v02	assets/art/panels/115-02/v02-flux2-klein-4b-4001.webp	flux2-klein-4b	4001	1200	800	458184	2026-09-04T12:52:17+00:00	candidate		refined
115-02	v03	assets/art/panels/115-02/v03-storyboard-svg.svg	storyboard-svg		1200	800	4178	2026-09-07T16:49:38+00:00	candidate		storyboard
115-02	v04	assets/art/panels/115-02/v04-storyboard-svg.svg	storyboard-svg		1200	800	4416	2026-09-07T16:56:02+00:00	candidate		storyboard
115-02	v05	assets/art/panels/115-02/v05-storyboard-svg.svg	storyboard-svg		1200	800	4824	2026-09-12T21:18:27+00:00	candidate		storyboard
115-02	v06	assets/art/panels/115-02/v06-storyboard-svg.svg	storyboard-svg		1200	800	9598	2026-09-12T23:01:01+00:00	candidate		storyboard
115-02	v07	assets/art/panels/115-02/v07-storyboard-svg.svg	storyboard-svg		1200	800	9643	2026-09-12T23:55:12+00:00	candidate		storyboard
115-02	v08	assets/art/panels/115-02/v08-storyboard-svg.svg	storyboard-svg		1200	800	10762	2026-09-13T00:10:07+00:00	candidate		storyboard
115-02	v09	assets/art/panels/115-02/v09-storyboard-svg.svg	storyboard-svg		1200	800	13955	2026-09-13T00:25:42+00:00	candidate		storyboard
115-02	v10	assets/art/panels/115-02/v10-storyboard-svg.svg	storyboard-svg		1200	800	14344	2026-09-13T01:34:49+00:00	candidate		storyboard
115-03	v01	assets/art/panels/115-03/v01-storyboard-svg.svg	storyboard-svg		1200	800	3678	2026-09-07T16:49:38+00:00	candidate		storyboard
115-03	v02	assets/art/panels/115-03/v02-storyboard-svg.svg	storyboard-svg		1200	800	3924	2026-09-07T16:56:02+00:00	candidate		storyboard
115-03	v03	assets/art/panels/115-03/v03-storyboard-svg.svg	storyboard-svg		1200	800	4381	2026-09-12T21:18:27+00:00	candidate		storyboard
115-03	v04	assets/art/panels/115-03/v04-storyboard-svg.svg	storyboard-svg		1200	800	6408	2026-09-12T23:01:01+00:00	candidate		storyboard
115-03	v05	assets/art/panels/115-03/v05-storyboard-svg.svg	storyboard-svg		1200	800	6453	2026-09-12T23:55:12+00:00	candidate		storyboard
115-03	v06	assets/art/panels/115-03/v06-storyboard-svg.svg	storyboard-svg		1200	800	7572	2026-09-13T00:10:07+00:00	candidate		storyboard
115-03	v07	assets/art/panels/115-03/v07-storyboard-svg.svg	storyboard-svg		1200	800	10765	2026-09-13T00:25:42+00:00	candidate		storyboard
115-03	v08	assets/art/panels/115-03/v08-storyboard-svg.svg	storyboard-svg		1200	800	11156	2026-09-13T01:34:49+00:00	candidate		storyboard
115-04	v01	assets/art/panels/115-04/v01-storyboard-svg.svg	storyboard-svg		1200	800	2253	2026-09-07T16:49:38+00:00	candidate		storyboard
115-04	v02	assets/art/panels/115-04/v02-storyboard-svg.svg	storyboard-svg		1200	800	2335	2026-09-07T17:01:51+00:00	candidate		storyboard
115-04	v03	assets/art/panels/115-04/v03-storyboard-svg.svg	storyboard-svg		1200	800	2666	2026-09-12T21:18:27+00:00	candidate		storyboard
115-04	v04	assets/art/panels/115-04/v04-storyboard-svg.svg	storyboard-svg		1200	800	2726	2026-09-12T23:01:01+00:00	candidate		storyboard
115-04	v05	assets/art/panels/115-04/v05-storyboard-svg.svg	storyboard-svg		1200	800	2771	2026-09-12T23:55:12+00:00	candidate		storyboard
115-05	v01	assets/art/panels/115-05/v01-storyboard-svg.svg	storyboard-svg		1200	800	4568	2026-09-07T16:49:38+00:00	candidate		storyboard
115-05	v02	assets/art/panels/115-05/v02-storyboard-svg.svg	storyboard-svg		1200	800	4936	2026-09-07T16:56:02+00:00	candidate		storyboard
115-05	v03	assets/art/panels/115-05/v03-storyboard-svg.svg	storyboard-svg		1200	800	5365	2026-09-12T21:18:27+00:00	candidate		storyboard
115-05	v04	assets/art/panels/115-05/v04-storyboard-svg.svg	storyboard-svg		1200	800	10910	2026-09-12T23:01:01+00:00	candidate		storyboard
115-05	v05	assets/art/panels/115-05/v05-storyboard-svg.svg	storyboard-svg		1200	800	10955	2026-09-12T23:55:12+00:00	candidate		storyboard
115-05	v06	assets/art/panels/115-05/v06-storyboard-svg.svg	storyboard-svg		1200	800	12074	2026-09-13T00:10:07+00:00	candidate		storyboard
115-05	v07	assets/art/panels/115-05/v07-storyboard-svg.svg	storyboard-svg		1200	800	15267	2026-09-13T00:25:42+00:00	candidate		storyboard
115-05	v08	assets/art/panels/115-05/v08-storyboard-svg.svg	storyboard-svg		1200	800	15841	2026-09-13T01:34:49+00:00	candidate		storyboard
116-01	v01	assets/art/panels/116-01/v01-storyboard-svg.svg	storyboard-svg		1200	800	4309	2026-09-07T16:49:38+00:00	candidate		storyboard
116-01	v02	assets/art/panels/116-01/v02-storyboard-svg.svg	storyboard-svg		1200	800	4486	2026-09-07T16:56:02+00:00	candidate		storyboard
116-01	v03	assets/art/panels/116-01/v03-storyboard-svg.svg	storyboard-svg		1200	800	4832	2026-09-12T21:18:27+00:00	candidate		storyboard
116-01	v04	assets/art/panels/116-01/v04-storyboard-svg.svg	storyboard-svg		1200	800	8948	2026-09-12T23:01:01+00:00	candidate		storyboard
116-01	v05	assets/art/panels/116-01/v05-storyboard-svg.svg	storyboard-svg		1200	800	8993	2026-09-12T23:55:12+00:00	candidate		storyboard
116-01	v06	assets/art/panels/116-01/v06-storyboard-svg.svg	storyboard-svg		1200	800	10112	2026-09-13T00:10:07+00:00	candidate		storyboard
116-01	v07	assets/art/panels/116-01/v07-storyboard-svg.svg	storyboard-svg		1200	800	13305	2026-09-13T00:25:42+00:00	candidate		storyboard
116-01	v08	assets/art/panels/116-01/v08-storyboard-svg.svg	storyboard-svg		1200	800	13511	2026-09-13T01:34:49+00:00	candidate		storyboard
116-02	v01	assets/art/panels/116-02/v01-storyboard-svg.svg	storyboard-svg		1200	800	6512	2026-09-07T16:49:38+00:00	candidate		storyboard
116-02	v02	assets/art/panels/116-02/v02-storyboard-svg.svg	storyboard-svg		1200	800	7459	2026-09-07T16:56:02+00:00	candidate		storyboard
116-02	v03	assets/art/panels/116-02/v03-storyboard-svg.svg	storyboard-svg		1200	800	8006	2026-09-12T21:18:27+00:00	candidate		storyboard
116-02	v04	assets/art/panels/116-02/v04-storyboard-svg.svg	storyboard-svg		1200	800	15902	2026-09-12T23:01:01+00:00	candidate		storyboard
116-02	v05	assets/art/panels/116-02/v05-storyboard-svg.svg	storyboard-svg		1200	800	15947	2026-09-12T23:55:12+00:00	candidate		storyboard
116-02	v06	assets/art/panels/116-02/v06-storyboard-svg.svg	storyboard-svg		1200	800	17066	2026-09-13T00:10:07+00:00	candidate		storyboard
116-02	v07	assets/art/panels/116-02/v07-storyboard-svg.svg	storyboard-svg		1200	800	20259	2026-09-13T00:25:42+00:00	candidate		storyboard
116-02	v08	assets/art/panels/116-02/v08-storyboard-svg.svg	storyboard-svg		1200	800	21595	2026-09-13T01:34:49+00:00	candidate		storyboard
116-03	v01	assets/art/panels/116-03/v01-storyboard-svg.svg	storyboard-svg		1200	800	5059	2026-09-07T16:49:38+00:00	candidate		storyboard
116-03	v02	assets/art/panels/116-03/v02-storyboard-svg.svg	storyboard-svg		1200	800	5456	2026-09-07T16:56:03+00:00	candidate		storyboard
116-03	v03	assets/art/panels/116-03/v03-storyboard-svg.svg	storyboard-svg		1200	800	7959	2026-09-12T21:18:27+00:00	candidate		storyboard
116-03	v04	assets/art/panels/116-03/v04-storyboard-svg.svg	storyboard-svg		1200	800	14945	2026-09-12T23:01:01+00:00	candidate		storyboard
116-03	v05	assets/art/panels/116-03/v05-storyboard-svg.svg	storyboard-svg		1200	800	14990	2026-09-12T23:55:12+00:00	candidate		storyboard
116-03	v06	assets/art/panels/116-03/v06-storyboard-svg.svg	storyboard-svg		1200	800	16109	2026-09-13T00:10:07+00:00	candidate		storyboard
116-03	v07	assets/art/panels/116-03/v07-storyboard-svg.svg	storyboard-svg		1200	800	19302	2026-09-13T00:25:42+00:00	candidate		storyboard
116-03	v08	assets/art/panels/116-03/v08-storyboard-svg.svg	storyboard-svg		1200	800	19874	2026-09-13T01:34:49+00:00	candidate		storyboard
116-04	v01	assets/art/panels/116-04/v01-storyboard-svg.svg	storyboard-svg		1200	800	3633	2026-09-07T16:49:38+00:00	candidate		storyboard
116-04	v02	assets/art/panels/116-04/v02-storyboard-svg.svg	storyboard-svg		1200	800	3899	2026-09-07T16:56:03+00:00	candidate		storyboard
116-04	v03	assets/art/panels/116-04/v03-storyboard-svg.svg	storyboard-svg		1200	800	4264	2026-09-12T21:18:27+00:00	candidate		storyboard
116-04	v04	assets/art/panels/116-04/v04-storyboard-svg.svg	storyboard-svg		1200	800	7800	2026-09-12T23:01:01+00:00	candidate		storyboard
116-04	v05	assets/art/panels/116-04/v05-storyboard-svg.svg	storyboard-svg		1200	800	7845	2026-09-12T23:55:12+00:00	candidate		storyboard
116-04	v06	assets/art/panels/116-04/v06-storyboard-svg.svg	storyboard-svg		1200	800	8964	2026-09-13T00:10:07+00:00	candidate		storyboard
116-04	v07	assets/art/panels/116-04/v07-storyboard-svg.svg	storyboard-svg		1200	800	12157	2026-09-13T00:25:42+00:00	candidate		storyboard
116-04	v08	assets/art/panels/116-04/v08-storyboard-svg.svg	storyboard-svg		1200	800	12522	2026-09-13T01:34:49+00:00	candidate		storyboard
116-05	v01	assets/art/panels/116-05/v01-storyboard-svg.svg	storyboard-svg		1200	800	4611	2026-09-07T16:49:38+00:00	candidate		storyboard
116-05	v02	assets/art/panels/116-05/v02-storyboard-svg.svg	storyboard-svg		1200	800	5027	2026-09-07T16:56:03+00:00	candidate		storyboard
116-05	v03	assets/art/panels/116-05/v03-storyboard-svg.svg	storyboard-svg		1200	800	5467	2026-09-12T21:18:27+00:00	candidate		storyboard
116-05	v04	assets/art/panels/116-05/v04-storyboard-svg.svg	storyboard-svg		1200	800	8012	2026-09-12T23:01:01+00:00	candidate		storyboard
116-05	v05	assets/art/panels/116-05/v05-storyboard-svg.svg	storyboard-svg		1200	800	8057	2026-09-12T23:55:12+00:00	candidate		storyboard
116-05	v06	assets/art/panels/116-05/v06-storyboard-svg.svg	storyboard-svg		1200	800	9176	2026-09-13T00:10:07+00:00	candidate		storyboard
116-05	v07	assets/art/panels/116-05/v07-storyboard-svg.svg	storyboard-svg		1200	800	12369	2026-09-13T00:25:42+00:00	candidate		storyboard
116-05	v08	assets/art/panels/116-05/v08-storyboard-svg.svg	storyboard-svg		1200	800	12941	2026-09-13T01:34:49+00:00	candidate		storyboard
117-01	v01	assets/art/panels/117-01/v01-storyboard-svg.svg	storyboard-svg		1200	800	4032	2026-09-07T16:49:38+00:00	candidate		storyboard
117-01	v02	assets/art/panels/117-01/v02-storyboard-svg.svg	storyboard-svg		1200	800	4278	2026-09-07T16:56:03+00:00	candidate		storyboard
117-01	v03	assets/art/panels/117-01/v03-storyboard-svg.svg	storyboard-svg		1200	800	4777	2026-09-12T21:18:27+00:00	candidate		storyboard
117-01	v04	assets/art/panels/117-01/v04-storyboard-svg.svg	storyboard-svg		1200	800	8551	2026-09-12T23:01:01+00:00	candidate		storyboard
117-01	v05	assets/art/panels/117-01/v05-storyboard-svg.svg	storyboard-svg		1200	800	8596	2026-09-12T23:55:12+00:00	candidate		storyboard
117-01	v06	assets/art/panels/117-01/v06-storyboard-svg.svg	storyboard-svg		1200	800	9715	2026-09-13T00:10:07+00:00	candidate		storyboard
117-01	v07	assets/art/panels/117-01/v07-storyboard-svg.svg	storyboard-svg		1200	800	12908	2026-09-13T00:25:42+00:00	candidate		storyboard
117-01	v08	assets/art/panels/117-01/v08-storyboard-svg.svg	storyboard-svg		1200	800	13297	2026-09-13T01:34:49+00:00	candidate		storyboard
117-02	v01	assets/art/panels/117-02/v01-storyboard-svg.svg	storyboard-svg		1200	800	4050	2026-09-07T16:49:38+00:00	candidate		storyboard
117-02	v02	assets/art/panels/117-02/v02-storyboard-svg.svg	storyboard-svg		1200	800	4296	2026-09-07T16:56:03+00:00	candidate		storyboard
117-02	v03	assets/art/panels/117-02/v03-storyboard-svg.svg	storyboard-svg		1200	800	4803	2026-09-12T21:18:27+00:00	candidate		storyboard
117-02	v04	assets/art/panels/117-02/v04-storyboard-svg.svg	storyboard-svg		1200	800	8577	2026-09-12T23:01:01+00:00	candidate		storyboard
117-02	v05	assets/art/panels/117-02/v05-storyboard-svg.svg	storyboard-svg		1200	800	8622	2026-09-12T23:55:12+00:00	candidate		storyboard
117-02	v06	assets/art/panels/117-02/v06-storyboard-svg.svg	storyboard-svg		1200	800	9741	2026-09-13T00:10:07+00:00	candidate		storyboard
117-02	v07	assets/art/panels/117-02/v07-storyboard-svg.svg	storyboard-svg		1200	800	12934	2026-09-13T00:25:42+00:00	candidate		storyboard
117-02	v08	assets/art/panels/117-02/v08-storyboard-svg.svg	storyboard-svg		1200	800	13325	2026-09-13T01:34:49+00:00	candidate		storyboard
117-03	v01	assets/art/panels/117-03/v01-storyboard-svg.svg	storyboard-svg		1200	800	4107	2026-09-07T16:49:39+00:00	candidate		storyboard
117-03	v02	assets/art/panels/117-03/v02-storyboard-svg.svg	storyboard-svg		1200	800	4189	2026-09-07T17:01:52+00:00	candidate		storyboard
117-03	v03	assets/art/panels/117-03/v03-storyboard-svg.svg	storyboard-svg		1200	800	3861	2026-09-12T21:18:27+00:00	candidate		storyboard
117-03	v04	assets/art/panels/117-03/v04-storyboard-svg.svg	storyboard-svg		1200	800	7131	2026-09-12T23:01:01+00:00	candidate		storyboard
117-03	v05	assets/art/panels/117-03/v05-storyboard-svg.svg	storyboard-svg		1200	800	7176	2026-09-12T23:55:12+00:00	candidate		storyboard
117-03	v06	assets/art/panels/117-03/v06-storyboard-svg.svg	storyboard-svg		1200	800	8295	2026-09-13T00:10:07+00:00	candidate		storyboard
117-03	v07	assets/art/panels/117-03/v07-storyboard-svg.svg	storyboard-svg		1200	800	11488	2026-09-13T00:25:42+00:00	candidate		storyboard
117-03	v08	assets/art/panels/117-03/v08-storyboard-svg.svg	storyboard-svg		1200	800	11627	2026-09-13T01:34:49+00:00	candidate		storyboard
117-04	v01	assets/art/panels/117-04/v01-storyboard-svg.svg	storyboard-svg		1200	800	2919	2026-09-07T16:49:39+00:00	candidate		storyboard
117-04	v02	assets/art/panels/117-04/v02-storyboard-svg.svg	storyboard-svg		1200	800	3195	2026-09-12T21:18:27+00:00	candidate		storyboard
117-04	v03	assets/art/panels/117-04/v03-storyboard-svg.svg	storyboard-svg		1200	800	3497	2026-09-12T23:01:01+00:00	candidate		storyboard
117-04	v04	assets/art/panels/117-04/v04-storyboard-svg.svg	storyboard-svg		1200	800	3542	2026-09-12T23:55:12+00:00	candidate		storyboard
117-04	v05	assets/art/panels/117-04/v05-storyboard-svg.svg	storyboard-svg		1200	800	4661	2026-09-13T00:10:07+00:00	candidate		storyboard
117-04	v06	assets/art/panels/117-04/v06-storyboard-svg.svg	storyboard-svg		1200	800	7854	2026-09-13T00:25:42+00:00	candidate		storyboard
117-04	v07	assets/art/panels/117-04/v07-storyboard-svg.svg	storyboard-svg		1200	800	7879	2026-09-13T01:34:49+00:00	candidate		storyboard
117-05	v01	assets/art/panels/117-05/v01-storyboard-svg.svg	storyboard-svg		1200	800	2051	2026-09-07T16:49:39+00:00	candidate		storyboard
117-05	v02	assets/art/panels/117-05/v02-storyboard-svg.svg	storyboard-svg		1200	800	2354	2026-09-12T21:18:27+00:00	candidate		storyboard
117-05	v03	assets/art/panels/117-05/v03-storyboard-svg.svg	storyboard-svg		1200	800	2356	2026-09-12T23:01:01+00:00	candidate		storyboard
117-05	v04	assets/art/panels/117-05/v04-storyboard-svg.svg	storyboard-svg		1200	800	2401	2026-09-12T23:55:12+00:00	candidate		storyboard
118-01	v01	assets/art/panels/118-01/v01-storyboard-svg.svg	storyboard-svg		1200	800	2424	2026-09-07T16:49:39+00:00	candidate		storyboard
118-01	v02	assets/art/panels/118-01/v02-storyboard-svg.svg	storyboard-svg		1200	800	1900	2026-09-07T16:56:03+00:00	candidate		storyboard
118-01	v03	assets/art/panels/118-01/v03-storyboard-svg.svg	storyboard-svg		1200	800	2215	2026-09-12T21:18:27+00:00	candidate		storyboard
118-01	v04	assets/art/panels/118-01/v04-storyboard-svg.svg	storyboard-svg		1200	800	2260	2026-09-12T23:55:12+00:00	candidate		storyboard
118-01	v05	assets/art/panels/118-01/v05-storyboard-svg.svg	storyboard-svg		1200	800	2283	2026-09-13T01:34:49+00:00	candidate		storyboard
118-02	v01	assets/art/panels/118-02/v01-storyboard-svg.svg	storyboard-svg		1200	800	3196	2026-09-07T16:49:39+00:00	candidate		storyboard
118-02	v02	assets/art/panels/118-02/v02-storyboard-svg.svg	storyboard-svg		1200	800	3147	2026-09-07T16:56:04+00:00	candidate		storyboard
118-02	v03	assets/art/panels/118-02/v03-storyboard-svg.svg	storyboard-svg		1200	800	3264	2026-09-07T17:01:52+00:00	candidate		storyboard
118-02	v04	assets/art/panels/118-02/v04-storyboard-svg.svg	storyboard-svg		1200	800	4829	2026-09-12T21:18:27+00:00	candidate		storyboard
118-02	v05	assets/art/panels/118-02/v05-storyboard-svg.svg	storyboard-svg		1200	800	7495	2026-09-12T23:01:01+00:00	candidate		storyboard
118-02	v06	assets/art/panels/118-02/v06-storyboard-svg.svg	storyboard-svg		1200	800	7540	2026-09-12T23:55:12+00:00	candidate		storyboard
118-03	v01	assets/art/panels/118-03/v01-storyboard-svg.svg	storyboard-svg		1200	800	1707	2026-09-07T16:49:39+00:00	candidate		storyboard
118-03	v02	assets/art/panels/118-03/v02-storyboard-svg.svg	storyboard-svg		1200	800	1736	2026-09-07T16:56:04+00:00	candidate		storyboard
118-03	v03	assets/art/panels/118-03/v03-storyboard-svg.svg	storyboard-svg		1200	800	2055	2026-09-12T21:18:27+00:00	candidate		storyboard
118-03	v04	assets/art/panels/118-03/v04-storyboard-svg.svg	storyboard-svg		1200	800	2101	2026-09-12T23:55:12+00:00	candidate		storyboard
118-03	v05	assets/art/panels/118-03/v05-storyboard-svg.svg	storyboard-svg		1200	800	2126	2026-09-13T01:34:49+00:00	candidate		storyboard
